monthly_coverage,extra_months,fold,cutoff_quarter,forecast_quarter,variable,step_ahead,prediction,model,quarter_end,horizon,actual,error
Cutoff only,0,122,2022 Q2,2022 Q3,exch_rate,1,0.01802073143647294,MF-VAR,2022-09-30,1-step ahead,-0.02673991612199204,0.04476064755846499
Cutoff only,0,122,2022 Q2,2022 Q3,exch_rate,1,0.0360223365434256,MIDAS (trend),2022-09-30,1-step ahead,-0.02673991612199204,0.06276225266541764
Cutoff only,0,122,2022 Q2,2022 Q3,exch_rate,1,0.03847670996660701,MIDAS,2022-09-30,1-step ahead,-0.02673991612199204,0.06521662608859906
Cutoff only,0,122,2022 Q2,2022 Q3,exch_rate,1,0.01612191451755622,MIDAS-Latent (trend),2022-09-30,1-step ahead,-0.02673991612199204,0.04286183063954828
Cutoff only,0,122,2022 Q2,2022 Q3,exch_rate,1,0.03059979400790241,MIDAS-Latent,2022-09-30,1-step ahead,-0.02673991612199204,0.05733971012989446
Cutoff only,0,122,2022 Q2,2022 Q3,exch_rate,1,0.01794364712837148,AR(2),2022-09-30,1-step ahead,-0.02673991612199204,0.04468356325036353
Cutoff only,0,122,2022 Q2,2022 Q4,exch_rate,2,0.00969393059523457,MF-VAR,2022-12-31,Other,-0.01686369046465063,0.02655762105988521
Cutoff only,0,122,2022 Q2,2022 Q4,exch_rate,2,0.02733841554314759,MIDAS (trend),2022-12-31,Other,-0.01686369046465063,0.04420210600779822
Cutoff only,0,122,2022 Q2,2022 Q4,exch_rate,2,0.02948270194195678,MIDAS,2022-12-31,Other,-0.01686369046465063,0.04634639240660741
Cutoff only,0,122,2022 Q2,2022 Q4,exch_rate,2,0.01160296619175938,MIDAS-Latent (trend),2022-12-31,Other,-0.01686369046465063,0.02846665665641001
Cutoff only,0,122,2022 Q2,2022 Q4,exch_rate,2,0.02161938721106699,MIDAS-Latent,2022-12-31,Other,-0.01686369046465063,0.03848307767571762
Cutoff only,0,122,2022 Q2,2022 Q4,exch_rate,2,0.01714007707088672,AR(2),2022-12-31,Other,-0.01686369046465063,0.03400376753553735
Cutoff only,0,122,2022 Q2,2023 Q1,exch_rate,3,-0.00192746929133404,MF-VAR,2023-03-31,Other,-0.00764627711431255,0.0057188078229785
Cutoff only,0,122,2022 Q2,2023 Q1,exch_rate,3,0.03489988603053994,MIDAS (trend),2023-03-31,Other,-0.00764627711431255,0.04254616314485249
Cutoff only,0,122,2022 Q2,2023 Q1,exch_rate,3,0.04062770358552715,MIDAS,2023-03-31,Other,-0.00764627711431255,0.04827398069983971
Cutoff only,0,122,2022 Q2,2023 Q1,exch_rate,3,0.00715073568644944,MIDAS-Latent (trend),2023-03-31,Other,-0.00764627711431255,0.014797012800762
Cutoff only,0,122,2022 Q2,2023 Q1,exch_rate,3,0.02500616952023672,MIDAS-Latent,2023-03-31,Other,-0.00764627711431255,0.03265244663454927
Cutoff only,0,122,2022 Q2,2023 Q1,exch_rate,3,0.01341022426091578,AR(2),2023-03-31,Other,-0.00764627711431255,0.02105650137522834
Cutoff only,0,122,2022 Q2,2023 Q2,exch_rate,4,-0.00589049288555296,MF-VAR,2023-06-30,1-year ahead,-0.02150963188471731,0.01561913899916434
Cutoff only,0,122,2022 Q2,2023 Q2,exch_rate,4,0.02662532522080138,MIDAS (trend),2023-06-30,1-year ahead,-0.02150963188471731,0.0481349571055187
Cutoff only,0,122,2022 Q2,2023 Q2,exch_rate,4,0.03177508243889676,MIDAS,2023-06-30,1-year ahead,-0.02150963188471731,0.05328471432361408
Cutoff only,0,122,2022 Q2,2023 Q2,exch_rate,4,0.00246910159999365,MIDAS-Latent (trend),2023-06-30,1-year ahead,-0.02150963188471731,0.02397873348471097
Cutoff only,0,122,2022 Q2,2023 Q2,exch_rate,4,0.01618030295821506,MIDAS-Latent,2023-06-30,1-year ahead,-0.02150963188471731,0.03768993484293238
Cutoff only,0,122,2022 Q2,2023 Q2,exch_rate,4,0.01269023892425916,AR(2),2023-06-30,1-year ahead,-0.02150963188471731,0.03419987080897647
Cutoff only,0,122,2022 Q2,2022 Q3,gdp_growth,1,5.705343758636391,MF-VAR,2022-09-30,1-step ahead,-1.4984497864681146,7.203793545104506
Cutoff only,0,122,2022 Q2,2022 Q3,gdp_growth,1,2.504742845072874,MIDAS (trend),2022-09-30,1-step ahead,-1.4984497864681146,4.003192631540989
Cutoff only,0,122,2022 Q2,2022 Q3,gdp_growth,1,2.771080716180286,MIDAS,2022-09-30,1-step ahead,-1.4984497864681146,4.269530502648401
Cutoff only,0,122,2022 Q2,2022 Q3,gdp_growth,1,6.697894185117391,MIDAS-Latent (trend),2022-09-30,1-step ahead,-1.4984497864681146,8.196343971585506
Cutoff only,0,122,2022 Q2,2022 Q3,gdp_growth,1,6.777435753023356,MIDAS-Latent,2022-09-30,1-step ahead,-1.4984497864681146,8.27588553949147
Cutoff only,0,122,2022 Q2,2022 Q3,gdp_growth,1,2.3006805969450115,AR(2),2022-09-30,1-step ahead,-1.4984497864681146,3.799130383413126
Cutoff only,0,122,2022 Q2,2022 Q4,gdp_growth,2,-3.107556719759073,MF-VAR,2022-12-31,Other,-0.00329960589198208,-3.104257113867091
Cutoff only,0,122,2022 Q2,2022 Q4,gdp_growth,2,2.553948830236178,MIDAS (trend),2022-12-31,Other,-0.00329960589198208,2.55724843612816
Cutoff only,0,122,2022 Q2,2022 Q4,gdp_growth,2,2.822316766959319,MIDAS,2022-12-31,Other,-0.00329960589198208,2.8256163728513015
Cutoff only,0,122,2022 Q2,2022 Q4,gdp_growth,2,6.865404091856279,MIDAS-Latent (trend),2022-12-31,Other,-0.00329960589198208,6.868703697748261
Cutoff only,0,122,2022 Q2,2022 Q4,gdp_growth,2,6.9457730659078205,MIDAS-Latent,2022-12-31,Other,-0.00329960589198208,6.949072671799803
Cutoff only,0,122,2022 Q2,2022 Q4,gdp_growth,2,1.4011179223045118,AR(2),2022-12-31,Other,-0.00329960589198208,1.404417528196494
Cutoff only,0,122,2022 Q2,2023 Q1,gdp_growth,3,2.299985425964411,MF-VAR,2023-03-31,Other,-1.4211511197238735,3.721136545688284
Cutoff only,0,122,2022 Q2,2023 Q1,gdp_growth,3,2.484519768765709,MIDAS (trend),2023-03-31,Other,-1.4211511197238735,3.9056708884895825
Cutoff only,0,122,2022 Q2,2023 Q1,gdp_growth,3,2.768320284563675,MIDAS,2023-03-31,Other,-1.4211511197238735,4.1894714042875485
Cutoff only,0,122,2022 Q2,2023 Q1,gdp_growth,3,7.074892787165346,MIDAS-Latent (trend),2023-03-31,Other,-1.4211511197238735,8.49604390688922
Cutoff only,0,122,2022 Q2,2023 Q1,gdp_growth,3,7.163797006537475,MIDAS-Latent,2023-03-31,Other,-1.4211511197238735,8.584948126261349
Cutoff only,0,122,2022 Q2,2023 Q1,gdp_growth,3,1.4531080628906867,AR(2),2023-03-31,Other,-1.4211511197238735,2.8742591826145603
Cutoff only,0,122,2022 Q2,2023 Q2,gdp_growth,4,-3.205307923366993,MF-VAR,2023-06-30,1-year ahead,-1.9508697250607552,-1.2544381983062372
Cutoff only,0,122,2022 Q2,2023 Q2,gdp_growth,4,2.4815943781454832,MIDAS (trend),2023-06-30,1-year ahead,-1.9508697250607552,4.432464103206239
Cutoff only,0,122,2022 Q2,2023 Q2,gdp_growth,4,2.76985947330037,MIDAS,2023-06-30,1-year ahead,-1.9508697250607552,4.720729198361125
Cutoff only,0,122,2022 Q2,2023 Q2,gdp_growth,4,7.090079932482627,MIDAS-Latent (trend),2023-06-30,1-year ahead,-1.9508697250607552,9.040949657543385
Cutoff only,0,122,2022 Q2,2023 Q2,gdp_growth,4,7.1804120454467295,MIDAS-Latent,2023-06-30,1-year ahead,-1.9508697250607552,9.131281770507483
Cutoff only,0,122,2022 Q2,2023 Q2,gdp_growth,4,1.4860590564519338,AR(2),2023-06-30,1-year ahead,-1.9508697250607552,3.436928781512689
Cutoff only,0,122,2022 Q2,2022 Q3,inflation,1,4.449826399256456,MF-VAR,2022-09-30,1-step ahead,3.320870259523545,1.128956139732911
Cutoff only,0,122,2022 Q2,2022 Q3,inflation,1,0.885963304167362,MIDAS (trend),2022-09-30,1-step ahead,3.320870259523545,-2.4349069553561833
Cutoff only,0,122,2022 Q2,2022 Q3,inflation,1,1.3550760565260034,MIDAS,2022-09-30,1-step ahead,3.320870259523545,-1.9657942029975417
Cutoff only,0,122,2022 Q2,2022 Q3,inflation,1,2.8149929695722467,MIDAS-Latent (trend),2022-09-30,1-step ahead,3.320870259523545,-0.5058772899512984
Cutoff only,0,122,2022 Q2,2022 Q3,inflation,1,3.180361236548379,MIDAS-Latent,2022-09-30,1-step ahead,3.320870259523545,-0.140509022975166
Cutoff only,0,122,2022 Q2,2022 Q3,inflation,1,2.309332250415841,AR(2),2022-09-30,1-step ahead,3.320870259523545,-1.0115380091077042
Cutoff only,0,122,2022 Q2,2022 Q4,inflation,2,1.7472869093745969,MF-VAR,2022-12-31,Other,1.4337160386958203,0.31357087067877654
Cutoff only,0,122,2022 Q2,2022 Q4,inflation,2,1.5613152745872916,MIDAS (trend),2022-12-31,Other,1.4337160386958203,0.12759923589147126
Cutoff only,0,122,2022 Q2,2022 Q4,inflation,2,2.158418109775046,MIDAS,2022-12-31,Other,1.4337160386958203,0.7247020710792258
Cutoff only,0,122,2022 Q2,2022 Q4,inflation,2,2.8832385163975145,MIDAS-Latent (trend),2022-12-31,Other,1.4337160386958203,1.4495224777016942
Cutoff only,0,122,2022 Q2,2022 Q4,inflation,2,3.358740514517938,MIDAS-Latent,2022-12-31,Other,1.4337160386958203,1.9250244758221176
Cutoff only,0,122,2022 Q2,2022 Q4,inflation,2,1.5185450588592335,AR(2),2022-12-31,Other,1.4337160386958203,0.0848290201634132
Cutoff only,0,122,2022 Q2,2023 Q1,inflation,3,0.8040585846603104,MF-VAR,2023-03-31,Other,3.17581391503019,-2.3717553303698797
Cutoff only,0,122,2022 Q2,2023 Q1,inflation,3,0.35941470392359215,MIDAS (trend),2023-03-31,Other,3.17581391503019,-2.816399211106598
Cutoff only,0,122,2022 Q2,2023 Q1,inflation,3,0.9302066798474168,MIDAS,2023-03-31,Other,3.17581391503019,-2.2456072351827734
Cutoff only,0,122,2022 Q2,2023 Q1,inflation,3,2.818008546212269,MIDAS-Latent (trend),2023-03-31,Other,3.17581391503019,-0.357805368817921
Cutoff only,0,122,2022 Q2,2023 Q1,inflation,3,3.2434668775827733,MIDAS-Latent,2023-03-31,Other,3.17581391503019,0.06765296255258324
Cutoff only,0,122,2022 Q2,2023 Q1,inflation,3,0.9973676589704724,AR(2),2023-03-31,Other,3.17581391503019,-2.1784462560597175
Cutoff only,0,122,2022 Q2,2023 Q2,inflation,4,-0.15058413210278693,MF-VAR,2023-06-30,1-year ahead,0.5501119867577842,-0.7006961188605711
Cutoff only,0,122,2022 Q2,2023 Q2,inflation,4,0.5760192003823267,MIDAS (trend),2023-06-30,1-year ahead,0.5501119867577842,0.02590721362454251
Cutoff only,0,122,2022 Q2,2023 Q2,inflation,4,1.242281398507294,MIDAS,2023-06-30,1-year ahead,0.5501119867577842,0.6921694117495099
Cutoff only,0,122,2022 Q2,2023 Q2,inflation,4,2.8154492953532646,MIDAS-Latent (trend),2023-06-30,1-year ahead,0.5501119867577842,2.2653373085954804
Cutoff only,0,122,2022 Q2,2023 Q2,inflation,4,3.2588536094995377,MIDAS-Latent,2023-06-30,1-year ahead,0.5501119867577842,2.7087416227417536
Cutoff only,0,122,2022 Q2,2023 Q2,inflation,4,0.6988475954173927,AR(2),2023-06-30,1-year ahead,0.5501119867577842,0.14873560865960855
Cutoff only,0,123,2022 Q3,2022 Q4,exch_rate,1,-0.02886681901298492,MF-VAR,2022-12-31,1-step ahead,-0.01686369046465063,-0.01200312854833429
Cutoff only,0,123,2022 Q3,2022 Q4,exch_rate,1,0.02027758073568069,MIDAS (trend),2022-12-31,1-step ahead,-0.01686369046465063,0.03714127120033132
Cutoff only,0,123,2022 Q3,2022 Q4,exch_rate,1,0.0219552593561857,MIDAS,2022-12-31,1-step ahead,-0.01686369046465063,0.03881894982083633
Cutoff only,0,123,2022 Q3,2022 Q4,exch_rate,1,-0.02202562739925853,MIDAS-Latent (trend),2022-12-31,1-step ahead,-0.01686369046465063,-0.0051619369346079
Cutoff only,0,123,2022 Q3,2022 Q4,exch_rate,1,0.01983454200526005,MIDAS-Latent,2022-12-31,1-step ahead,-0.01686369046465063,0.03669823246991068
Cutoff only,0,123,2022 Q3,2022 Q4,exch_rate,1,-0.03151574313276253,AR(2),2022-12-31,1-step ahead,-0.01686369046465063,-0.01465205266811189
Cutoff only,0,123,2022 Q3,2023 Q1,exch_rate,2,-0.04033020292557576,MF-VAR,2023-03-31,Other,-0.00764627711431255,-0.0326839258112632
Cutoff only,0,123,2022 Q3,2023 Q1,exch_rate,2,-0.02896613806568648,MIDAS (trend),2023-03-31,Other,-0.00764627711431255,-0.02131986095137392
Cutoff only,0,123,2022 Q3,2023 Q1,exch_rate,2,-0.03130785135379581,MIDAS,2023-03-31,Other,-0.00764627711431255,-0.02366157423948325
Cutoff only,0,123,2022 Q3,2023 Q1,exch_rate,2,-0.02504443604078231,MIDAS-Latent (trend),2023-03-31,Other,-0.00764627711431255,-0.01739815892646976
Cutoff only,0,123,2022 Q3,2023 Q1,exch_rate,2,-0.03310886860233059,MIDAS-Latent,2023-03-31,Other,-0.00764627711431255,-0.02546259148801803
Cutoff only,0,123,2022 Q3,2023 Q1,exch_rate,2,-0.03296813704854884,AR(2),2023-03-31,Other,-0.00764627711431255,-0.02532185993423628
Cutoff only,0,123,2022 Q3,2023 Q2,exch_rate,3,-0.03924845410429481,MF-VAR,2023-06-30,Other,-0.02150963188471731,-0.01773882221957749
Cutoff only,0,123,2022 Q3,2023 Q2,exch_rate,3,0.01316458416007852,MIDAS (trend),2023-06-30,Other,-0.02150963188471731,0.03467421604479583
Cutoff only,0,123,2022 Q3,2023 Q2,exch_rate,3,0.01681762725680806,MIDAS,2023-06-30,Other,-0.02150963188471731,0.03832725914152538
Cutoff only,0,123,2022 Q3,2023 Q2,exch_rate,3,-0.0300375118043478,MIDAS-Latent (trend),2023-06-30,Other,-0.02150963188471731,-0.00852787991963049
Cutoff only,0,123,2022 Q3,2023 Q2,exch_rate,3,0.01264442107443498,MIDAS-Latent,2023-06-30,Other,-0.02150963188471731,0.0341540529591523
Cutoff only,0,123,2022 Q3,2023 Q2,exch_rate,3,-0.03062764276325851,AR(2),2023-06-30,Other,-0.02150963188471731,-0.0091180108785412
Cutoff only,0,123,2022 Q3,2023 Q3,exch_rate,4,-0.03686025152396249,MF-VAR,2023-09-30,1-year ahead,-0.03937898253147601,0.00251873100751351
Cutoff only,0,123,2022 Q3,2023 Q3,exch_rate,4,-0.03186867084084899,MIDAS (trend),2023-09-30,1-year ahead,-0.03937898253147601,0.00751031169062701
Cutoff only,0,123,2022 Q3,2023 Q3,exch_rate,4,-0.03582234518473624,MIDAS,2023-09-30,1-year ahead,-0.03937898253147601,0.00355663734673976
Cutoff only,0,123,2022 Q3,2023 Q3,exch_rate,4,-0.0347700903283629,MIDAS-Latent (trend),2023-09-30,1-year ahead,-0.03937898253147601,0.0046088922031131
Cutoff only,0,123,2022 Q3,2023 Q3,exch_rate,4,-0.03936552814250839,MIDAS-Latent,2023-09-30,1-year ahead,-0.03937898253147601,1.345438896761808e-5
Cutoff only,0,123,2022 Q3,2023 Q3,exch_rate,4,-0.03537571190593926,AR(2),2023-09-30,1-year ahead,-0.03937898253147601,0.00400327062553675
Cutoff only,0,123,2022 Q3,2022 Q4,gdp_growth,1,-2.554247568614905,MF-VAR,2022-12-31,1-step ahead,-0.00329960589198208,-2.550947962722923
Cutoff only,0,123,2022 Q3,2022 Q4,gdp_growth,1,2.0122862022136734,MIDAS (trend),2022-12-31,1-step ahead,-0.00329960589198208,2.0155858081056555
Cutoff only,0,123,2022 Q3,2022 Q4,gdp_growth,1,2.3085149429064167,MIDAS,2022-12-31,1-step ahead,-0.00329960589198208,2.3118145487983988
Cutoff only,0,123,2022 Q3,2022 Q4,gdp_growth,1,-2.86180148720911,MIDAS-Latent (trend),2022-12-31,1-step ahead,-0.00329960589198208,-2.858501881317128
Cutoff only,0,123,2022 Q3,2022 Q4,gdp_growth,1,-2.804095467873318,MIDAS-Latent,2022-12-31,1-step ahead,-0.00329960589198208,-2.800795861981336
Cutoff only,0,123,2022 Q3,2022 Q4,gdp_growth,1,1.6636455854759182,AR(2),2022-12-31,1-step ahead,-0.00329960589198208,1.6669451913679003
Cutoff only,0,123,2022 Q3,2023 Q1,gdp_growth,2,6.896287045623008,MF-VAR,2023-03-31,Other,-1.4211511197238735,8.317438165346882
Cutoff only,0,123,2022 Q3,2023 Q1,gdp_growth,2,1.815966060342703,MIDAS (trend),2023-03-31,Other,-1.4211511197238735,3.2371171800665763
Cutoff only,0,123,2022 Q3,2023 Q1,gdp_growth,2,2.126984678656753,MIDAS,2023-03-31,Other,-1.4211511197238735,3.5481357983806263
Cutoff only,0,123,2022 Q3,2023 Q1,gdp_growth,2,-3.450632388645,MIDAS-Latent (trend),2023-03-31,Other,-1.4211511197238735,-2.0294812689211263
Cutoff only,0,123,2022 Q3,2023 Q1,gdp_growth,2,-3.3905826579881886,MIDAS-Latent,2023-03-31,Other,-1.4211511197238735,-1.969431538264315
Cutoff only,0,123,2022 Q3,2023 Q1,gdp_growth,2,1.6403674336707763,AR(2),2023-03-31,Other,-1.4211511197238735,3.06151855339465
Cutoff only,0,123,2022 Q3,2023 Q2,gdp_growth,3,-2.9397838608195,MF-VAR,2023-06-30,Other,-1.9508697250607552,-0.9889141357587444
Cutoff only,0,123,2022 Q3,2023 Q2,gdp_growth,3,1.921711277496889,MIDAS (trend),2023-06-30,Other,-1.9508697250607552,3.872581002557644
Cutoff only,0,123,2022 Q3,2023 Q2,gdp_growth,3,2.240893547504061,MIDAS,2023-06-30,Other,-1.9508697250607552,4.191763272564817
Cutoff only,0,123,2022 Q3,2023 Q2,gdp_growth,3,-3.5836613536624866,MIDAS-Latent (trend),2023-06-30,Other,-1.9508697250607552,-1.6327916286017312
Cutoff only,0,123,2022 Q3,2023 Q2,gdp_growth,3,-3.516798396730075,MIDAS-Latent,2023-06-30,Other,-1.9508697250607552,-1.5659286716693197
Cutoff only,0,123,2022 Q3,2023 Q2,gdp_growth,3,1.4154921850856148,AR(2),2023-06-30,Other,-1.9508697250607552,3.36636191014637
Cutoff only,0,123,2022 Q3,2023 Q3,gdp_growth,4,4.869341862990754,MF-VAR,2023-09-30,1-year ahead,0.28204712749158034,4.5872947354991735
Cutoff only,0,123,2022 Q3,2023 Q3,gdp_growth,4,1.9105416841774232,MIDAS (trend),2023-09-30,1-year ahead,0.28204712749158034,1.628494556685843
Cutoff only,0,123,2022 Q3,2023 Q3,gdp_growth,4,2.2354619481769955,MIDAS,2023-09-30,1-year ahead,0.28204712749158034,1.9534148206854152
Cutoff only,0,123,2022 Q3,2023 Q3,gdp_growth,4,-3.641635409100649,MIDAS-Latent (trend),2023-09-30,1-year ahead,0.28204712749158034,-3.923682536592229
Cutoff only,0,123,2022 Q3,2023 Q3,gdp_growth,4,-3.573493651053081,MIDAS-Latent,2023-09-30,1-year ahead,0.28204712749158034,-3.855540778544661
Cutoff only,0,123,2022 Q3,2023 Q3,gdp_growth,4,2.56723074725958,AR(2),2023-09-30,1-year ahead,0.28204712749158034,2.2851836197679996
Cutoff only,0,123,2022 Q3,2022 Q4,inflation,1,3.347124152798333,MF-VAR,2022-12-31,1-step ahead,1.4337160386958203,1.9134081141025128
Cutoff only,0,123,2022 Q3,2022 Q4,inflation,1,1.8180661552361723,MIDAS (trend),2022-12-31,1-step ahead,1.4337160386958203,0.384350116540352
Cutoff only,0,123,2022 Q3,2022 Q4,inflation,1,2.2496859012183057,MIDAS,2022-12-31,1-step ahead,1.4337160386958203,0.8159698625224854
Cutoff only,0,123,2022 Q3,2022 Q4,inflation,1,2.710489664936062,MIDAS-Latent (trend),2022-12-31,1-step ahead,1.4337160386958203,1.2767736262402418
Cutoff only,0,123,2022 Q3,2022 Q4,inflation,1,3.1017543628128057,MIDAS-Latent,2022-12-31,1-step ahead,1.4337160386958203,1.6680383241169854
Cutoff only,0,123,2022 Q3,2022 Q4,inflation,1,2.034486050019379,AR(2),2022-12-31,1-step ahead,1.4337160386958203,0.6007700113235588
Cutoff only,0,123,2022 Q3,2023 Q1,inflation,2,1.5503498053229257,MF-VAR,2023-03-31,Other,3.17581391503019,-1.6254641097072644
Cutoff only,0,123,2022 Q3,2023 Q1,inflation,2,1.381773463729164,MIDAS (trend),2023-03-31,Other,3.17581391503019,-1.7940404513010262
Cutoff only,0,123,2022 Q3,2023 Q1,inflation,2,1.767297085282595,MIDAS,2023-03-31,Other,3.17581391503019,-1.4085168297475947
Cutoff only,0,123,2022 Q3,2023 Q1,inflation,2,2.6696217687663286,MIDAS-Latent (trend),2023-03-31,Other,3.17581391503019,-0.5061921462638614
Cutoff only,0,123,2022 Q3,2023 Q1,inflation,2,3.0135651456848045,MIDAS-Latent,2023-03-31,Other,3.17581391503019,-0.16224876934538557
Cutoff only,0,123,2022 Q3,2023 Q1,inflation,2,1.3278439681389915,AR(2),2023-03-31,Other,3.17581391503019,-1.8479699468911983
Cutoff only,0,123,2022 Q3,2023 Q2,inflation,3,-0.13496968376088186,MF-VAR,2023-06-30,Other,0.5501119867577842,-0.685081670518666
Cutoff only,0,123,2022 Q3,2023 Q2,inflation,3,0.8346369410136432,MIDAS (trend),2023-06-30,Other,0.5501119867577842,0.284524954255859
Cutoff only,0,123,2022 Q3,2023 Q2,inflation,3,1.335202012598426,MIDAS,2023-06-30,Other,0.5501119867577842,0.7850900258406417
Cutoff only,0,123,2022 Q3,2023 Q2,inflation,3,2.6466768252987083,MIDAS-Latent (trend),2023-06-30,Other,0.5501119867577842,2.096564838540924
Cutoff only,0,123,2022 Q3,2023 Q2,inflation,3,2.9974064152818736,MIDAS-Latent,2023-06-30,Other,0.5501119867577842,2.4472944285240894
Cutoff only,0,123,2022 Q3,2023 Q2,inflation,3,0.905959134737612,AR(2),2023-06-30,Other,0.5501119867577842,0.35584714797982775
Cutoff only,0,123,2022 Q3,2023 Q3,inflation,4,0.0058238323192731,MF-VAR,2023-09-30,1-year ahead,1.2606093578710895,-1.2547855255518163
Cutoff only,0,123,2022 Q3,2023 Q3,inflation,4,0.6726458483893604,MIDAS (trend),2023-09-30,1-year ahead,1.2606093578710895,-0.5879635094817294
Cutoff only,0,123,2022 Q3,2023 Q3,inflation,4,1.1406156849810694,MIDAS,2023-09-30,1-year ahead,1.2606093578710895,-0.1199936728900204
Cutoff only,0,123,2022 Q3,2023 Q3,inflation,4,2.641165907166828,MIDAS-Latent (trend),2023-09-30,1-year ahead,1.2606093578710895,1.380556549295738
Cutoff only,0,123,2022 Q3,2023 Q3,inflation,4,2.990902889953914,MIDAS-Latent,2023-09-30,1-year ahead,1.2606093578710895,1.730293532082824
Cutoff only,0,123,2022 Q3,2023 Q3,inflation,4,0.5899286742213115,AR(2),2023-09-30,1-year ahead,1.2606093578710895,-0.6706806836497783
Cutoff only,0,124,2022 Q4,2023 Q1,exch_rate,1,-0.02212607121600881,MF-VAR,2023-03-31,1-step ahead,-0.00764627711431255,-0.01447979410169626
Cutoff only,0,124,2022 Q4,2023 Q1,exch_rate,1,-0.03202917750827725,MIDAS (trend),2023-03-31,1-step ahead,-0.00764627711431255,-0.0243829003939647
Cutoff only,0,124,2022 Q4,2023 Q1,exch_rate,1,-0.03461093229015069,MIDAS,2023-03-31,1-step ahead,-0.00764627711431255,-0.02696465517583814
Cutoff only,0,124,2022 Q4,2023 Q1,exch_rate,1,-0.02768581919450577,MIDAS-Latent (trend),2023-03-31,1-step ahead,-0.00764627711431255,-0.02003954208019321
Cutoff only,0,124,2022 Q4,2023 Q1,exch_rate,1,-0.03509469283789444,MIDAS-Latent,2023-03-31,1-step ahead,-0.00764627711431255,-0.02744841572358188
Cutoff only,0,124,2022 Q4,2023 Q1,exch_rate,1,-0.01634603011376184,AR(2),2023-03-31,1-step ahead,-0.00764627711431255,-0.00869975299944929
Cutoff only,0,124,2022 Q4,2023 Q2,exch_rate,2,-0.00202249519340156,MF-VAR,2023-06-30,Other,-0.02150963188471731,0.01948713669131574
Cutoff only,0,124,2022 Q4,2023 Q2,exch_rate,2,-0.02351381874021088,MIDAS (trend),2023-06-30,Other,-0.02150963188471731,-0.00200418685549357
Cutoff only,0,124,2022 Q4,2023 Q2,exch_rate,2,-0.02481090551547541,MIDAS,2023-06-30,Other,-0.02150963188471731,-0.00330127363075809
Cutoff only,0,124,2022 Q4,2023 Q2,exch_rate,2,-0.03283671338687438,MIDAS-Latent (trend),2023-06-30,Other,-0.02150963188471731,-0.01132708150215706
Cutoff only,0,124,2022 Q4,2023 Q2,exch_rate,2,-0.02535524191552828,MIDAS-Latent,2023-06-30,Other,-0.02150963188471731,-0.00384561003081096
Cutoff only,0,124,2022 Q4,2023 Q2,exch_rate,2,-0.01438077755920957,AR(2),2023-06-30,Other,-0.02150963188471731,0.00712885432550774
Cutoff only,0,124,2022 Q4,2023 Q3,exch_rate,3,0.00710414705555518,MF-VAR,2023-09-30,Other,-0.03937898253147601,0.04648312958703119
Cutoff only,0,124,2022 Q4,2023 Q3,exch_rate,3,-0.03773299619411314,MIDAS (trend),2023-09-30,Other,-0.03937898253147601,0.00164598633736286
Cutoff only,0,124,2022 Q4,2023 Q3,exch_rate,3,-0.04242122053873056,MIDAS,2023-09-30,Other,-0.03937898253147601,-0.00304223800725455
Cutoff only,0,124,2022 Q4,2023 Q3,exch_rate,3,-0.03731001231273056,MIDAS-Latent (trend),2023-09-30,Other,-0.03937898253147601,0.00206897021874544
Cutoff only,0,124,2022 Q4,2023 Q3,exch_rate,3,-0.04333376519357438,MIDAS-Latent,2023-09-30,Other,-0.03937898253147601,-0.00395478266209837
Cutoff only,0,124,2022 Q4,2023 Q3,exch_rate,3,-0.01992059399203452,AR(2),2023-09-30,Other,-0.03937898253147601,0.01945838853944148
Cutoff only,0,124,2022 Q4,2023 Q4,exch_rate,4,0.02283479289292763,MF-VAR,2023-12-31,1-year ahead,-0.04688081588673817,0.06971560877966582
Cutoff only,0,124,2022 Q4,2023 Q4,exch_rate,4,-0.03045312311174851,MIDAS (trend),2023-12-31,1-year ahead,-0.04688081588673817,0.01642769277498966
Cutoff only,0,124,2022 Q4,2023 Q4,exch_rate,4,-0.03269680474300992,MIDAS,2023-12-31,1-year ahead,-0.04688081588673817,0.01418401114372825
Cutoff only,0,124,2022 Q4,2023 Q4,exch_rate,4,-0.04196896859114708,MIDAS-Latent (trend),2023-12-31,1-year ahead,-0.04688081588673817,0.00491184729559109
Cutoff only,0,124,2022 Q4,2023 Q4,exch_rate,4,-0.03372919482830861,MIDAS-Latent,2023-12-31,1-year ahead,-0.04688081588673817,0.01315162105842956
Cutoff only,0,124,2022 Q4,2023 Q4,exch_rate,4,-0.01879073239411212,AR(2),2023-12-31,1-year ahead,-0.04688081588673817,0.02809008349262605
Cutoff only,0,124,2022 Q4,2023 Q1,gdp_growth,1,-0.150402474436233,MF-VAR,2023-03-31,1-step ahead,-1.4211511197238735,1.2707486452876404
Cutoff only,0,124,2022 Q4,2023 Q1,gdp_growth,1,1.605498167646841,MIDAS (trend),2023-03-31,1-step ahead,-1.4211511197238735,3.0266492873707147
Cutoff only,0,124,2022 Q4,2023 Q1,gdp_growth,1,1.9904795159842037,MIDAS,2023-03-31,1-step ahead,-1.4211511197238735,3.411630635708077
Cutoff only,0,124,2022 Q4,2023 Q1,gdp_growth,1,2.202394209289304,MIDAS-Latent (trend),2023-03-31,1-step ahead,-1.4211511197238735,3.6235453290131776
Cutoff only,0,124,2022 Q4,2023 Q1,gdp_growth,1,2.226706154944094,MIDAS-Latent,2023-03-31,1-step ahead,-1.4211511197238735,3.647857274667968
Cutoff only,0,124,2022 Q4,2023 Q1,gdp_growth,1,1.7626944432826557,AR(2),2023-03-31,1-step ahead,-1.4211511197238735,3.183845563006529
Cutoff only,0,124,2022 Q4,2023 Q2,gdp_growth,2,4.1408335674524075,MF-VAR,2023-06-30,Other,-1.9508697250607552,6.091703292513163
Cutoff only,0,124,2022 Q4,2023 Q2,gdp_growth,2,1.6415708905456037,MIDAS (trend),2023-06-30,Other,-1.9508697250607552,3.592440615606358
Cutoff only,0,124,2022 Q4,2023 Q2,gdp_growth,2,2.0290038497638587,MIDAS,2023-06-30,Other,-1.9508697250607552,3.979873574824614
Cutoff only,0,124,2022 Q4,2023 Q2,gdp_growth,2,2.3334408281416588,MIDAS-Latent (trend),2023-06-30,Other,-1.9508697250607552,4.284310553202414
Cutoff only,0,124,2022 Q4,2023 Q2,gdp_growth,2,2.3579813349036867,MIDAS-Latent,2023-06-30,Other,-1.9508697250607552,4.308851059964442
Cutoff only,0,124,2022 Q4,2023 Q2,gdp_growth,2,1.5021958026339806,AR(2),2023-06-30,Other,-1.9508697250607552,3.453065527694736
Cutoff only,0,124,2022 Q4,2023 Q3,gdp_growth,3,1.7278652120328628,MF-VAR,2023-09-30,Other,0.28204712749158034,1.4458180845412825
Cutoff only,0,124,2022 Q4,2023 Q3,gdp_growth,3,1.6808563339421154,MIDAS (trend),2023-09-30,Other,0.28204712749158034,1.398809206450535
Cutoff only,0,124,2022 Q4,2023 Q3,gdp_growth,3,2.080375954969015,MIDAS,2023-09-30,Other,0.28204712749158034,1.7983288274774347
Cutoff only,0,124,2022 Q4,2023 Q3,gdp_growth,3,2.526951956394619,MIDAS-Latent (trend),2023-09-30,Other,0.28204712749158034,2.244904828903039
Cutoff only,0,124,2022 Q4,2023 Q3,gdp_growth,3,2.5537773234055767,MIDAS-Latent,2023-09-30,Other,0.28204712749158034,2.2717301959139964
Cutoff only,0,124,2022 Q4,2023 Q3,gdp_growth,3,2.5376280020022772,AR(2),2023-09-30,Other,0.28204712749158034,2.255580874510697
Cutoff only,0,124,2022 Q4,2023 Q4,gdp_growth,4,2.7624993938352156,MF-VAR,2023-12-31,1-year ahead,0.930949540396142,1.8315498534390735
Cutoff only,0,124,2022 Q4,2023 Q4,gdp_growth,4,1.6756821818839798,MIDAS (trend),2023-12-31,1-year ahead,0.930949540396142,0.7447326414878377
Cutoff only,0,124,2022 Q4,2023 Q4,gdp_growth,4,2.0813685805342907,MIDAS,2023-12-31,1-year ahead,0.930949540396142,1.1504190401381489
Cutoff only,0,124,2022 Q4,2023 Q4,gdp_growth,4,2.5380790437715515,MIDAS-Latent (trend),2023-12-31,1-year ahead,0.930949540396142,1.6071295033754094
Cutoff only,0,124,2022 Q4,2023 Q4,gdp_growth,4,2.56530337148911,MIDAS-Latent,2023-12-31,1-year ahead,0.930949540396142,1.6343538310929675
Cutoff only,0,124,2022 Q4,2023 Q4,gdp_growth,4,1.5107846541180232,AR(2),2023-12-31,1-year ahead,0.930949540396142,0.5798351137218811
Cutoff only,0,124,2022 Q4,2023 Q1,inflation,1,1.4429209094069912,MF-VAR,2023-03-31,1-step ahead,3.17581391503019,-1.7328930056231988
Cutoff only,0,124,2022 Q4,2023 Q1,inflation,1,1.3464005649661224,MIDAS (trend),2023-03-31,1-step ahead,3.17581391503019,-1.8294133500640677
Cutoff only,0,124,2022 Q4,2023 Q1,inflation,1,1.728031067157748,MIDAS,2023-03-31,1-step ahead,3.17581391503019,-1.4477828478724422
Cutoff only,0,124,2022 Q4,2023 Q1,inflation,1,1.5165589651037712,MIDAS-Latent (trend),2023-03-31,1-step ahead,3.17581391503019,-1.6592549499264189
Cutoff only,0,124,2022 Q4,2023 Q1,inflation,1,1.9086410634687936,MIDAS-Latent,2023-03-31,1-step ahead,3.17581391503019,-1.2671728515613967
Cutoff only,0,124,2022 Q4,2023 Q1,inflation,1,1.0683873024854933,AR(2),2023-03-31,1-step ahead,3.17581391503019,-2.107426612544697
Cutoff only,0,124,2022 Q4,2023 Q2,inflation,2,0.5418363523165137,MF-VAR,2023-06-30,Other,0.5501119867577842,-0.00827563444127044
Cutoff only,0,124,2022 Q4,2023 Q2,inflation,2,0.6779104384201656,MIDAS (trend),2023-06-30,Other,0.5501119867577842,0.12779845166238146
Cutoff only,0,124,2022 Q4,2023 Q2,inflation,2,0.995435478068834,MIDAS,2023-06-30,Other,0.5501119867577842,0.44532349131105
Cutoff only,0,124,2022 Q4,2023 Q2,inflation,2,1.482529350250342,MIDAS-Latent (trend),2023-06-30,Other,0.5501119867577842,0.932417363492558
Cutoff only,0,124,2022 Q4,2023 Q2,inflation,2,1.7952737210059946,MIDAS-Latent,2023-06-30,Other,0.5501119867577842,1.2451617342482104
Cutoff only,0,124,2022 Q4,2023 Q2,inflation,2,0.7664957370947214,AR(2),2023-06-30,Other,0.5501119867577842,0.21638375033693724
Cutoff only,0,124,2022 Q4,2023 Q3,inflation,3,-0.261225157043259,MF-VAR,2023-09-30,Other,1.2606093578710895,-1.5218345149143486
Cutoff only,0,124,2022 Q4,2023 Q3,inflation,3,0.6424823727634332,MIDAS (trend),2023-09-30,Other,1.2606093578710895,-0.6181269851076565
Cutoff only,0,124,2022 Q4,2023 Q3,inflation,3,1.109688934026035,MIDAS,2023-09-30,Other,1.2606093578710895,-0.15092042384505475
Cutoff only,0,124,2022 Q4,2023 Q3,inflation,3,1.4788872398087418,MIDAS-Latent (trend),2023-09-30,Other,1.2606093578710895,0.21827788193765207
Cutoff only,0,124,2022 Q4,2023 Q3,inflation,3,1.8238039743013377,MIDAS-Latent,2023-09-30,Other,1.2606093578710895,0.5631946164302479
Cutoff only,0,124,2022 Q4,2023 Q3,inflation,3,0.5218617956733073,AR(2),2023-09-30,Other,1.2606093578710895,-0.7387475621977825
Cutoff only,0,124,2022 Q4,2023 Q4,inflation,4,-0.03406344975454641,MF-VAR,2023-12-31,1-year ahead,1.5459954544169818,-1.5800589041715285
Cutoff only,0,124,2022 Q4,2023 Q4,inflation,4,0.4026362035173344,MIDAS (trend),2023-12-31,1-year ahead,1.5459954544169818,-1.1433592508996475
Cutoff only,0,124,2022 Q4,2023 Q4,inflation,4,0.8252944254960791,MIDAS,2023-12-31,1-year ahead,1.5459954544169818,-0.7207010289209027
Cutoff only,0,124,2022 Q4,2023 Q4,inflation,4,1.4734423527142997,MIDAS-Latent (trend),2023-12-31,1-year ahead,1.5459954544169818,-0.07255310170268237
Cutoff only,0,124,2022 Q4,2023 Q4,inflation,4,1.8169936382963447,MIDAS-Latent,2023-12-31,1-year ahead,1.5459954544169818,0.2709981838793629
Cutoff only,0,124,2022 Q4,2023 Q4,inflation,4,0.43936985522693633,AR(2),2023-12-31,1-year ahead,1.5459954544169818,-1.1066255991900456
Cutoff only,0,125,2023 Q1,2023 Q2,exch_rate,1,-0.00985332384988694,MF-VAR,2023-06-30,1-step ahead,-0.02150963188471731,0.01165630803483037
Cutoff only,0,125,2023 Q1,2023 Q2,exch_rate,1,-5.26771309035691e-4,MIDAS (trend),2023-06-30,1-step ahead,-0.02150963188471731,0.02098286057568162
Cutoff only,0,125,2023 Q1,2023 Q2,exch_rate,1,1.0898020346991183e-4,MIDAS,2023-06-30,1-step ahead,-0.02150963188471731,0.02161861208818722
Cutoff only,0,125,2023 Q1,2023 Q2,exch_rate,1,-0.00934179809604811,MIDAS-Latent (trend),2023-06-30,1-step ahead,-0.02150963188471731,0.0121678337886692
Cutoff only,0,125,2023 Q1,2023 Q2,exch_rate,1,-0.02369755144544753,MIDAS-Latent,2023-06-30,1-step ahead,-0.02150963188471731,-0.00218791956073021
Cutoff only,0,125,2023 Q1,2023 Q2,exch_rate,1,-0.00446414051434545,AR(2),2023-06-30,1-step ahead,-0.02150963188471731,0.01704549137037186
Cutoff only,0,125,2023 Q1,2023 Q3,exch_rate,2,-0.00513839861878292,MF-VAR,2023-09-30,Other,-0.03937898253147601,0.03424058391269308
Cutoff only,0,125,2023 Q1,2023 Q3,exch_rate,2,0.00736700202778866,MIDAS (trend),2023-09-30,Other,-0.03937898253147601,0.04674598455926467
Cutoff only,0,125,2023 Q1,2023 Q3,exch_rate,2,0.00923913559264282,MIDAS,2023-09-30,Other,-0.03937898253147601,0.04861811812411883
Cutoff only,0,125,2023 Q1,2023 Q3,exch_rate,2,-0.01443448757726813,MIDAS-Latent (trend),2023-09-30,Other,-0.03937898253147601,0.02494449495420787
Cutoff only,0,125,2023 Q1,2023 Q3,exch_rate,2,-0.0146142109861055,MIDAS-Latent,2023-09-30,Other,-0.03937898253147601,0.0247647715453705
Cutoff only,0,125,2023 Q1,2023 Q3,exch_rate,2,-0.01040079690004035,AR(2),2023-09-30,Other,-0.03937898253147601,0.02897818563143565
Cutoff only,0,125,2023 Q1,2023 Q4,exch_rate,3,0.01140333112647962,MF-VAR,2023-12-31,Other,-0.04688081588673817,0.05828414701321779
Cutoff only,0,125,2023 Q1,2023 Q4,exch_rate,3,0.01336070790739977,MIDAS (trend),2023-12-31,Other,-0.04688081588673817,0.06024152379413795
Cutoff only,0,125,2023 Q1,2023 Q4,exch_rate,3,0.01692097665836623,MIDAS,2023-12-31,Other,-0.04688081588673817,0.0638017925451044
Cutoff only,0,125,2023 Q1,2023 Q4,exch_rate,3,-0.01920133506665664,MIDAS-Latent (trend),2023-12-31,Other,-0.04688081588673817,0.02767948082008153
Cutoff only,0,125,2023 Q1,2023 Q4,exch_rate,3,-0.03043200975615292,MIDAS-Latent,2023-12-31,Other,-0.04688081588673817,0.01644880613058525
Cutoff only,0,125,2023 Q1,2023 Q4,exch_rate,3,-0.00997421353040488,AR(2),2023-12-31,Other,-0.04688081588673817,0.03690660235633329
Cutoff only,0,125,2023 Q1,2024 Q1,exch_rate,4,0.02704789880779782,MF-VAR,2024-03-31,1-year ahead,-0.05209269485890586,0.07914059366670369
Cutoff only,0,125,2023 Q1,2024 Q1,exch_rate,4,0.02005566515689777,MIDAS (trend),2024-03-31,1-year ahead,-0.05209269485890586,0.07214836001580364
Cutoff only,0,125,2023 Q1,2024 Q1,exch_rate,4,0.02596470012633739,MIDAS,2024-03-31,1-year ahead,-0.05209269485890586,0.07805739498524326
Cutoff only,0,125,2023 Q1,2024 Q1,exch_rate,4,-0.02386674877876987,MIDAS-Latent (trend),2024-03-31,1-year ahead,-0.05209269485890586,0.02822594608013599
Cutoff only,0,125,2023 Q1,2024 Q1,exch_rate,4,-0.02148079201595106,MIDAS-Latent,2024-03-31,1-year ahead,-0.05209269485890586,0.0306119028429548
Cutoff only,0,125,2023 Q1,2024 Q1,exch_rate,4,-0.01296861849415753,AR(2),2024-03-31,1-year ahead,-0.05209269485890586,0.03912407636474833
Cutoff only,0,125,2023 Q1,2023 Q2,gdp_growth,1,-1.3634138210483964,MF-VAR,2023-06-30,1-step ahead,-1.9508697250607552,0.587455904012359
Cutoff only,0,125,2023 Q1,2023 Q2,gdp_growth,1,3.3750581219406586,MIDAS (trend),2023-06-30,1-step ahead,-1.9508697250607552,5.325927847001414
Cutoff only,0,125,2023 Q1,2023 Q2,gdp_growth,1,3.830105719082616,MIDAS,2023-06-30,1-step ahead,-1.9508697250607552,5.780975444143372
Cutoff only,0,125,2023 Q1,2023 Q2,gdp_growth,1,2.0827218279839688,MIDAS-Latent (trend),2023-06-30,1-step ahead,-1.9508697250607552,4.033591553044724
Cutoff only,0,125,2023 Q1,2023 Q2,gdp_growth,1,2.097314387385683,MIDAS-Latent,2023-06-30,1-step ahead,-1.9508697250607552,4.048184112446439
Cutoff only,0,125,2023 Q1,2023 Q2,gdp_growth,1,1.7108303282121722,AR(2),2023-06-30,1-step ahead,-1.9508697250607552,3.661700053272928
Cutoff only,0,125,2023 Q1,2023 Q3,gdp_growth,2,5.8839220535786625,MF-VAR,2023-09-30,Other,0.28204712749158034,5.601874926087082
Cutoff only,0,125,2023 Q1,2023 Q3,gdp_growth,2,3.3231395981960943,MIDAS (trend),2023-09-30,Other,0.28204712749158034,3.041092470704514
Cutoff only,0,125,2023 Q1,2023 Q3,gdp_growth,2,3.7893738983417258,MIDAS,2023-09-30,Other,0.28204712749158034,3.5073267708501454
Cutoff only,0,125,2023 Q1,2023 Q3,gdp_growth,2,1.967517595931071,MIDAS-Latent (trend),2023-09-30,Other,0.28204712749158034,1.6854704684394906
Cutoff only,0,125,2023 Q1,2023 Q3,gdp_growth,2,1.982400848117481,MIDAS-Latent,2023-09-30,Other,0.28204712749158034,1.7003537206259007
Cutoff only,0,125,2023 Q1,2023 Q3,gdp_growth,2,2.6918856628449683,AR(2),2023-09-30,Other,0.28204712749158034,2.409838535353388
Cutoff only,0,125,2023 Q1,2023 Q4,gdp_growth,3,0.0888876098517403,MF-VAR,2023-12-31,Other,0.930949540396142,-0.8420619305444018
Cutoff only,0,125,2023 Q1,2023 Q4,gdp_growth,3,3.4662724136705254,MIDAS (trend),2023-12-31,Other,0.930949540396142,2.5353228732743833
Cutoff only,0,125,2023 Q1,2023 Q4,gdp_growth,3,3.94023119907879,MIDAS,2023-12-31,Other,0.930949540396142,3.009281658682648
Cutoff only,0,125,2023 Q1,2023 Q4,gdp_growth,3,2.251397287410016,MIDAS-Latent (trend),2023-12-31,Other,0.930949540396142,1.320447747013874
Cutoff only,0,125,2023 Q1,2023 Q4,gdp_growth,3,2.2675642240215863,MIDAS-Latent,2023-12-31,Other,0.930949540396142,1.3366146836254442
Cutoff only,0,125,2023 Q1,2023 Q4,gdp_growth,3,1.4610854643034432,AR(2),2023-12-31,Other,0.930949540396142,0.5301359239073011
Cutoff only,0,125,2023 Q1,2024 Q1,gdp_growth,4,1.8275052042959985,MF-VAR,2024-03-31,1-year ahead,4.0977257494837716,-2.2702205451877733
Cutoff only,0,125,2023 Q1,2024 Q1,gdp_growth,4,3.457228761846755,MIDAS (trend),2024-03-31,1-year ahead,4.0977257494837716,-0.6404969876370163
Cutoff only,0,125,2023 Q1,2024 Q1,gdp_growth,4,3.939061061582245,MIDAS,2024-03-31,1-year ahead,4.0977257494837716,-0.15866468790152677
Cutoff only,0,125,2023 Q1,2024 Q1,gdp_growth,4,2.241819770597454,MIDAS-Latent (trend),2024-03-31,1-year ahead,4.0977257494837716,-1.8559059788863177
Cutoff only,0,125,2023 Q1,2024 Q1,gdp_growth,4,2.2582507512225507,MIDAS-Latent,2024-03-31,1-year ahead,4.0977257494837716,-1.8394749982612209
Cutoff only,0,125,2023 Q1,2024 Q1,gdp_growth,4,1.336713352673199,AR(2),2024-03-31,1-year ahead,4.0977257494837716,-2.761012396810573
Cutoff only,0,125,2023 Q1,2023 Q2,inflation,1,3.17887956045488,MF-VAR,2023-06-30,1-step ahead,0.5501119867577842,2.628767573697096
Cutoff only,0,125,2023 Q1,2023 Q2,inflation,1,0.6825813105416746,MIDAS (trend),2023-06-30,1-step ahead,0.5501119867577842,0.13246932378389042
Cutoff only,0,125,2023 Q1,2023 Q2,inflation,1,0.9405592835744908,MIDAS,2023-06-30,1-step ahead,0.5501119867577842,0.39044729681670665
Cutoff only,0,125,2023 Q1,2023 Q2,inflation,1,2.3353949646435908,MIDAS-Latent (trend),2023-06-30,1-step ahead,0.5501119867577842,1.7852829778858066
Cutoff only,0,125,2023 Q1,2023 Q2,inflation,1,2.589322646250208,MIDAS-Latent,2023-06-30,1-step ahead,0.5501119867577842,2.039210659492424
Cutoff only,0,125,2023 Q1,2023 Q2,inflation,1,1.8187000387300312,AR(2),2023-06-30,1-step ahead,0.5501119867577842,1.268588051972247
Cutoff only,0,125,2023 Q1,2023 Q3,inflation,2,2.006693762089747,MF-VAR,2023-09-30,Other,1.2606093578710895,0.7460844042186574
Cutoff only,0,125,2023 Q1,2023 Q3,inflation,2,1.345119172179088,MIDAS (trend),2023-09-30,Other,1.2606093578710895,0.08450981430799831
Cutoff only,0,125,2023 Q1,2023 Q3,inflation,2,1.6504052623665642,MIDAS,2023-09-30,Other,1.2606093578710895,0.3897959044954744
Cutoff only,0,125,2023 Q1,2023 Q3,inflation,2,2.368396736239909,MIDAS-Latent (trend),2023-09-30,Other,1.2606093578710895,1.1077873783688197
Cutoff only,0,125,2023 Q1,2023 Q3,inflation,2,2.689480832598236,MIDAS-Latent,2023-09-30,Other,1.2606093578710895,1.428871474727146
Cutoff only,0,125,2023 Q1,2023 Q3,inflation,2,1.2783851640463086,AR(2),2023-09-30,Other,1.2606093578710895,0.0177758061752189
Cutoff only,0,125,2023 Q1,2023 Q4,inflation,3,1.132834983224853,MF-VAR,2023-12-31,Other,1.5459954544169818,-0.4131604711921288
Cutoff only,0,125,2023 Q1,2023 Q4,inflation,3,0.3879233238921811,MIDAS (trend),2023-12-31,Other,1.5459954544169818,-1.1580721305248007
Cutoff only,0,125,2023 Q1,2023 Q4,inflation,3,0.7396145810451403,MIDAS,2023-12-31,Other,1.5459954544169818,-0.8063808733718415
Cutoff only,0,125,2023 Q1,2023 Q4,inflation,3,2.3459916477314704,MIDAS-Latent (trend),2023-12-31,Other,1.5459954544169818,0.7999961933144886
Cutoff only,0,125,2023 Q1,2023 Q4,inflation,3,2.655761773188349,MIDAS-Latent,2023-12-31,Other,1.5459954544169818,1.1097663187713671
Cutoff only,0,125,2023 Q1,2023 Q4,inflation,3,0.9350245072051908,AR(2),2023-12-31,Other,1.5459954544169818,-0.6109709472117911
Cutoff only,0,125,2023 Q1,2024 Q1,inflation,4,1.0437920272694106,MF-VAR,2024-03-31,1-year ahead,1.20167733791412,-0.15788531064470934
Cutoff only,0,125,2023 Q1,2024 Q1,inflation,4,0.6376009009287766,MIDAS (trend),2024-03-31,1-year ahead,1.20167733791412,-0.5640764369853433
Cutoff only,0,125,2023 Q1,2024 Q1,inflation,4,1.028852815275422,MIDAS,2024-03-31,1-year ahead,1.20167733791412,-0.17282452263869796
Cutoff only,0,125,2023 Q1,2024 Q1,inflation,4,2.342325449616613,MIDAS-Latent (trend),2024-03-31,1-year ahead,1.20167733791412,1.1406481117024931
Cutoff only,0,125,2023 Q1,2024 Q1,inflation,4,2.661520153603595,MIDAS-Latent,2024-03-31,1-year ahead,1.20167733791412,1.4598428156894752
Cutoff only,0,125,2023 Q1,2024 Q1,inflation,4,0.7170599101616097,AR(2),2024-03-31,1-year ahead,1.20167733791412,-0.48461742775251015
Cutoff only,0,126,2023 Q2,2023 Q3,exch_rate,1,-0.03064260985301586,MF-VAR,2023-09-30,1-step ahead,-0.03937898253147601,0.00873637267846014
Cutoff only,0,126,2023 Q2,2023 Q3,exch_rate,1,-0.01756030612372425,MIDAS (trend),2023-09-30,1-step ahead,-0.03937898253147601,0.02181867640775175
Cutoff only,0,126,2023 Q2,2023 Q3,exch_rate,1,-0.01771685699555578,MIDAS,2023-09-30,1-step ahead,-0.03937898253147601,0.02166212553592022
Cutoff only,0,126,2023 Q2,2023 Q3,exch_rate,1,-0.02523304655792578,MIDAS-Latent (trend),2023-09-30,1-step ahead,-0.03937898253147601,0.01414593597355022
Cutoff only,0,126,2023 Q2,2023 Q3,exch_rate,1,-0.01458112710126769,MIDAS-Latent,2023-09-30,1-step ahead,-0.03937898253147601,0.02479785543020831
Cutoff only,0,126,2023 Q2,2023 Q3,exch_rate,1,-0.02968394844986121,AR(2),2023-09-30,1-step ahead,-0.03937898253147601,0.00969503408161479
Cutoff only,0,126,2023 Q2,2023 Q4,exch_rate,2,-0.01889328065667401,MF-VAR,2023-12-31,Other,-0.04688081588673817,0.02798753523006416
Cutoff only,0,126,2023 Q2,2023 Q4,exch_rate,2,-0.03054949116828829,MIDAS (trend),2023-12-31,Other,-0.04688081588673817,0.01633132471844988
Cutoff only,0,126,2023 Q2,2023 Q4,exch_rate,2,-0.03142835496120418,MIDAS,2023-12-31,Other,-0.04688081588673817,0.01545246092553399
Cutoff only,0,126,2023 Q2,2023 Q4,exch_rate,2,-0.02963099631715284,MIDAS-Latent (trend),2023-12-31,Other,-0.04688081588673817,0.01724981956958533
Cutoff only,0,126,2023 Q2,2023 Q4,exch_rate,2,-0.02822000470763494,MIDAS-Latent,2023-12-31,Other,-0.04688081588673817,0.01866081117910322
Cutoff only,0,126,2023 Q2,2023 Q4,exch_rate,2,-0.02862720840734458,AR(2),2023-12-31,Other,-0.04688081588673817,0.01825360747939359
Cutoff only,0,126,2023 Q2,2024 Q1,exch_rate,3,-0.00495221140792755,MF-VAR,2024-03-31,Other,-0.05209269485890586,0.04714048345097831
Cutoff only,0,126,2023 Q2,2024 Q1,exch_rate,3,-0.02743552808112667,MIDAS (trend),2024-03-31,Other,-0.05209269485890586,0.02465716677777919
Cutoff only,0,126,2023 Q2,2024 Q1,exch_rate,3,-0.02767712547612173,MIDAS,2024-03-31,Other,-0.05209269485890586,0.02441556938278413
Cutoff only,0,126,2023 Q2,2024 Q1,exch_rate,3,-0.03433786542524825,MIDAS-Latent (trend),2024-03-31,Other,-0.05209269485890586,0.01775482943365761
Cutoff only,0,126,2023 Q2,2024 Q1,exch_rate,3,-0.02140368713504205,MIDAS-Latent,2024-03-31,Other,-0.05209269485890586,0.03068900772386381
Cutoff only,0,126,2023 Q2,2024 Q1,exch_rate,3,-0.03049338859662776,AR(2),2024-03-31,Other,-0.05209269485890586,0.02159930626227809
Cutoff only,0,126,2023 Q2,2024 Q2,exch_rate,4,0.01283463052744688,MF-VAR,2024-06-30,1-year ahead,-0.02679720863629812,0.039631839163745
Cutoff only,0,126,2023 Q2,2024 Q2,exch_rate,4,-0.03963443989518672,MIDAS (trend),2024-06-30,1-year ahead,-0.02679720863629812,-0.0128372312588886
Cutoff only,0,126,2023 Q2,2024 Q2,exch_rate,4,-0.04123843005034572,MIDAS,2024-06-30,1-year ahead,-0.02679720863629812,-0.01444122141404759
Cutoff only,0,126,2023 Q2,2024 Q2,exch_rate,4,-0.03902418441790271,MIDAS-Latent (trend),2024-06-30,1-year ahead,-0.02679720863629812,-0.01222697578160458
Cutoff only,0,126,2023 Q2,2024 Q2,exch_rate,4,-0.03482172233952056,MIDAS-Latent,2024-06-30,1-year ahead,-0.02679720863629812,-0.00802451370322244
Cutoff only,0,126,2023 Q2,2024 Q2,exch_rate,4,-0.02946842949699747,AR(2),2024-06-30,1-year ahead,-0.02679720863629812,-0.00267122086069935
Cutoff only,0,126,2023 Q2,2023 Q3,gdp_growth,1,-0.8140253148729046,MF-VAR,2023-09-30,1-step ahead,0.28204712749158034,-1.096072442364485
Cutoff only,0,126,2023 Q2,2023 Q3,gdp_growth,1,1.17063974147386,MIDAS (trend),2023-09-30,1-step ahead,0.28204712749158034,0.8885926139822797
Cutoff only,0,126,2023 Q2,2023 Q3,gdp_growth,1,1.665595526988804,MIDAS,2023-09-30,1-step ahead,0.28204712749158034,1.3835483994972235
Cutoff only,0,126,2023 Q2,2023 Q3,gdp_growth,1,2.5146001529849635,MIDAS-Latent (trend),2023-09-30,1-step ahead,0.28204712749158034,2.232553025493383
Cutoff only,0,126,2023 Q2,2023 Q3,gdp_growth,1,2.567492973971828,MIDAS-Latent,2023-09-30,1-step ahead,0.28204712749158034,2.285445846480248
Cutoff only,0,126,2023 Q2,2023 Q3,gdp_growth,1,2.9151724942317063,AR(2),2023-09-30,1-step ahead,0.28204712749158034,2.633125366740126
Cutoff only,0,126,2023 Q2,2023 Q4,gdp_growth,2,2.301915126906846,MF-VAR,2023-12-31,Other,0.930949540396142,1.370965586510704
Cutoff only,0,126,2023 Q2,2023 Q4,gdp_growth,2,1.1452309653096586,MIDAS (trend),2023-12-31,Other,0.930949540396142,0.21428142491351657
Cutoff only,0,126,2023 Q2,2023 Q4,gdp_growth,2,1.6492508792405818,MIDAS,2023-12-31,Other,0.930949540396142,0.7183013388444397
Cutoff only,0,126,2023 Q2,2023 Q4,gdp_growth,2,2.470648704754902,MIDAS-Latent (trend),2023-12-31,Other,0.930949540396142,1.53969916435876
Cutoff only,0,126,2023 Q2,2023 Q4,gdp_growth,2,2.5244276844963203,MIDAS-Latent,2023-12-31,Other,0.930949540396142,1.5934781441001782
Cutoff only,0,126,2023 Q2,2023 Q4,gdp_growth,2,1.6277345639611045,AR(2),2023-12-31,Other,0.930949540396142,0.6967850235649622
Cutoff only,0,126,2023 Q2,2024 Q1,gdp_growth,3,-1.6185348996823796,MF-VAR,2024-03-31,Other,4.0977257494837716,-5.716260649166151
Cutoff only,0,126,2023 Q2,2024 Q1,gdp_growth,3,1.2404407137485394,MIDAS (trend),2024-03-31,Other,4.0977257494837716,-2.857285035735232
Cutoff only,0,126,2023 Q2,2024 Q1,gdp_growth,3,1.760838144711171,MIDAS,2024-03-31,Other,4.0977257494837716,-2.336887604772601
Cutoff only,0,126,2023 Q2,2024 Q1,gdp_growth,3,2.833167564325386,MIDAS-Latent (trend),2024-03-31,Other,4.0977257494837716,-1.2645581851583856
Cutoff only,0,126,2023 Q2,2024 Q1,gdp_growth,3,2.891763465472763,MIDAS-Latent,2024-03-31,Other,4.0977257494837716,-1.2059622840110085
Cutoff only,0,126,2023 Q2,2024 Q1,gdp_growth,3,1.28192509161011,AR(2),2024-03-31,Other,4.0977257494837716,-2.8158006578736616
Cutoff only,0,126,2023 Q2,2024 Q2,gdp_growth,4,0.4250174923868046,MF-VAR,2024-06-30,1-year ahead,1.9600339339092443,-1.5350164415224397
Cutoff only,0,126,2023 Q2,2024 Q2,gdp_growth,4,1.2316918411401463,MIDAS (trend),2024-06-30,1-year ahead,1.9600339339092443,-0.7283420927690978
Cutoff only,0,126,2023 Q2,2024 Q2,gdp_growth,4,1.7603338250453675,MIDAS,2024-06-30,1-year ahead,1.9600339339092443,-0.1997001088638768
Cutoff only,0,126,2023 Q2,2024 Q2,gdp_growth,4,2.8287441392170662,MIDAS-Latent (trend),2024-06-30,1-year ahead,1.9600339339092443,0.868710205307822
Cutoff only,0,126,2023 Q2,2024 Q2,gdp_growth,4,2.8882623251712443,MIDAS-Latent,2024-06-30,1-year ahead,1.9600339339092443,0.928228391262
Cutoff only,0,126,2023 Q2,2024 Q2,gdp_growth,4,1.367178701710282,AR(2),2024-06-30,1-year ahead,1.9600339339092443,-0.5928552321989624
Cutoff only,0,126,2023 Q2,2023 Q3,inflation,1,0.4832031724151646,MF-VAR,2023-09-30,1-step ahead,1.2606093578710895,-0.7774061854559252
Cutoff only,0,126,2023 Q2,2023 Q3,inflation,1,1.4456200851044327,MIDAS (trend),2023-09-30,1-step ahead,1.2606093578710895,0.185010727233343
Cutoff only,0,126,2023 Q2,2023 Q3,inflation,1,1.735640349257907,MIDAS,2023-09-30,1-step ahead,1.2606093578710895,0.4750309913868169
Cutoff only,0,126,2023 Q2,2023 Q3,inflation,1,1.0663224189743084,MIDAS-Latent (trend),2023-09-30,1-step ahead,1.2606093578710895,-0.1942869388967814
Cutoff only,0,126,2023 Q2,2023 Q3,inflation,1,1.4362926651885002,MIDAS-Latent,2023-09-30,1-step ahead,1.2606093578710895,0.17568330731741044
Cutoff only,0,126,2023 Q2,2023 Q3,inflation,1,0.663739629202619,AR(2),2023-09-30,1-step ahead,1.2606093578710895,-0.5968697286684708
Cutoff only,0,126,2023 Q2,2023 Q4,inflation,2,0.3735308422113098,MF-VAR,2023-12-31,Other,1.5459954544169818,-1.172464612205672
Cutoff only,0,126,2023 Q2,2023 Q4,inflation,2,0.4392843895999935,MIDAS (trend),2023-12-31,Other,1.5459954544169818,-1.1067110648169882
Cutoff only,0,126,2023 Q2,2023 Q4,inflation,2,0.6676074874325314,MIDAS,2023-12-31,Other,1.5459954544169818,-0.8783879669844504
Cutoff only,0,126,2023 Q2,2023 Q4,inflation,2,1.0107738761313,MIDAS-Latent (trend),2023-12-31,Other,1.5459954544169818,-0.5352215782856817
Cutoff only,0,126,2023 Q2,2023 Q4,inflation,2,1.2821341832314197,MIDAS-Latent,2023-12-31,Other,1.5459954544169818,-0.26386127118556213
Cutoff only,0,126,2023 Q2,2023 Q4,inflation,2,0.5086645523641343,AR(2),2023-12-31,Other,1.5459954544169818,-1.0373309020528474
Cutoff only,0,126,2023 Q2,2024 Q1,inflation,3,-0.07405611046359861,MF-VAR,2024-03-31,Other,1.20167733791412,-1.2757334483777183
Cutoff only,0,126,2023 Q2,2024 Q1,inflation,3,0.7774641703978861,MIDAS (trend),2024-03-31,Other,1.20167733791412,-0.42421316751623384
Cutoff only,0,126,2023 Q2,2024 Q1,inflation,3,1.1498340631692712,MIDAS,2024-03-31,Other,1.20167733791412,-0.05184327474484873
Cutoff only,0,126,2023 Q2,2024 Q1,inflation,3,1.016128446858266,MIDAS-Latent (trend),2024-03-31,Other,1.20167733791412,-0.18554889105585404
Cutoff only,0,126,2023 Q2,2024 Q1,inflation,3,1.334163039460527,MIDAS-Latent,2024-03-31,Other,1.20167733791412,0.13248570154640715
Cutoff only,0,126,2023 Q2,2024 Q1,inflation,3,0.448487120511411,AR(2),2024-03-31,Other,1.20167733791412,-0.753190217402709
Cutoff only,0,126,2023 Q2,2024 Q2,inflation,4,0.093572945852039,MF-VAR,2024-06-30,1-year ahead,1.3948747405589046,-1.3013017947068657
Cutoff only,0,126,2023 Q2,2024 Q2,inflation,4,0.3894565340829378,MIDAS (trend),2024-06-30,1-year ahead,1.3948747405589046,-1.0054182064759667
Cutoff only,0,126,2023 Q2,2024 Q2,inflation,4,0.7154000622431161,MIDAS,2024-06-30,1-year ahead,1.3948747405589046,-0.6794746783157884
Cutoff only,0,126,2023 Q2,2024 Q2,inflation,4,1.0103999898628149,MIDAS-Latent (trend),2024-06-30,1-year ahead,1.3948747405589046,-0.3844747506960897
Cutoff only,0,126,2023 Q2,2024 Q2,inflation,4,1.3251121882182662,MIDAS-Latent,2024-06-30,1-year ahead,1.3948747405589046,-0.06976255234063844
Cutoff only,0,126,2023 Q2,2024 Q2,inflation,4,0.39940107938213504,AR(2),2024-06-30,1-year ahead,1.3948747405589046,-0.9954736611767696
Cutoff only,0,127,2023 Q3,2023 Q4,exch_rate,1,-0.04150588542246888,MF-VAR,2023-12-31,1-step ahead,-0.04688081588673817,0.00537493046426929
Cutoff only,0,127,2023 Q3,2023 Q4,exch_rate,1,-0.00860488822058255,MIDAS (trend),2023-12-31,1-step ahead,-0.04688081588673817,0.03827592766615562
Cutoff only,0,127,2023 Q3,2023 Q4,exch_rate,1,-0.00759158870218597,MIDAS,2023-12-31,1-step ahead,-0.04688081588673817,0.0392892271845522
Cutoff only,0,127,2023 Q3,2023 Q4,exch_rate,1,-0.03844769182385379,MIDAS-Latent (trend),2023-12-31,1-step ahead,-0.04688081588673817,0.00843312406288438
Cutoff only,0,127,2023 Q3,2023 Q4,exch_rate,1,-0.02951287886478808,MIDAS-Latent,2023-12-31,1-step ahead,-0.04688081588673817,0.01736793702195009
Cutoff only,0,127,2023 Q3,2023 Q4,exch_rate,1,-0.0394931169593991,AR(2),2023-12-31,1-step ahead,-0.04688081588673817,0.00738769892733907
Cutoff only,0,127,2023 Q3,2024 Q1,exch_rate,2,-0.03730046033655473,MF-VAR,2024-03-31,Other,-0.05209269485890586,0.01479223452235113
Cutoff only,0,127,2023 Q3,2024 Q1,exch_rate,2,-0.02525467657611301,MIDAS (trend),2024-03-31,Other,-0.05209269485890586,0.02683801828279285
Cutoff only,0,127,2023 Q3,2024 Q1,exch_rate,2,-0.02530797710391604,MIDAS,2024-03-31,Other,-0.05209269485890586,0.02678471775498982
Cutoff only,0,127,2023 Q3,2024 Q1,exch_rate,2,-0.04275243182294301,MIDAS-Latent (trend),2024-03-31,Other,-0.05209269485890586,0.00934026303596285
Cutoff only,0,127,2023 Q3,2024 Q1,exch_rate,2,-0.0471225832807019,MIDAS-Latent,2024-03-31,Other,-0.05209269485890586,0.00497011157820396
Cutoff only,0,127,2023 Q3,2024 Q1,exch_rate,2,-0.04091398937124056,AR(2),2024-03-31,Other,-0.05209269485890586,0.0111787054876653
Cutoff only,0,127,2023 Q3,2024 Q2,exch_rate,3,-0.02474502312166444,MF-VAR,2024-06-30,Other,-0.02679720863629812,0.00205218551463367
Cutoff only,0,127,2023 Q3,2024 Q2,exch_rate,3,0.0021735806996784,MIDAS (trend),2024-06-30,Other,-0.02679720863629812,0.02897078933597652
Cutoff only,0,127,2023 Q3,2024 Q2,exch_rate,3,0.00620731556065599,MIDAS,2024-06-30,Other,-0.02679720863629812,0.03300452419695412
Cutoff only,0,127,2023 Q3,2024 Q2,exch_rate,3,-0.04759069330303759,MIDAS-Latent (trend),2024-06-30,Other,-0.02679720863629812,-0.02079348466673947
Cutoff only,0,127,2023 Q3,2024 Q2,exch_rate,3,-0.03739983662126174,MIDAS-Latent,2024-06-30,Other,-0.02679720863629812,-0.01060262798496362
Cutoff only,0,127,2023 Q3,2024 Q2,exch_rate,3,-0.03917939232606886,AR(2),2024-06-30,Other,-0.02679720863629812,-0.01238218368977073
Cutoff only,0,127,2023 Q3,2024 Q3,exch_rate,4,-0.01846079483258029,MF-VAR,2024-09-30,1-year ahead,-0.04995881779363455,0.03149802296105426
Cutoff only,0,127,2023 Q3,2024 Q3,exch_rate,4,-0.01337110660123314,MIDAS (trend),2024-09-30,1-year ahead,-0.04995881779363455,0.03658771119240141
Cutoff only,0,127,2023 Q3,2024 Q3,exch_rate,4,-0.0113574199580288,MIDAS,2024-09-30,1-year ahead,-0.04995881779363455,0.03860139783560575
Cutoff only,0,127,2023 Q3,2024 Q3,exch_rate,4,-0.05228036757248452,MIDAS-Latent (trend),2024-09-30,1-year ahead,-0.04995881779363455,-0.00232154977884996
Cutoff only,0,127,2023 Q3,2024 Q3,exch_rate,4,-0.05475366753240926,MIDAS-Latent,2024-09-30,1-year ahead,-0.04995881779363455,-0.0047948497387747
Cutoff only,0,127,2023 Q3,2024 Q3,exch_rate,4,-0.04459023175210823,AR(2),2024-09-30,1-year ahead,-0.04995881779363455,0.00536858604152632
Cutoff only,0,127,2023 Q3,2023 Q4,gdp_growth,1,-0.7737506546552105,MF-VAR,2023-12-31,1-step ahead,0.930949540396142,-1.7047001950513527
Cutoff only,0,127,2023 Q3,2023 Q4,gdp_growth,1,3.1656662844697308,MIDAS (trend),2023-12-31,1-step ahead,0.930949540396142,2.2347167440735887
Cutoff only,0,127,2023 Q3,2023 Q4,gdp_growth,1,3.6494693752773313,MIDAS,2023-12-31,1-step ahead,0.930949540396142,2.718519834881189
Cutoff only,0,127,2023 Q3,2023 Q4,gdp_growth,1,-1.6122272861246236,MIDAS-Latent (trend),2023-12-31,1-step ahead,0.930949540396142,-2.5431768265207655
Cutoff only,0,127,2023 Q3,2023 Q4,gdp_growth,1,-1.5403937432088417,MIDAS-Latent,2023-12-31,1-step ahead,0.930949540396142,-2.471343283604984
Cutoff only,0,127,2023 Q3,2023 Q4,gdp_growth,1,1.776880169170293,AR(2),2023-12-31,1-step ahead,0.930949540396142,0.8459306287741506
Cutoff only,0,127,2023 Q3,2024 Q1,gdp_growth,2,-1.2937224484088738,MF-VAR,2024-03-31,Other,4.0977257494837716,-5.391448197892645
Cutoff only,0,127,2023 Q3,2024 Q1,gdp_growth,2,3.229911273605851,MIDAS (trend),2024-03-31,Other,4.0977257494837716,-0.8678144758779207
Cutoff only,0,127,2023 Q3,2024 Q1,gdp_growth,2,3.7179457996184264,MIDAS,2024-03-31,Other,4.0977257494837716,-0.37977994986534513
Cutoff only,0,127,2023 Q3,2024 Q1,gdp_growth,2,-1.4388932632760432,MIDAS-Latent (trend),2024-03-31,Other,4.0977257494837716,-5.5366190127598145
Cutoff only,0,127,2023 Q3,2024 Q1,gdp_growth,2,-1.3658597643402588,MIDAS-Latent,2024-03-31,Other,4.0977257494837716,-5.463585513824031
Cutoff only,0,127,2023 Q3,2024 Q1,gdp_growth,2,1.39741678703541,AR(2),2024-03-31,Other,4.0977257494837716,-2.7003089624483616
Cutoff only,0,127,2023 Q3,2024 Q2,gdp_growth,3,-0.3960791111019451,MF-VAR,2024-06-30,Other,1.9600339339092443,-2.3561130450111896
Cutoff only,0,127,2023 Q3,2024 Q2,gdp_growth,3,3.3151066170406898,MIDAS (trend),2024-06-30,Other,1.9600339339092443,1.3550726831314457
Cutoff only,0,127,2023 Q3,2024 Q2,gdp_growth,3,3.821213878996951,MIDAS,2024-06-30,Other,1.9600339339092443,1.861179945087707
Cutoff only,0,127,2023 Q3,2024 Q2,gdp_growth,3,-1.5880997590448562,MIDAS-Latent (trend),2024-06-30,Other,1.9600339339092443,-3.5481336929541003
Cutoff only,0,127,2023 Q3,2024 Q2,gdp_growth,3,-1.508309249663678,MIDAS-Latent,2024-06-30,Other,1.9600339339092443,-3.468343183572922
Cutoff only,0,127,2023 Q3,2024 Q2,gdp_growth,3,1.3316934101407871,AR(2),2024-06-30,Other,1.9600339339092443,-0.6283405237684572
Cutoff only,0,127,2023 Q3,2024 Q3,gdp_growth,4,-0.34819031768778874,MF-VAR,2024-09-30,1-year ahead,1.7249375962080649,-2.0731279138958536
Cutoff only,0,127,2023 Q3,2024 Q3,gdp_growth,4,3.3095279040211474,MIDAS (trend),2024-09-30,1-year ahead,1.7249375962080649,1.5845903078130823
Cutoff only,0,127,2023 Q3,2024 Q3,gdp_growth,4,3.8233138321076914,MIDAS,2024-09-30,1-year ahead,1.7249375962080649,2.0983762358996265
Cutoff only,0,127,2023 Q3,2024 Q3,gdp_growth,4,-1.5757223944140637,MIDAS-Latent (trend),2024-09-30,1-year ahead,1.7249375962080649,-3.300659990622129
Cutoff only,0,127,2023 Q3,2024 Q3,gdp_growth,4,-1.4946669549472944,MIDAS-Latent,2024-09-30,1-year ahead,1.7249375962080649,-3.219604551155359
Cutoff only,0,127,2023 Q3,2024 Q3,gdp_growth,4,2.4895691756087466,AR(2),2024-09-30,1-year ahead,1.7249375962080649,0.7646315794006817
Cutoff only,0,127,2023 Q3,2023 Q4,inflation,1,1.2868632511458773,MF-VAR,2023-12-31,1-step ahead,1.5459954544169818,-0.25913220327110453
Cutoff only,0,127,2023 Q3,2023 Q4,inflation,1,0.34558982013916667,MIDAS (trend),2023-12-31,1-step ahead,1.5459954544169818,-1.200405634277815
Cutoff only,0,127,2023 Q3,2023 Q4,inflation,1,0.5854739345344222,MIDAS,2023-12-31,1-step ahead,1.5459954544169818,-0.9605215198825596
Cutoff only,0,127,2023 Q3,2023 Q4,inflation,1,0.9555440764854946,MIDAS-Latent (trend),2023-12-31,1-step ahead,1.5459954544169818,-0.5904513779314873
Cutoff only,0,127,2023 Q3,2023 Q4,inflation,1,1.2253027218599577,MIDAS-Latent,2023-12-31,1-step ahead,1.5459954544169818,-0.32069273255702413
Cutoff only,0,127,2023 Q3,2023 Q4,inflation,1,0.794390362458707,AR(2),2023-12-31,1-step ahead,1.5459954544169818,-0.7516050919582749
Cutoff only,0,127,2023 Q3,2024 Q1,inflation,2,0.3891700969601151,MF-VAR,2024-03-31,Other,1.20167733791412,-0.8125072409540048
Cutoff only,0,127,2023 Q3,2024 Q1,inflation,2,0.6136184047622133,MIDAS (trend),2024-03-31,Other,1.20167733791412,-0.5880589331519066
Cutoff only,0,127,2023 Q3,2024 Q1,inflation,2,0.8725708079117078,MIDAS,2024-03-31,Other,1.20167733791412,-0.3291065300024121
Cutoff only,0,127,2023 Q3,2024 Q1,inflation,2,0.9630355191966448,MIDAS-Latent (trend),2024-03-31,Other,1.20167733791412,-0.23864181871747525
Cutoff only,0,127,2023 Q3,2024 Q1,inflation,2,1.2616724961214438,MIDAS-Latent,2024-03-31,Other,1.20167733791412,0.05999515820732393
Cutoff only,0,127,2023 Q3,2024 Q1,inflation,2,0.662922790423922,AR(2),2024-03-31,Other,1.20167733791412,-0.5387545474901979
Cutoff only,0,127,2023 Q3,2024 Q2,inflation,3,0.2088442108134493,MF-VAR,2024-06-30,Other,1.3948747405589046,-1.1860305297454552
Cutoff only,0,127,2023 Q3,2024 Q2,inflation,3,0.25990118353282277,MIDAS (trend),2024-06-30,Other,1.3948747405589046,-1.1349735570260815
Cutoff only,0,127,2023 Q3,2024 Q2,inflation,3,0.5997629453822675,MIDAS,2024-06-30,Other,1.3948747405589046,-0.7951117951766371
Cutoff only,0,127,2023 Q3,2024 Q2,inflation,3,0.9532286013422424,MIDAS-Latent (trend),2024-06-30,Other,1.3948747405589046,-0.4416461392166622
Cutoff only,0,127,2023 Q3,2024 Q2,inflation,3,1.2598651785522803,MIDAS-Latent,2024-06-30,Other,1.3948747405589046,-0.13500956200662406
Cutoff only,0,127,2023 Q3,2024 Q2,inflation,3,0.5405165295109489,AR(2),2024-06-30,Other,1.3948747405589046,-0.8543582110479557
Cutoff only,0,127,2023 Q3,2024 Q3,inflation,4,0.01849897142451287,MF-VAR,2024-09-30,1-year ahead,0.04584411512098541,-0.02734514369647253
Cutoff only,0,127,2023 Q3,2024 Q3,inflation,4,0.358689380237438,MIDAS (trend),2024-09-30,1-year ahead,0.04584411512098541,0.3128452651164526
Cutoff only,0,127,2023 Q3,2024 Q3,inflation,4,0.7157726845511245,MIDAS,2024-09-30,1-year ahead,0.04584411512098541,0.6699285694301391
Cutoff only,0,127,2023 Q3,2024 Q3,inflation,4,0.9487455489306164,MIDAS-Latent (trend),2024-09-30,1-year ahead,0.04584411512098541,0.9029014338096312
Cutoff only,0,127,2023 Q3,2024 Q3,inflation,4,1.261726917291382,MIDAS-Latent,2024-09-30,1-year ahead,0.04584411512098541,1.215882802170397
Cutoff only,0,127,2023 Q3,2024 Q3,inflation,4,0.397334108010309,AR(2),2024-09-30,1-year ahead,0.04584411512098541,0.3514899928893236
Cutoff only,0,128,2023 Q4,2024 Q1,exch_rate,1,-0.05214319663809635,MF-VAR,2024-03-31,1-step ahead,-0.05209269485890586,-5.0501779190491314e-5
Cutoff only,0,128,2023 Q4,2024 Q1,exch_rate,1,-0.03438833384941157,MIDAS (trend),2024-03-31,1-step ahead,-0.05209269485890586,0.01770436100949429
Cutoff only,0,128,2023 Q4,2024 Q1,exch_rate,1,-0.03513115078162913,MIDAS,2024-03-31,1-step ahead,-0.05209269485890586,0.01696154407727673
Cutoff only,0,128,2023 Q4,2024 Q1,exch_rate,1,-0.04663981419793969,MIDAS-Latent (trend),2024-03-31,1-step ahead,-0.05209269485890586,0.00545288066096617
Cutoff only,0,128,2023 Q4,2024 Q1,exch_rate,1,-0.0479698324175193,MIDAS-Latent,2024-03-31,1-step ahead,-0.05209269485890586,0.00412286244138656
Cutoff only,0,128,2023 Q4,2024 Q1,exch_rate,1,-0.04921770042620833,AR(2),2024-03-31,1-step ahead,-0.05209269485890586,0.00287499443269752
Cutoff only,0,128,2023 Q4,2024 Q2,exch_rate,2,-0.05856583032106044,MF-VAR,2024-06-30,Other,-0.02679720863629812,-0.03176862168476232
Cutoff only,0,128,2023 Q4,2024 Q2,exch_rate,2,-0.04165913920830769,MIDAS (trend),2024-06-30,Other,-0.02679720863629812,-0.01486193057200957
Cutoff only,0,128,2023 Q4,2024 Q2,exch_rate,2,-0.04258481070577464,MIDAS,2024-06-30,Other,-0.02679720863629812,-0.01578760206947652
Cutoff only,0,128,2023 Q4,2024 Q2,exch_rate,2,-0.05123207150544967,MIDAS-Latent (trend),2024-06-30,Other,-0.02679720863629812,-0.02443486286915155
Cutoff only,0,128,2023 Q4,2024 Q2,exch_rate,2,-0.05537339715807705,MIDAS-Latent,2024-06-30,Other,-0.02679720863629812,-0.02857618852177893
Cutoff only,0,128,2023 Q4,2024 Q2,exch_rate,2,-0.04715585643031273,AR(2),2024-06-30,Other,-0.02679720863629812,-0.02035864779401461
Cutoff only,0,128,2023 Q4,2024 Q3,exch_rate,3,-0.05989763017760131,MF-VAR,2024-09-30,Other,-0.04995881779363455,-0.00993881238396676
Cutoff only,0,128,2023 Q4,2024 Q3,exch_rate,3,-0.03077277998248903,MIDAS (trend),2024-09-30,Other,-0.04995881779363455,0.01918603781114552
Cutoff only,0,128,2023 Q4,2024 Q3,exch_rate,3,-0.03091059671451734,MIDAS,2024-09-30,Other,-0.04995881779363455,0.01904822107911721
Cutoff only,0,128,2023 Q4,2024 Q3,exch_rate,3,-0.05606946020861683,MIDAS-Latent (trend),2024-09-30,Other,-0.04995881779363455,-0.00611064241498227
Cutoff only,0,128,2023 Q4,2024 Q3,exch_rate,3,-0.05644814835653179,MIDAS-Latent,2024-09-30,Other,-0.04995881779363455,-0.00648933056289723
Cutoff only,0,128,2023 Q4,2024 Q3,exch_rate,3,-0.05203250766474324,AR(2),2024-09-30,Other,-0.04995881779363455,-0.00207368987110868
Cutoff only,0,128,2023 Q4,2024 Q4,exch_rate,4,-0.05263135772059806,MF-VAR,2024-12-31,1-year ahead,-0.06616821551812571,0.01353685779752764
Cutoff only,0,128,2023 Q4,2024 Q4,exch_rate,4,-0.03783378504208358,MIDAS (trend),2024-12-31,1-year ahead,-0.06616821551812571,0.02833443047604213
Cutoff only,0,128,2023 Q4,2024 Q4,exch_rate,4,-0.03831639255585556,MIDAS,2024-12-31,1-year ahead,-0.06616821551812571,0.02785182296227015
Cutoff only,0,128,2023 Q4,2024 Q4,exch_rate,4,-0.0607538321528584,MIDAS-Latent (trend),2024-12-31,1-year ahead,-0.06616821551812571,0.00541438336526731
Cutoff only,0,128,2023 Q4,2024 Q4,exch_rate,4,-0.06375473173047218,MIDAS-Latent,2024-12-31,1-year ahead,-0.06616821551812571,0.00241348378765353
Cutoff only,0,128,2023 Q4,2024 Q4,exch_rate,4,-0.05016330306732387,AR(2),2024-12-31,1-year ahead,-0.06616821551812571,0.01600491245080184
Cutoff only,0,128,2023 Q4,2024 Q1,gdp_growth,1,0.7838466718518914,MF-VAR,2024-03-31,1-step ahead,4.0977257494837716,-3.31387907763188
Cutoff only,0,128,2023 Q4,2024 Q1,gdp_growth,1,2.5572704531079062,MIDAS (trend),2024-03-31,1-step ahead,4.0977257494837716,-1.540455296375865
Cutoff only,0,128,2023 Q4,2024 Q1,gdp_growth,1,3.019938031928369,MIDAS,2024-03-31,1-step ahead,4.0977257494837716,-1.0777877175554025
Cutoff only,0,128,2023 Q4,2024 Q1,gdp_growth,1,1.5007194835740143,MIDAS-Latent (trend),2024-03-31,1-step ahead,4.0977257494837716,-2.597006265909757
Cutoff only,0,128,2023 Q4,2024 Q1,gdp_growth,1,1.634522332987672,MIDAS-Latent,2024-03-31,1-step ahead,4.0977257494837716,-2.4632034164960994
Cutoff only,0,128,2023 Q4,2024 Q1,gdp_growth,1,1.448080703254949,AR(2),2024-03-31,1-step ahead,4.0977257494837716,-2.6496450462288226
Cutoff only,0,128,2023 Q4,2024 Q2,gdp_growth,2,-2.8557482308926416,MF-VAR,2024-06-30,Other,1.9600339339092443,-4.815782164801886
Cutoff only,0,128,2023 Q4,2024 Q2,gdp_growth,2,2.570168244476464,MIDAS (trend),2024-06-30,Other,1.9600339339092443,0.6101343105672199
Cutoff only,0,128,2023 Q4,2024 Q2,gdp_growth,2,3.0397577004593654,MIDAS,2024-06-30,Other,1.9600339339092443,1.0797237665501211
Cutoff only,0,128,2023 Q4,2024 Q2,gdp_growth,2,1.5496297993237096,MIDAS-Latent (trend),2024-06-30,Other,1.9600339339092443,-0.4104041345855347
Cutoff only,0,128,2023 Q4,2024 Q2,gdp_growth,2,1.6857163487567763,MIDAS-Latent,2024-06-30,Other,1.9600339339092443,-0.27431758515246796
Cutoff only,0,128,2023 Q4,2024 Q2,gdp_growth,2,1.3695609276785037,AR(2),2024-06-30,Other,1.9600339339092443,-0.5904730062307406
Cutoff only,0,128,2023 Q4,2024 Q3,gdp_growth,3,1.8633229814013177,MF-VAR,2024-09-30,Other,1.7249375962080649,0.1383853851932526
Cutoff only,0,128,2023 Q4,2024 Q3,gdp_growth,3,2.613635935815927,MIDAS (trend),2024-09-30,Other,1.7249375962080649,0.888698339607862
Cutoff only,0,128,2023 Q4,2024 Q3,gdp_growth,3,3.103562455448501,MIDAS,2024-09-30,Other,1.7249375962080649,1.378624859240436
Cutoff only,0,128,2023 Q4,2024 Q3,gdp_growth,3,1.5923157062245723,MIDAS-Latent (trend),2024-09-30,Other,1.7249375962080649,-0.13262188998349234
Cutoff only,0,128,2023 Q4,2024 Q3,gdp_growth,3,1.741223488077494,MIDAS-Latent,2024-09-30,Other,1.7249375962080649,0.01628589186942908
Cutoff only,0,128,2023 Q4,2024 Q3,gdp_growth,3,2.4798229190592243,AR(2),2024-09-30,Other,1.7249375962080649,0.7548853228511594
Cutoff only,0,128,2023 Q4,2024 Q4,gdp_growth,4,-1.2300177255586977,MF-VAR,2024-12-31,1-year ahead,1.3156274812899935,-2.545645206848691
Cutoff only,0,128,2023 Q4,2024 Q4,gdp_growth,4,2.6066419431991976,MIDAS (trend),2024-12-31,1-year ahead,1.3156274812899935,1.291014461909204
Cutoff only,0,128,2023 Q4,2024 Q4,gdp_growth,4,3.1041678149800216,MIDAS,2024-12-31,1-year ahead,1.3156274812899935,1.788540333690028
Cutoff only,0,128,2023 Q4,2024 Q4,gdp_growth,4,1.5940317901796766,MIDAS-Latent (trend),2024-12-31,1-year ahead,1.3156274812899935,0.2784043088896828
Cutoff only,0,128,2023 Q4,2024 Q4,gdp_growth,4,1.7452623500056477,MIDAS-Latent,2024-12-31,1-year ahead,1.3156274812899935,0.42963486871565393
Cutoff only,0,128,2023 Q4,2024 Q4,gdp_growth,4,1.4331373487426358,AR(2),2024-12-31,1-year ahead,1.3156274812899935,0.11750986745264204
Cutoff only,0,128,2023 Q4,2024 Q1,inflation,1,1.555200325128153,MF-VAR,2024-03-31,1-step ahead,1.20167733791412,0.3535229872140331
Cutoff only,0,128,2023 Q4,2024 Q1,inflation,1,0.7083264607571866,MIDAS (trend),2024-03-31,1-step ahead,1.20167733791412,-0.49335087715693327
Cutoff only,0,128,2023 Q4,2024 Q1,inflation,1,0.919783544155508,MIDAS,2024-03-31,1-step ahead,1.20167733791412,-0.2818937937586118
Cutoff only,0,128,2023 Q4,2024 Q1,inflation,1,1.4216820141545448,MIDAS-Latent (trend),2024-03-31,1-step ahead,1.20167733791412,0.22000467624042488
Cutoff only,0,128,2023 Q4,2024 Q1,inflation,1,1.7096804814934206,MIDAS-Latent,2024-03-31,1-step ahead,1.20167733791412,0.5080031435793007
Cutoff only,0,128,2023 Q4,2024 Q1,inflation,1,1.0239396853679548,AR(2),2024-03-31,1-step ahead,1.20167733791412,-0.17773765254616514
Cutoff only,0,128,2023 Q4,2024 Q2,inflation,2,0.5412410469347737,MF-VAR,2024-06-30,Other,1.3948747405589046,-0.8536336936241309
Cutoff only,0,128,2023 Q4,2024 Q2,inflation,2,0.815147793728173,MIDAS (trend),2024-06-30,Other,1.3948747405589046,-0.5797269468307316
Cutoff only,0,128,2023 Q4,2024 Q2,inflation,2,1.034994160961021,MIDAS,2024-06-30,Other,1.3948747405589046,-0.35988057959788367
Cutoff only,0,128,2023 Q4,2024 Q2,inflation,2,1.4236837907173236,MIDAS-Latent (trend),2024-06-30,Other,1.3948747405589046,0.02880905015841906
Cutoff only,0,128,2023 Q4,2024 Q2,inflation,2,1.7269067867314167,MIDAS-Latent,2024-06-30,Other,1.3948747405589046,0.33203204617251214
Cutoff only,0,128,2023 Q4,2024 Q2,inflation,2,0.8029636773089346,AR(2),2024-06-30,Other,1.3948747405589046,-0.59191106324997
Cutoff only,0,128,2023 Q4,2024 Q3,inflation,3,0.32118412572172894,MF-VAR,2024-09-30,Other,0.04584411512098541,0.27534001060074353
Cutoff only,0,128,2023 Q4,2024 Q3,inflation,3,0.48918471318826706,MIDAS (trend),2024-09-30,Other,0.04584411512098541,0.44334059806728165
Cutoff only,0,128,2023 Q4,2024 Q3,inflation,3,0.7821918650349431,MIDAS,2024-09-30,Other,0.04584411512098541,0.7363477499139577
Cutoff only,0,128,2023 Q4,2024 Q3,inflation,3,1.4160295799009188,MIDAS-Latent (trend),2024-09-30,Other,0.04584411512098541,1.3701854647799334
Cutoff only,0,128,2023 Q4,2024 Q3,inflation,3,1.7367870446466969,MIDAS-Latent,2024-09-30,Other,0.04584411512098541,1.6909429295257117
Cutoff only,0,128,2023 Q4,2024 Q3,inflation,3,0.5677623528584292,AR(2),2024-09-30,Other,0.04584411512098541,0.5219182377374438
Cutoff only,0,128,2023 Q4,2024 Q4,inflation,4,0.10389190603543526,MF-VAR,2024-12-31,1-year ahead,-0.02527507775411663,0.12916698378955188
Cutoff only,0,128,2023 Q4,2024 Q4,inflation,4,0.5271937081435618,MIDAS (trend),2024-12-31,1-year ahead,-0.02527507775411663,0.5524687858976784
Cutoff only,0,128,2023 Q4,2024 Q4,inflation,4,0.8287024918151522,MIDAS,2024-12-31,1-year ahead,-0.02527507775411663,0.8539775695692688
Cutoff only,0,128,2023 Q4,2024 Q4,inflation,4,1.411352424291764,MIDAS-Latent (trend),2024-12-31,1-year ahead,-0.02527507775411663,1.4366275020458803
Cutoff only,0,128,2023 Q4,2024 Q4,inflation,4,1.7378268486026156,MIDAS-Latent,2024-12-31,1-year ahead,-0.02527507775411663,1.7631019263567322
Cutoff only,0,128,2023 Q4,2024 Q4,inflation,4,0.4877687620752635,AR(2),2024-12-31,1-year ahead,-0.02527507775411663,0.5130438398293802
Cutoff only,0,129,2024 Q1,2024 Q2,exch_rate,1,-0.05429974159448025,MF-VAR,2024-06-30,1-step ahead,-0.02679720863629812,-0.02750253295818213
Cutoff only,0,129,2024 Q1,2024 Q2,exch_rate,1,-0.05191433873547377,MIDAS (trend),2024-06-30,1-step ahead,-0.02679720863629812,-0.025117130099175652
Cutoff only,0,129,2024 Q1,2024 Q2,exch_rate,1,-0.05364886983122056,MIDAS,2024-06-30,1-step ahead,-0.02679720863629812,-0.02685166119492244
Cutoff only,0,129,2024 Q1,2024 Q2,exch_rate,1,-0.06355219876144017,MIDAS-Latent (trend),2024-06-30,1-step ahead,-0.02679720863629812,-0.03675499012514204
Cutoff only,0,129,2024 Q1,2024 Q2,exch_rate,1,-0.05566724097207121,MIDAS-Latent,2024-06-30,1-step ahead,-0.02679720863629812,-0.02887003233577309
Cutoff only,0,129,2024 Q1,2024 Q2,exch_rate,1,-0.05042466283272644,AR(2),2024-06-30,1-step ahead,-0.02679720863629812,-0.02362745419642831
Cutoff only,0,129,2024 Q1,2024 Q3,exch_rate,2,-0.04534238431044726,MF-VAR,2024-09-30,Other,-0.04995881779363455,0.00461643348318729
Cutoff only,0,129,2024 Q1,2024 Q3,exch_rate,2,-0.05710480023678618,MIDAS (trend),2024-09-30,Other,-0.04995881779363455,-0.00714598244315162
Cutoff only,0,129,2024 Q1,2024 Q3,exch_rate,2,-0.05882564149862998,MIDAS,2024-09-30,Other,-0.04995881779363455,-0.00886682370499542
Cutoff only,0,129,2024 Q1,2024 Q3,exch_rate,2,-0.06821537563694927,MIDAS-Latent (trend),2024-09-30,Other,-0.04995881779363455,-0.01825655784331471
Cutoff only,0,129,2024 Q1,2024 Q3,exch_rate,2,-0.06080491152620838,MIDAS-Latent,2024-09-30,Other,-0.04995881779363455,-0.01084609373257382
Cutoff only,0,129,2024 Q1,2024 Q3,exch_rate,2,-0.05519639104874743,AR(2),2024-09-30,Other,-0.04995881779363455,-0.00523757325511287
Cutoff only,0,129,2024 Q1,2024 Q4,exch_rate,3,-0.03839177165820472,MF-VAR,2024-12-31,Other,-0.06616821551812571,0.02777644385992098
Cutoff only,0,129,2024 Q1,2024 Q4,exch_rate,3,-0.05740136038490303,MIDAS (trend),2024-12-31,Other,-0.06616821551812571,0.00876685513322268
Cutoff only,0,129,2024 Q1,2024 Q4,exch_rate,3,-0.06037133405005541,MIDAS,2024-12-31,Other,-0.06616821551812571,0.0057968814680703
Cutoff only,0,129,2024 Q1,2024 Q4,exch_rate,3,-0.07270279045504278,MIDAS-Latent (trend),2024-12-31,Other,-0.06616821551812571,-0.00653457493691707
Cutoff only,0,129,2024 Q1,2024 Q4,exch_rate,3,-0.06432856209600989,MIDAS-Latent,2024-12-31,Other,-0.06616821551812571,0.00183965342211582
Cutoff only,0,129,2024 Q1,2024 Q4,exch_rate,3,-0.05313400128983366,AR(2),2024-12-31,Other,-0.06616821551812571,0.01303421422829204
Cutoff only,0,129,2024 Q1,2025 Q1,exch_rate,4,-0.03435853330537795,MF-VAR,2025-03-31,1-year ahead,-0.05563092558217351,0.02127239227679556
Cutoff only,0,129,2024 Q1,2025 Q1,exch_rate,4,-0.06257237653963191,MIDAS (trend),2025-03-31,1-year ahead,-0.05563092558217351,-0.00694145095745839
Cutoff only,0,129,2024 Q1,2025 Q1,exch_rate,4,-0.0655132348961042,MIDAS,2025-03-31,1-year ahead,-0.05563092558217351,-0.00988230931393067
Cutoff only,0,129,2024 Q1,2025 Q1,exch_rate,4,-0.07738140375807302,MIDAS-Latent (trend),2025-03-31,1-year ahead,-0.05563092558217351,-0.0217504781758995
Cutoff only,0,129,2024 Q1,2025 Q1,exch_rate,4,-0.06939308083556724,MIDAS-Latent,2025-03-31,1-year ahead,-0.05563092558217351,-0.01376215525339372
Cutoff only,0,129,2024 Q1,2025 Q1,exch_rate,4,-0.05449260740538363,AR(2),2025-03-31,1-year ahead,-0.05563092558217351,0.00113831817678988
Cutoff only,0,129,2024 Q1,2024 Q2,gdp_growth,1,4.155463048159248,MF-VAR,2024-06-30,1-step ahead,1.9600339339092443,2.195429114250004
Cutoff only,0,129,2024 Q1,2024 Q2,gdp_growth,1,1.8139058952346552,MIDAS (trend),2024-06-30,1-step ahead,1.9600339339092443,-0.14612803867458912
Cutoff only,0,129,2024 Q1,2024 Q2,gdp_growth,1,2.155603501856251,MIDAS,2024-06-30,1-step ahead,1.9600339339092443,0.19556956794700664
Cutoff only,0,129,2024 Q1,2024 Q2,gdp_growth,1,5.096404863887048,MIDAS-Latent (trend),2024-06-30,1-step ahead,1.9600339339092443,3.1363709299778035
Cutoff only,0,129,2024 Q1,2024 Q2,gdp_growth,1,5.22536687974633,MIDAS-Latent,2024-06-30,1-step ahead,1.9600339339092443,3.265332945837086
Cutoff only,0,129,2024 Q1,2024 Q2,gdp_growth,1,1.2160145078004687,AR(2),2024-06-30,1-step ahead,1.9600339339092443,-0.7440194261087756
Cutoff only,0,129,2024 Q1,2024 Q3,gdp_growth,2,1.4805920144839533,MF-VAR,2024-09-30,Other,1.7249375962080649,-0.2443455817241116
Cutoff only,0,129,2024 Q1,2024 Q3,gdp_growth,2,1.8911444430209003,MIDAS (trend),2024-09-30,Other,1.7249375962080649,0.16620684681283548
Cutoff only,0,129,2024 Q1,2024 Q3,gdp_growth,2,2.2377267124301508,MIDAS,2024-09-30,Other,1.7249375962080649,0.5127891162220859
Cutoff only,0,129,2024 Q1,2024 Q3,gdp_growth,2,5.343959555001404,MIDAS-Latent (trend),2024-09-30,Other,1.7249375962080649,3.619021958793339
Cutoff only,0,129,2024 Q1,2024 Q3,gdp_growth,2,5.475814600662998,MIDAS-Latent,2024-09-30,Other,1.7249375962080649,3.7508770044549338
Cutoff only,0,129,2024 Q1,2024 Q3,gdp_growth,2,2.365285613039066,AR(2),2024-09-30,Other,1.7249375962080649,0.640348016831001
Cutoff only,0,129,2024 Q1,2024 Q4,gdp_growth,3,2.987842712638028,MF-VAR,2024-12-31,Other,1.3156274812899935,1.672215231348034
Cutoff only,0,129,2024 Q1,2024 Q4,gdp_growth,3,1.8261661951668136,MIDAS (trend),2024-12-31,Other,1.3156274812899935,0.5105387138768198
Cutoff only,0,129,2024 Q1,2024 Q4,gdp_growth,3,2.187362144878937,MIDAS,2024-12-31,Other,1.3156274812899935,0.8717346635889434
Cutoff only,0,129,2024 Q1,2024 Q4,gdp_growth,3,5.420659988238711,MIDAS-Latent (trend),2024-12-31,Other,1.3156274812899935,4.105032506948717
Cutoff only,0,129,2024 Q1,2024 Q4,gdp_growth,3,5.564995247617372,MIDAS-Latent,2024-12-31,Other,1.3156274812899935,4.249367766327378
Cutoff only,0,129,2024 Q1,2024 Q4,gdp_growth,3,1.4741099874016987,AR(2),2024-12-31,Other,1.3156274812899935,0.158482506111705
Cutoff only,0,129,2024 Q1,2025 Q1,gdp_growth,4,-0.7642785770986896,MF-VAR,2025-03-31,1-year ahead,2.2430073144406037,-3.0072858915392935
Cutoff only,0,129,2024 Q1,2025 Q1,gdp_growth,4,1.8227926151977272,MIDAS (trend),2025-03-31,1-year ahead,2.2430073144406037,-0.4202146992428766
Cutoff only,0,129,2024 Q1,2025 Q1,gdp_growth,4,2.1894918254340743,MIDAS,2025-03-31,1-year ahead,2.2430073144406037,-0.05351548900652947
Cutoff only,0,129,2024 Q1,2025 Q1,gdp_growth,4,5.438168973717985,MIDAS-Latent (trend),2025-03-31,1-year ahead,2.2430073144406037,3.195161659277381
Cutoff only,0,129,2024 Q1,2025 Q1,gdp_growth,4,5.584802160632681,MIDAS-Latent,2025-03-31,1-year ahead,2.2430073144406037,3.3417948461920775
Cutoff only,0,129,2024 Q1,2025 Q1,gdp_growth,4,1.3151645831546026,AR(2),2025-03-31,1-year ahead,2.2430073144406037,-0.9278427312860013
Cutoff only,0,129,2024 Q1,2024 Q2,inflation,1,1.20474298333881,MF-VAR,2024-06-30,1-step ahead,1.3948747405589046,-0.19013175722009448
Cutoff only,0,129,2024 Q1,2024 Q2,inflation,1,0.8702821370692962,MIDAS (trend),2024-06-30,1-step ahead,1.3948747405589046,-0.5245926034896083
Cutoff only,0,129,2024 Q1,2024 Q2,inflation,1,1.0660919271594256,MIDAS,2024-06-30,1-step ahead,1.3948747405589046,-0.328782813399479
Cutoff only,0,129,2024 Q1,2024 Q2,inflation,1,1.0420917083550876,MIDAS-Latent (trend),2024-06-30,1-step ahead,1.3948747405589046,-0.352783032203817
Cutoff only,0,129,2024 Q1,2024 Q2,inflation,1,1.341995878670371,MIDAS-Latent,2024-06-30,1-step ahead,1.3948747405589046,-0.05287886188853363
Cutoff only,0,129,2024 Q1,2024 Q2,inflation,1,0.8927455056655198,AR(2),2024-06-30,1-step ahead,1.3948747405589046,-0.5021292348933848
Cutoff only,0,129,2024 Q1,2024 Q3,inflation,2,0.675135626536974,MF-VAR,2024-09-30,Other,0.04584411512098541,0.6292915114159886
Cutoff only,0,129,2024 Q1,2024 Q3,inflation,2,0.7338488631524208,MIDAS (trend),2024-09-30,Other,0.04584411512098541,0.6880047480314354
Cutoff only,0,129,2024 Q1,2024 Q3,inflation,2,0.926879175595858,MIDAS,2024-09-30,Other,0.04584411512098541,0.8810350604748726
Cutoff only,0,129,2024 Q1,2024 Q3,inflation,2,1.0237865399397958,MIDAS-Latent (trend),2024-09-30,Other,0.04584411512098541,0.9779424248188104
Cutoff only,0,129,2024 Q1,2024 Q3,inflation,2,1.316134747248964,MIDAS-Latent,2024-09-30,Other,0.04584411512098541,1.2702906321279783
Cutoff only,0,129,2024 Q1,2024 Q3,inflation,2,0.6352290140782517,AR(2),2024-09-30,Other,0.04584411512098541,0.5893848989572663
Cutoff only,0,129,2024 Q1,2024 Q4,inflation,3,0.7607581478811829,MF-VAR,2024-12-31,Other,-0.02527507775411663,0.7860332256352995
Cutoff only,0,129,2024 Q1,2024 Q4,inflation,3,0.6024281590644698,MIDAS (trend),2024-12-31,Other,-0.02527507775411663,0.6277032368185864
Cutoff only,0,129,2024 Q1,2024 Q4,inflation,3,0.8720600499142134,MIDAS,2024-12-31,Other,-0.02527507775411663,0.89733512766833
Cutoff only,0,129,2024 Q1,2024 Q4,inflation,3,1.0128669365282323,MIDAS-Latent (trend),2024-12-31,Other,-0.02527507775411663,1.038142014282349
Cutoff only,0,129,2024 Q1,2024 Q4,inflation,3,1.3266738273886154,MIDAS-Latent,2024-12-31,Other,-0.02527507775411663,1.351948905142732
Cutoff only,0,129,2024 Q1,2024 Q4,inflation,3,0.5340035858625332,AR(2),2024-12-31,Other,-0.02527507775411663,0.5592786636166498
Cutoff only,0,129,2024 Q1,2025 Q1,inflation,4,0.4988628176493913,MF-VAR,2025-03-31,1-year ahead,0.02047944028120696,0.4783833773681843
Cutoff only,0,129,2024 Q1,2025 Q1,inflation,4,0.5466297292811679,MIDAS (trend),2025-03-31,1-year ahead,0.02047944028120696,0.526150288999961
Cutoff only,0,129,2024 Q1,2025 Q1,inflation,4,0.8157743383323236,MIDAS,2025-03-31,1-year ahead,0.02047944028120696,0.7952948980511166
Cutoff only,0,129,2024 Q1,2025 Q1,inflation,4,1.0075956954962166,MIDAS-Latent (trend),2025-03-31,1-year ahead,0.02047944028120696,0.9871162552150096
Cutoff only,0,129,2024 Q1,2025 Q1,inflation,4,1.324731443045938,MIDAS-Latent,2025-03-31,1-year ahead,0.02047944028120696,1.304252002764731
Cutoff only,0,129,2024 Q1,2025 Q1,inflation,4,0.4600243548012952,AR(2),2025-03-31,1-year ahead,0.02047944028120696,0.43954491452008826
Cutoff only,0,130,2024 Q2,2024 Q3,exch_rate,1,-0.03593018660459678,MF-VAR,2024-09-30,1-step ahead,-0.04995881779363455,0.01402863118903777
Cutoff only,0,130,2024 Q2,2024 Q3,exch_rate,1,-0.05999867253793242,MIDAS (trend),2024-09-30,1-step ahead,-0.04995881779363455,-0.01003985474429786
Cutoff only,0,130,2024 Q2,2024 Q3,exch_rate,1,-0.06197874446480488,MIDAS,2024-09-30,1-step ahead,-0.04995881779363455,-0.01201992667117032
Cutoff only,0,130,2024 Q2,2024 Q3,exch_rate,1,-0.03150131235939096,MIDAS-Latent (trend),2024-09-30,1-step ahead,-0.04995881779363455,0.01845750543424359
Cutoff only,0,130,2024 Q2,2024 Q3,exch_rate,1,-0.05859788793376584,MIDAS-Latent,2024-09-30,1-step ahead,-0.04995881779363455,-0.00863907014013128
Cutoff only,0,130,2024 Q2,2024 Q3,exch_rate,1,-0.02804934971127886,AR(2),2024-09-30,1-step ahead,-0.04995881779363455,0.02190946808235569
Cutoff only,0,130,2024 Q2,2024 Q4,exch_rate,2,-0.041450152362079,MF-VAR,2024-12-31,Other,-0.06616821551812571,0.02471806315604671
Cutoff only,0,130,2024 Q2,2024 Q4,exch_rate,2,-0.03752704277413821,MIDAS (trend),2024-12-31,Other,-0.06616821551812571,0.02864117274398749
Cutoff only,0,130,2024 Q2,2024 Q4,exch_rate,2,-0.03688613484093654,MIDAS,2024-12-31,Other,-0.06616821551812571,0.02928208067718916
Cutoff only,0,130,2024 Q2,2024 Q4,exch_rate,2,-0.03701860975352755,MIDAS-Latent (trend),2024-12-31,Other,-0.06616821551812571,0.02914960576459815
Cutoff only,0,130,2024 Q2,2024 Q4,exch_rate,2,-0.03365430982158485,MIDAS-Latent,2024-12-31,Other,-0.06616821551812571,0.03251390569654086
Cutoff only,0,130,2024 Q2,2024 Q4,exch_rate,2,-0.02685188474183177,AR(2),2024-12-31,Other,-0.06616821551812571,0.03931633077629394
Cutoff only,0,130,2024 Q2,2025 Q1,exch_rate,3,-0.03988334469985004,MF-VAR,2025-03-31,Other,-0.05563092558217351,0.01574758088232347
Cutoff only,0,130,2024 Q2,2025 Q1,exch_rate,3,-0.06808460601632005,MIDAS (trend),2025-03-31,Other,-0.05563092558217351,-0.01245368043414653
Cutoff only,0,130,2024 Q2,2025 Q1,exch_rate,3,-0.07178550529556972,MIDAS,2025-03-31,Other,-0.05563092558217351,-0.0161545797133962
Cutoff only,0,130,2024 Q2,2025 Q1,exch_rate,3,-0.04169608049759812,MIDAS-Latent (trend),2025-03-31,Other,-0.05563092558217351,0.01393484508457539
Cutoff only,0,130,2024 Q2,2025 Q1,exch_rate,3,-0.06501258145535417,MIDAS-Latent,2025-03-31,Other,-0.05563092558217351,-0.00938165587318065
Cutoff only,0,130,2024 Q2,2025 Q1,exch_rate,3,-0.02993679209833067,AR(2),2025-03-31,Other,-0.05563092558217351,0.02569413348384283
Cutoff only,0,130,2024 Q2,2025 Q2,exch_rate,4,-0.03442383838368461,MF-VAR,2025-06-30,1-year ahead,-0.06491370262045415,0.03048986423676954
Cutoff only,0,130,2024 Q2,2025 Q2,exch_rate,4,-0.04817288457009704,MIDAS (trend),2025-06-30,1-year ahead,-0.06491370262045415,0.01674081805035711
Cutoff only,0,130,2024 Q2,2025 Q2,exch_rate,4,-0.04689414514558722,MIDAS,2025-06-30,1-year ahead,-0.06491370262045415,0.01801955747486693
Cutoff only,0,130,2024 Q2,2025 Q2,exch_rate,4,-0.04635078620661843,MIDAS-Latent (trend),2025-06-30,1-year ahead,-0.06491370262045415,0.01856291641383571
Cutoff only,0,130,2024 Q2,2025 Q2,exch_rate,4,-0.04041601574544495,MIDAS-Latent,2025-06-30,1-year ahead,-0.06491370262045415,0.02449768687500919
Cutoff only,0,130,2024 Q2,2025 Q2,exch_rate,4,-0.03033472763930766,AR(2),2025-06-30,1-year ahead,-0.06491370262045415,0.03457897498114648
Cutoff only,0,130,2024 Q2,2024 Q3,gdp_growth,1,3.096878344097095,MF-VAR,2024-09-30,1-step ahead,1.7249375962080649,1.3719407478890302
Cutoff only,0,130,2024 Q2,2024 Q3,gdp_growth,1,1.5321073741932614,MIDAS (trend),2024-09-30,1-step ahead,1.7249375962080649,-0.1928302220148035
Cutoff only,0,130,2024 Q2,2024 Q3,gdp_growth,1,1.929836695132113,MIDAS,2024-09-30,1-step ahead,1.7249375962080649,0.20489909892404823
Cutoff only,0,130,2024 Q2,2024 Q3,gdp_growth,1,4.798329089359577,MIDAS-Latent (trend),2024-09-30,1-step ahead,1.7249375962080649,3.0733914931515125
Cutoff only,0,130,2024 Q2,2024 Q3,gdp_growth,1,4.93305219553955,MIDAS-Latent,2024-09-30,1-step ahead,1.7249375962080649,3.208114599331485
Cutoff only,0,130,2024 Q2,2024 Q3,gdp_growth,1,2.3203087360214525,AR(2),2024-09-30,1-step ahead,1.7249375962080649,0.5953711398133876
Cutoff only,0,130,2024 Q2,2024 Q4,gdp_growth,2,1.0692324689780144,MF-VAR,2024-12-31,Other,1.3156274812899935,-0.24639501231197936
Cutoff only,0,130,2024 Q2,2024 Q4,gdp_growth,2,1.4700465644196008,MIDAS (trend),2024-12-31,Other,1.3156274812899935,0.15441908312960706
Cutoff only,0,130,2024 Q2,2024 Q4,gdp_growth,2,1.874385729096134,MIDAS,2024-12-31,Other,1.3156274812899935,0.5587582478061401
Cutoff only,0,130,2024 Q2,2024 Q4,gdp_growth,2,4.622344425696346,MIDAS-Latent (trend),2024-12-31,Other,1.3156274812899935,3.306716944406352
Cutoff only,0,130,2024 Q2,2024 Q4,gdp_growth,2,4.758462620035739,MIDAS-Latent,2024-12-31,Other,1.3156274812899935,3.442835138745745
Cutoff only,0,130,2024 Q2,2024 Q4,gdp_growth,2,1.440215868502611,AR(2),2024-12-31,Other,1.3156274812899935,0.12458838721261722
Cutoff only,0,130,2024 Q2,2025 Q1,gdp_growth,3,0.4899485640708897,MF-VAR,2025-03-31,Other,2.2430073144406037,-1.753058750369714
Cutoff only,0,130,2024 Q2,2025 Q1,gdp_growth,3,1.4526487423573196,MIDAS (trend),2025-03-31,Other,2.2430073144406037,-0.7903585720832842
Cutoff only,0,130,2024 Q2,2025 Q1,gdp_growth,3,1.873602423453285,MIDAS,2025-03-31,Other,2.2430073144406037,-0.3694048909873184
Cutoff only,0,130,2024 Q2,2025 Q1,gdp_growth,3,4.851183322062921,MIDAS-Latent (trend),2025-03-31,Other,2.2430073144406037,2.6081760076223173
Cutoff only,0,130,2024 Q2,2025 Q1,gdp_growth,3,5.001274980770539,MIDAS-Latent,2025-03-31,Other,2.2430073144406037,2.7582676663299353
Cutoff only,0,130,2024 Q2,2025 Q1,gdp_growth,3,1.3250892100214715,AR(2),2025-03-31,Other,2.2430073144406037,-0.9179181044191322
Cutoff only,0,130,2024 Q2,2025 Q2,gdp_growth,4,0.9574166080413924,MF-VAR,2025-06-30,1-year ahead,-0.09620412701139004,1.0536207350527826
Cutoff only,0,130,2024 Q2,2025 Q2,gdp_growth,4,1.4448081723433517,MIDAS (trend),2025-06-30,1-year ahead,-0.09620412701139004,1.5410122993547417
Cutoff only,0,130,2024 Q2,2025 Q2,gdp_growth,4,1.8721640450996229,MIDAS,2025-06-30,1-year ahead,-0.09620412701139004,1.968368172111013
Cutoff only,0,130,2024 Q2,2025 Q2,gdp_growth,4,4.8347941874066915,MIDAS-Latent (trend),2025-06-30,1-year ahead,-0.09620412701139004,4.930998314418082
Cutoff only,0,130,2024 Q2,2025 Q2,gdp_growth,4,4.98701590018066,MIDAS-Latent,2025-06-30,1-year ahead,-0.09620412701139004,5.08322002719205
Cutoff only,0,130,2024 Q2,2025 Q2,gdp_growth,4,1.3707860075882334,AR(2),2025-06-30,1-year ahead,-0.09620412701139004,1.4669901345996237
Cutoff only,0,130,2024 Q2,2024 Q3,inflation,1,1.3279659262162848,MF-VAR,2024-09-30,1-step ahead,0.04584411512098541,1.2821218110952994
Cutoff only,0,130,2024 Q2,2024 Q3,inflation,1,0.7604765622241254,MIDAS (trend),2024-09-30,1-step ahead,0.04584411512098541,0.71463244710314
Cutoff only,0,130,2024 Q2,2024 Q3,inflation,1,0.9384129102894234,MIDAS,2024-09-30,1-step ahead,0.04584411512098541,0.892568795168438
Cutoff only,0,130,2024 Q2,2024 Q3,inflation,1,1.2930151576845887,MIDAS-Latent (trend),2024-09-30,1-step ahead,0.04584411512098541,1.2471710425636031
Cutoff only,0,130,2024 Q2,2024 Q3,inflation,1,1.5738436187853642,MIDAS-Latent,2024-09-30,1-step ahead,0.04584411512098541,1.5279995036643788
Cutoff only,0,130,2024 Q2,2024 Q3,inflation,1,0.8823740221320735,AR(2),2024-09-30,1-step ahead,0.04584411512098541,0.8365299070110881
Cutoff only,0,130,2024 Q2,2024 Q4,inflation,2,0.7445350487480448,MF-VAR,2024-12-31,Other,-0.02527507775411663,0.7698101265021614
Cutoff only,0,130,2024 Q2,2024 Q4,inflation,2,0.8332696135834012,MIDAS (trend),2024-12-31,Other,-0.02527507775411663,0.8585446913375179
Cutoff only,0,130,2024 Q2,2024 Q4,inflation,2,1.0167097935740692,MIDAS,2024-12-31,Other,-0.02527507775411663,1.0419848713281858
Cutoff only,0,130,2024 Q2,2024 Q4,inflation,2,1.2953290077555608,MIDAS-Latent (trend),2024-12-31,Other,-0.02527507775411663,1.3206040855096777
Cutoff only,0,130,2024 Q2,2024 Q4,inflation,2,1.5875081293212303,MIDAS-Latent,2024-12-31,Other,-0.02527507775411663,1.6127832070753472
Cutoff only,0,130,2024 Q2,2024 Q4,inflation,2,0.7172473085039242,AR(2),2024-12-31,Other,-0.02527507775411663,0.7425223862580408
Cutoff only,0,130,2024 Q2,2025 Q1,inflation,3,0.44928743415242817,MF-VAR,2025-03-31,Other,0.02047944028120696,0.4288079938712212
Cutoff only,0,130,2024 Q2,2025 Q1,inflation,3,0.5827047414220013,MIDAS (trend),2025-03-31,Other,0.02047944028120696,0.5622253011407944
Cutoff only,0,130,2024 Q2,2025 Q1,inflation,3,0.8317200465109755,MIDAS,2025-03-31,Other,0.02047944028120696,0.8112406062297686
Cutoff only,0,130,2024 Q2,2025 Q1,inflation,3,1.2871461733269047,MIDAS-Latent (trend),2025-03-31,Other,0.02047944028120696,1.2666667330456978
Cutoff only,0,130,2024 Q2,2025 Q1,inflation,3,1.6001662814942903,MIDAS-Latent,2025-03-31,Other,0.02047944028120696,1.5796868412130836
Cutoff only,0,130,2024 Q2,2025 Q1,inflation,3,0.5817660137853098,AR(2),2025-03-31,Other,0.02047944028120696,0.5612865735041028
Cutoff only,0,130,2024 Q2,2025 Q2,inflation,4,0.4398054982564256,MF-VAR,2025-06-30,1-year ahead,0.08229123314116293,0.3575142651152627
Cutoff only,0,130,2024 Q2,2025 Q2,inflation,4,0.6084534369275966,MIDAS (trend),2025-06-30,1-year ahead,0.08229123314116293,0.5261622037864336
Cutoff only,0,130,2024 Q2,2025 Q2,inflation,4,0.8634513319639218,MIDAS,2025-06-30,1-year ahead,0.08229123314116293,0.7811600988227588
Cutoff only,0,130,2024 Q2,2025 Q2,inflation,4,1.2826693201579231,MIDAS-Latent (trend),2025-06-30,1-year ahead,0.08229123314116293,1.2003780870167604
Cutoff only,0,130,2024 Q2,2025 Q2,inflation,4,1.6011327481528932,MIDAS-Latent,2025-06-30,1-year ahead,0.08229123314116293,1.5188415150117305
Cutoff only,0,130,2024 Q2,2025 Q2,inflation,4,0.4926904838378004,AR(2),2025-06-30,1-year ahead,0.08229123314116293,0.41039925069663746
Cutoff only,0,131,2024 Q3,2024 Q4,exch_rate,1,-0.05208572068462732,MF-VAR,2024-12-31,1-step ahead,-0.06616821551812571,0.01408249483349839
Cutoff only,0,131,2024 Q3,2024 Q4,exch_rate,1,-0.0398031917129326,MIDAS (trend),2024-12-31,1-step ahead,-0.06616821551812571,0.0263650238051931
Cutoff only,0,131,2024 Q3,2024 Q4,exch_rate,1,-0.03933444382761601,MIDAS,2024-12-31,1-step ahead,-0.06616821551812571,0.02683377169050969
Cutoff only,0,131,2024 Q3,2024 Q4,exch_rate,1,-0.04202928840891594,MIDAS-Latent (trend),2024-12-31,1-step ahead,-0.06616821551812571,0.02413892710920977
Cutoff only,0,131,2024 Q3,2024 Q4,exch_rate,1,-0.03338772952050578,MIDAS-Latent,2024-12-31,1-step ahead,-0.06616821551812571,0.03278048599761993
Cutoff only,0,131,2024 Q3,2024 Q4,exch_rate,1,-0.05157433688216628,AR(2),2024-12-31,1-step ahead,-0.06616821551812571,0.01459387863595942
Cutoff only,0,131,2024 Q3,2025 Q1,exch_rate,2,-0.06123944305907913,MF-VAR,2025-03-31,Other,-0.05563092558217351,-0.00560851747690561
Cutoff only,0,131,2024 Q3,2025 Q1,exch_rate,2,-0.06123749982363674,MIDAS (trend),2025-03-31,Other,-0.05563092558217351,-0.00560657424146322
Cutoff only,0,131,2024 Q3,2025 Q1,exch_rate,2,-0.06228886351622343,MIDAS,2025-03-31,Other,-0.05563092558217351,-0.00665793793404991
Cutoff only,0,131,2024 Q3,2025 Q1,exch_rate,2,-0.04629304444571205,MIDAS-Latent (trend),2025-03-31,Other,-0.05563092558217351,0.00933788113646146
Cutoff only,0,131,2024 Q3,2025 Q1,exch_rate,2,-0.0561918194772878,MIDAS-Latent,2025-03-31,Other,-0.05563092558217351,-5.608938951142811e-4
Cutoff only,0,131,2024 Q3,2025 Q1,exch_rate,2,-0.05385504213055087,AR(2),2025-03-31,Other,-0.05563092558217351,0.00177588345162264
Cutoff only,0,131,2024 Q3,2025 Q2,exch_rate,3,-0.05538810664774962,MF-VAR,2025-06-30,Other,-0.06491370262045415,0.00952559597270452
Cutoff only,0,131,2024 Q3,2025 Q2,exch_rate,3,-0.05250144925001684,MIDAS (trend),2025-06-30,Other,-0.06491370262045415,0.01241225337043731
Cutoff only,0,131,2024 Q3,2025 Q2,exch_rate,3,-0.05175952864626444,MIDAS,2025-06-30,Other,-0.06491370262045415,0.01315417397418971
Cutoff only,0,131,2024 Q3,2025 Q2,exch_rate,3,-0.05126357677994411,MIDAS-Latent (trend),2025-06-30,Other,-0.06491370262045415,0.01365012584051004
Cutoff only,0,131,2024 Q3,2025 Q2,exch_rate,3,-0.03987652009134215,MIDAS-Latent,2025-06-30,Other,-0.06491370262045415,0.02503718252911199
Cutoff only,0,131,2024 Q3,2025 Q2,exch_rate,3,-0.05283056499483761,AR(2),2025-06-30,Other,-0.06491370262045415,0.01208313762561653
Cutoff only,0,131,2024 Q3,2025 Q3,exch_rate,4,-0.05647868604624632,MF-VAR,2025-09-30,1-year ahead,-0.06684019298606815,0.01036150693982183
Cutoff only,0,131,2024 Q3,2025 Q3,exch_rate,4,-0.07237160319965762,MIDAS (trend),2025-09-30,1-year ahead,-0.06684019298606815,-0.00553141021358946
Cutoff only,0,131,2024 Q3,2025 Q3,exch_rate,4,-0.07450861225532927,MIDAS,2025-09-30,1-year ahead,-0.06684019298606815,-0.00766841926926112
Cutoff only,0,131,2024 Q3,2025 Q3,exch_rate,4,-0.05595692643358243,MIDAS-Latent (trend),2025-09-30,1-year ahead,-0.06684019298606815,0.01088326655248572
Cutoff only,0,131,2024 Q3,2025 Q3,exch_rate,4,-0.06232860946149234,MIDAS-Latent,2025-09-30,1-year ahead,-0.06684019298606815,0.00451158352457581
Cutoff only,0,131,2024 Q3,2025 Q3,exch_rate,4,-0.05887865658051002,AR(2),2025-09-30,1-year ahead,-0.06684019298606815,0.00796153640555812
Cutoff only,0,131,2024 Q3,2024 Q4,gdp_growth,1,0.6691398140612741,MF-VAR,2024-12-31,1-step ahead,1.3156274812899935,-0.6464876672287196
Cutoff only,0,131,2024 Q3,2024 Q4,gdp_growth,1,1.2749159204090548,MIDAS (trend),2024-12-31,1-step ahead,1.3156274812899935,-0.04071156088093897
Cutoff only,0,131,2024 Q3,2024 Q4,gdp_growth,1,1.6591701356782016,MIDAS,2024-12-31,1-step ahead,1.3156274812899935,0.34354265438820786
Cutoff only,0,131,2024 Q3,2024 Q4,gdp_growth,1,0.132665620011736,MIDAS-Latent (trend),2024-12-31,1-step ahead,1.3156274812899935,-1.1829618612782578
Cutoff only,0,131,2024 Q3,2024 Q4,gdp_growth,1,0.2630575581360999,MIDAS-Latent,2024-12-31,1-step ahead,1.3156274812899935,-1.052569923153894
Cutoff only,0,131,2024 Q3,2024 Q4,gdp_growth,1,1.4729353917720749,AR(2),2024-12-31,1-step ahead,1.3156274812899935,0.15730791048208115
Cutoff only,0,131,2024 Q3,2025 Q1,gdp_growth,2,-0.5991158643277564,MF-VAR,2025-03-31,Other,2.2430073144406037,-2.84212317876836
Cutoff only,0,131,2024 Q3,2025 Q1,gdp_growth,2,1.2627220029496191,MIDAS (trend),2025-03-31,Other,2.2430073144406037,-0.9802853114909844
Cutoff only,0,131,2024 Q3,2025 Q1,gdp_growth,2,1.6530316533791378,MIDAS,2025-03-31,Other,2.2430073144406037,-0.5899756610614659
Cutoff only,0,131,2024 Q3,2025 Q1,gdp_growth,2,0.11215612953485342,MIDAS-Latent (trend),2025-03-31,Other,2.2430073144406037,-2.1308511849057505
Cutoff only,0,131,2024 Q3,2025 Q1,gdp_growth,2,0.2445367687302953,MIDAS-Latent,2025-03-31,Other,2.2430073144406037,-1.9984705457103085
Cutoff only,0,131,2024 Q3,2025 Q1,gdp_growth,2,1.3502842171332174,AR(2),2025-03-31,Other,2.2430073144406037,-0.8927230973073863
Cutoff only,0,131,2024 Q3,2025 Q2,gdp_growth,3,0.7972379620100826,MF-VAR,2025-06-30,Other,-0.09620412701139004,0.8934420890214726
Cutoff only,0,131,2024 Q3,2025 Q2,gdp_growth,3,1.2448186189883117,MIDAS (trend),2025-06-30,Other,-0.09620412701139004,1.3410227459997015
Cutoff only,0,131,2024 Q3,2025 Q2,gdp_growth,3,1.6513144322762292,MIDAS,2025-06-30,Other,-0.09620412701139004,1.7475185592876192
Cutoff only,0,131,2024 Q3,2025 Q2,gdp_growth,3,-0.01501796277718315,MIDAS-Latent (trend),2025-06-30,Other,-0.09620412701139004,0.08118616423420687
Cutoff only,0,131,2024 Q3,2025 Q2,gdp_growth,3,0.12937048163953227,MIDAS-Latent,2025-06-30,Other,-0.09620412701139004,0.2255746086509223
Cutoff only,0,131,2024 Q3,2025 Q2,gdp_growth,3,1.3603955818547768,AR(2),2025-06-30,Other,-0.09620412701139004,1.4565997088661669
Cutoff only,0,131,2024 Q3,2025 Q3,gdp_growth,4,1.581445607480812,MF-VAR,2025-09-30,1-year ahead,-0.3289627178062915,1.9104083252871036
Cutoff only,0,131,2024 Q3,2025 Q3,gdp_growth,4,1.238546078286125,MIDAS (trend),2025-09-30,1-year ahead,-0.3289627178062915,1.5675087960924166
Cutoff only,0,131,2024 Q3,2025 Q3,gdp_growth,4,1.6511541534505172,MIDAS,2025-09-30,1-year ahead,-0.3289627178062915,1.980116871256809
Cutoff only,0,131,2024 Q3,2025 Q3,gdp_growth,4,-0.01866241385237078,MIDAS-Latent (trend),2025-09-30,1-year ahead,-0.3289627178062915,0.3103003039539207
Cutoff only,0,131,2024 Q3,2025 Q3,gdp_growth,4,0.1279114217342683,MIDAS-Latent,2025-09-30,1-year ahead,-0.3289627178062915,0.4568741395405598
Cutoff only,0,131,2024 Q3,2025 Q3,gdp_growth,4,2.4990426714488465,AR(2),2025-09-30,1-year ahead,-0.3289627178062915,2.828005389255138
Cutoff only,0,131,2024 Q3,2024 Q4,inflation,1,0.07209800839577306,MF-VAR,2024-12-31,1-step ahead,-0.02527507775411663,0.0973730861498897
Cutoff only,0,131,2024 Q3,2024 Q4,inflation,1,0.8169190325161226,MIDAS (trend),2024-12-31,1-step ahead,-0.02527507775411663,0.8421941102702393
Cutoff only,0,131,2024 Q3,2024 Q4,inflation,1,1.0159712151219131,MIDAS,2024-12-31,1-step ahead,-0.02527507775411663,1.0412462928760298
Cutoff only,0,131,2024 Q3,2024 Q4,inflation,1,0.6592907436870908,MIDAS-Latent (trend),2024-12-31,1-step ahead,-0.02527507775411663,0.6845658214412075
Cutoff only,0,131,2024 Q3,2024 Q4,inflation,1,0.9945390473910268,MIDAS-Latent,2024-12-31,1-step ahead,-0.02527507775411663,1.0198141251451434
Cutoff only,0,131,2024 Q3,2024 Q4,inflation,1,0.31545276807402567,AR(2),2024-12-31,1-step ahead,-0.02527507775411663,0.3407278458281423
Cutoff only,0,131,2024 Q3,2025 Q1,inflation,2,-0.8231827365346767,MF-VAR,2025-03-31,Other,0.02047944028120696,-0.8436621768158836
Cutoff only,0,131,2024 Q3,2025 Q1,inflation,2,0.29012807160312815,MIDAS (trend),2025-03-31,Other,0.02047944028120696,0.2696486313219212
Cutoff only,0,131,2024 Q3,2025 Q1,inflation,2,0.47103854632146247,MIDAS,2025-03-31,Other,0.02047944028120696,0.4505591060402555
Cutoff only,0,131,2024 Q3,2025 Q1,inflation,2,0.6190949568005686,MIDAS-Latent (trend),2025-03-31,Other,0.02047944028120696,0.5986155165193616
Cutoff only,0,131,2024 Q3,2025 Q1,inflation,2,0.9075859281865692,MIDAS-Latent,2025-03-31,Other,0.02047944028120696,0.8871064879053623
Cutoff only,0,131,2024 Q3,2025 Q1,inflation,2,0.28895837688022913,AR(2),2025-03-31,Other,0.02047944028120696,0.26847893659902217
Cutoff only,0,131,2024 Q3,2025 Q2,inflation,3,-0.4971131125001906,MF-VAR,2025-06-30,Other,0.08229123314116293,-0.5794043456413536
Cutoff only,0,131,2024 Q3,2025 Q2,inflation,3,0.5865800919779925,MIDAS (trend),2025-06-30,Other,0.08229123314116293,0.5042888588368296
Cutoff only,0,131,2024 Q3,2025 Q2,inflation,3,0.8629154538657495,MIDAS,2025-06-30,Other,0.08229123314116293,0.7806242207245866
Cutoff only,0,131,2024 Q3,2025 Q2,inflation,3,0.6302086589368908,MIDAS-Latent (trend),2025-06-30,Other,0.08229123314116293,0.5479174257957279
Cutoff only,0,131,2024 Q3,2025 Q2,inflation,3,0.9687350095927556,MIDAS-Latent,2025-06-30,Other,0.08229123314116293,0.8864437764515927
Cutoff only,0,131,2024 Q3,2025 Q2,inflation,3,0.30382417422044655,AR(2),2025-06-30,Other,0.08229123314116293,0.2215329410792836
Cutoff only,0,131,2024 Q3,2025 Q3,inflation,4,-0.4652753044269978,MF-VAR,2025-09-30,1-year ahead,0.6122884651894367,-1.0775637696164346
Cutoff only,0,131,2024 Q3,2025 Q3,inflation,4,0.37906711939198257,MIDAS (trend),2025-09-30,1-year ahead,0.6122884651894367,-0.23322134579745413
Cutoff only,0,131,2024 Q3,2025 Q3,inflation,4,0.6427932357881682,MIDAS,2025-09-30,1-year ahead,0.6122884651894367,0.03050477059873146
Cutoff only,0,131,2024 Q3,2025 Q3,inflation,4,0.6242327065194572,MIDAS-Latent (trend),2025-09-30,1-year ahead,0.6122884651894367,0.01194424133002047
Cutoff only,0,131,2024 Q3,2025 Q3,inflation,4,0.963130359263242,MIDAS-Latent,2025-09-30,1-year ahead,0.6122884651894367,0.35084189407380517
Cutoff only,0,131,2024 Q3,2025 Q3,inflation,4,0.23832747999870577,AR(2),2025-09-30,1-year ahead,0.6122884651894367,-0.37396098519073095
Cutoff +1m,1,122,2022 Q2,2022 Q3,exch_rate,1,-0.01121191186490006,MF-VAR,2022-09-30,1-step ahead,-0.02673991612199204,0.01552800425709198
Cutoff +1m,1,122,2022 Q2,2022 Q3,exch_rate,1,0.0244727648752235,MIDAS (trend),2022-09-30,1-step ahead,-0.02673991612199204,0.05121268099721554
Cutoff +1m,1,122,2022 Q2,2022 Q3,exch_rate,1,0.02648967119044024,MIDAS,2022-09-30,1-step ahead,-0.02673991612199204,0.05322958731243228
Cutoff +1m,1,122,2022 Q2,2022 Q3,exch_rate,1,0.01736931361857723,MIDAS-Latent (trend),2022-09-30,1-step ahead,-0.02673991612199204,0.04410922974056928
Cutoff +1m,1,122,2022 Q2,2022 Q3,exch_rate,1,0.03076454371983739,MIDAS-Latent,2022-09-30,1-step ahead,-0.02673991612199204,0.05750445984182943
Cutoff +1m,1,122,2022 Q2,2022 Q3,exch_rate,1,0.01794364712837148,AR(2),2022-09-30,1-step ahead,-0.02673991612199204,0.04468356325036353
Cutoff +1m,1,122,2022 Q2,2022 Q4,exch_rate,2,-0.01340119705218675,MF-VAR,2022-12-31,Other,-0.01686369046465063,0.00346249341246387
Cutoff +1m,1,122,2022 Q2,2022 Q4,exch_rate,2,0.02733841554314759,MIDAS (trend),2022-12-31,Other,-0.01686369046465063,0.04420210600779822
Cutoff +1m,1,122,2022 Q2,2022 Q4,exch_rate,2,0.02948270194195678,MIDAS,2022-12-31,Other,-0.01686369046465063,0.04634639240660741
Cutoff +1m,1,122,2022 Q2,2022 Q4,exch_rate,2,0.01283943153630036,MIDAS-Latent (trend),2022-12-31,Other,-0.01686369046465063,0.02970312200095099
Cutoff +1m,1,122,2022 Q2,2022 Q4,exch_rate,2,0.02178604392089663,MIDAS-Latent,2022-12-31,Other,-0.01686369046465063,0.03864973438554726
Cutoff +1m,1,122,2022 Q2,2022 Q4,exch_rate,2,0.01714007707088672,AR(2),2022-12-31,Other,-0.01686369046465063,0.03400376753553735
Cutoff +1m,1,122,2022 Q2,2023 Q1,exch_rate,3,-0.02461537190887043,MF-VAR,2023-03-31,Other,-0.00764627711431255,-0.01696909479455788
Cutoff +1m,1,122,2022 Q2,2023 Q1,exch_rate,3,0.02447978195457222,MIDAS (trend),2023-03-31,Other,-0.00764627711431255,0.03212605906888477
Cutoff +1m,1,122,2022 Q2,2023 Q1,exch_rate,3,0.0288291024874923,MIDAS,2023-03-31,Other,-0.00764627711431255,0.03647537960180486
Cutoff +1m,1,122,2022 Q2,2023 Q1,exch_rate,3,0.00833062043866851,MIDAS-Latent (trend),2023-03-31,Other,-0.00764627711431255,0.01597689755298106
Cutoff +1m,1,122,2022 Q2,2023 Q1,exch_rate,3,0.02533398726083896,MIDAS-Latent,2023-03-31,Other,-0.00764627711431255,0.03298026437515151
Cutoff +1m,1,122,2022 Q2,2023 Q1,exch_rate,3,0.01341022426091578,AR(2),2023-03-31,Other,-0.00764627711431255,0.02105650137522834
Cutoff +1m,1,122,2022 Q2,2023 Q2,exch_rate,4,-0.02482334550226911,MF-VAR,2023-06-30,1-year ahead,-0.02150963188471731,-0.00331371361755179
Cutoff +1m,1,122,2022 Q2,2023 Q2,exch_rate,4,0.02662532522080138,MIDAS (trend),2023-06-30,1-year ahead,-0.02150963188471731,0.0481349571055187
Cutoff +1m,1,122,2022 Q2,2023 Q2,exch_rate,4,0.03177508243889676,MIDAS,2023-06-30,1-year ahead,-0.02150963188471731,0.05328471432361408
Cutoff +1m,1,122,2022 Q2,2023 Q2,exch_rate,4,0.00365061642910042,MIDAS-Latent (trend),2023-06-30,1-year ahead,-0.02150963188471731,0.02516024831381774
Cutoff +1m,1,122,2022 Q2,2023 Q2,exch_rate,4,0.01651186866309184,MIDAS-Latent,2023-06-30,1-year ahead,-0.02150963188471731,0.03802150054780916
Cutoff +1m,1,122,2022 Q2,2023 Q2,exch_rate,4,0.01269023892425916,AR(2),2023-06-30,1-year ahead,-0.02150963188471731,0.03419987080897647
Cutoff +1m,1,122,2022 Q2,2022 Q3,gdp_growth,1,0.19916033356109208,MF-VAR,2022-09-30,1-step ahead,-1.4984497864681146,1.6976101200292066
Cutoff +1m,1,122,2022 Q2,2022 Q3,gdp_growth,1,-0.3118347742849984,MIDAS (trend),2022-09-30,1-step ahead,-1.4984497864681146,1.186615012183116
Cutoff +1m,1,122,2022 Q2,2022 Q3,gdp_growth,1,-0.03184193389214489,MIDAS,2022-09-30,1-step ahead,-1.4984497864681146,1.4666078525759696
Cutoff +1m,1,122,2022 Q2,2022 Q3,gdp_growth,1,7.779747440749676,MIDAS-Latent (trend),2022-09-30,1-step ahead,-1.4984497864681146,9.278197227217792
Cutoff +1m,1,122,2022 Q2,2022 Q3,gdp_growth,1,7.832817507724504,MIDAS-Latent,2022-09-30,1-step ahead,-1.4984497864681146,9.331267294192616
Cutoff +1m,1,122,2022 Q2,2022 Q3,gdp_growth,1,2.3006805969450115,AR(2),2022-09-30,1-step ahead,-1.4984497864681146,3.799130383413126
Cutoff +1m,1,122,2022 Q2,2022 Q4,gdp_growth,2,-0.9374104201968412,MF-VAR,2022-12-31,Other,-0.00329960589198208,-0.934110814304859
Cutoff +1m,1,122,2022 Q2,2022 Q4,gdp_growth,2,2.553948830236178,MIDAS (trend),2022-12-31,Other,-0.00329960589198208,2.55724843612816
Cutoff +1m,1,122,2022 Q2,2022 Q4,gdp_growth,2,2.822316766959319,MIDAS,2022-12-31,Other,-0.00329960589198208,2.8256163728513015
Cutoff +1m,1,122,2022 Q2,2022 Q4,gdp_growth,2,7.947195737423976,MIDAS-Latent (trend),2022-12-31,Other,-0.00329960589198208,7.950495343315958
Cutoff +1m,1,122,2022 Q2,2022 Q4,gdp_growth,2,8.00083688655652,MIDAS-Latent,2022-12-31,Other,-0.00329960589198208,8.004136492448502
Cutoff +1m,1,122,2022 Q2,2022 Q4,gdp_growth,2,1.4011179223045118,AR(2),2022-12-31,Other,-0.00329960589198208,1.404417528196494
Cutoff +1m,1,122,2022 Q2,2023 Q1,gdp_growth,3,2.636405353401305,MF-VAR,2023-03-31,Other,-1.4211511197238735,4.057556473125178
Cutoff +1m,1,122,2022 Q2,2023 Q1,gdp_growth,3,2.3958704188894324,MIDAS (trend),2023-03-31,Other,-1.4211511197238735,3.817021538613306
Cutoff +1m,1,122,2022 Q2,2023 Q1,gdp_growth,3,2.6841173277155,MIDAS,2023-03-31,Other,-1.4211511197238735,4.105268447439373
Cutoff +1m,1,122,2022 Q2,2023 Q1,gdp_growth,3,8.2633056762827,MIDAS-Latent (trend),2023-03-31,Other,-1.4211511197238735,9.684456796006572
Cutoff +1m,1,122,2022 Q2,2023 Q1,gdp_growth,3,8.322419409166846,MIDAS-Latent,2023-03-31,Other,-1.4211511197238735,9.74357052889072
Cutoff +1m,1,122,2022 Q2,2023 Q1,gdp_growth,3,1.4531080628906867,AR(2),2023-03-31,Other,-1.4211511197238735,2.8742591826145603
Cutoff +1m,1,122,2022 Q2,2023 Q2,gdp_growth,4,-1.9327499723177384,MF-VAR,2023-06-30,1-year ahead,-1.9508697250607552,0.01811975274301724
Cutoff +1m,1,122,2022 Q2,2023 Q2,gdp_growth,4,2.4815943781454832,MIDAS (trend),2023-06-30,1-year ahead,-1.9508697250607552,4.432464103206239
Cutoff +1m,1,122,2022 Q2,2023 Q2,gdp_growth,4,2.76985947330037,MIDAS,2023-06-30,1-year ahead,-1.9508697250607552,4.720729198361125
Cutoff +1m,1,122,2022 Q2,2023 Q2,gdp_growth,4,8.278896983204643,MIDAS-Latent (trend),2023-06-30,1-year ahead,-1.9508697250607552,10.229766708265398
Cutoff +1m,1,122,2022 Q2,2023 Q2,gdp_growth,4,8.33897174660941,MIDAS-Latent,2023-06-30,1-year ahead,-1.9508697250607552,10.289841471670163
Cutoff +1m,1,122,2022 Q2,2023 Q2,gdp_growth,4,1.4860590564519338,AR(2),2023-06-30,1-year ahead,-1.9508697250607552,3.436928781512689
Cutoff +1m,1,122,2022 Q2,2022 Q3,inflation,1,2.1205301955282203,MF-VAR,2022-09-30,1-step ahead,3.320870259523545,-1.2003400639953248
Cutoff +1m,1,122,2022 Q2,2022 Q3,inflation,1,0.7340420858117517,MIDAS (trend),2022-09-30,1-step ahead,3.320870259523545,-2.5868281737117935
Cutoff +1m,1,122,2022 Q2,2022 Q3,inflation,1,1.202260487025129,MIDAS,2022-09-30,1-step ahead,3.320870259523545,-2.118609772498416
Cutoff +1m,1,122,2022 Q2,2022 Q3,inflation,1,2.7786241510798693,MIDAS-Latent (trend),2022-09-30,1-step ahead,3.320870259523545,-0.5422461084436758
Cutoff +1m,1,122,2022 Q2,2022 Q3,inflation,1,3.1297775845463267,MIDAS-Latent,2022-09-30,1-step ahead,3.320870259523545,-0.1910926749772184
Cutoff +1m,1,122,2022 Q2,2022 Q3,inflation,1,2.309332250415841,AR(2),2022-09-30,1-step ahead,3.320870259523545,-1.0115380091077042
Cutoff +1m,1,122,2022 Q2,2022 Q4,inflation,2,2.155384408537019,MF-VAR,2022-12-31,Other,1.4337160386958203,0.7216683698411988
Cutoff +1m,1,122,2022 Q2,2022 Q4,inflation,2,1.5613152745872916,MIDAS (trend),2022-12-31,Other,1.4337160386958203,0.12759923589147126
Cutoff +1m,1,122,2022 Q2,2022 Q4,inflation,2,2.158418109775046,MIDAS,2022-12-31,Other,1.4337160386958203,0.7247020710792258
Cutoff +1m,1,122,2022 Q2,2022 Q4,inflation,2,2.8379894363900147,MIDAS-Latent (trend),2022-12-31,Other,1.4337160386958203,1.4042733976941943
Cutoff +1m,1,122,2022 Q2,2022 Q4,inflation,2,3.293632435321106,MIDAS-Latent,2022-12-31,Other,1.4337160386958203,1.8599163966252856
Cutoff +1m,1,122,2022 Q2,2022 Q4,inflation,2,1.5185450588592335,AR(2),2022-12-31,Other,1.4337160386958203,0.0848290201634132
Cutoff +1m,1,122,2022 Q2,2023 Q1,inflation,3,0.7502028089747365,MF-VAR,2023-03-31,Other,3.17581391503019,-2.4256111060554537
Cutoff +1m,1,122,2022 Q2,2023 Q1,inflation,3,0.30936946043926594,MIDAS (trend),2023-03-31,Other,3.17581391503019,-2.866444454590924
Cutoff +1m,1,122,2022 Q2,2023 Q1,inflation,3,0.8708423335319748,MIDAS,2023-03-31,Other,3.17581391503019,-2.304971581498215
Cutoff +1m,1,122,2022 Q2,2023 Q1,inflation,3,2.7793569377880343,MIDAS-Latent (trend),2023-03-31,Other,3.17581391503019,-0.3964569772421558
Cutoff +1m,1,122,2022 Q2,2023 Q1,inflation,3,3.183736892042476,MIDAS-Latent,2023-03-31,Other,3.17581391503019,0.00792297701228594
Cutoff +1m,1,122,2022 Q2,2023 Q1,inflation,3,0.9973676589704724,AR(2),2023-03-31,Other,3.17581391503019,-2.1784462560597175
Cutoff +1m,1,122,2022 Q2,2023 Q2,inflation,4,-0.16788196477537992,MF-VAR,2023-06-30,1-year ahead,0.5501119867577842,-0.7179939515331641
Cutoff +1m,1,122,2022 Q2,2023 Q2,inflation,4,0.5760192003823267,MIDAS (trend),2023-06-30,1-year ahead,0.5501119867577842,0.02590721362454251
Cutoff +1m,1,122,2022 Q2,2023 Q2,inflation,4,1.242281398507294,MIDAS,2023-06-30,1-year ahead,0.5501119867577842,0.6921694117495099
Cutoff +1m,1,122,2022 Q2,2023 Q2,inflation,4,2.776450711060089,MIDAS-Latent (trend),2023-06-30,1-year ahead,0.5501119867577842,2.226338724302305
Cutoff +1m,1,122,2022 Q2,2023 Q2,inflation,4,3.196719925891197,MIDAS-Latent,2023-06-30,1-year ahead,0.5501119867577842,2.6466079391334127
Cutoff +1m,1,122,2022 Q2,2023 Q2,inflation,4,0.6988475954173927,AR(2),2023-06-30,1-year ahead,0.5501119867577842,0.14873560865960855
Cutoff +1m,1,123,2022 Q3,2022 Q4,exch_rate,1,-0.01875937155407791,MF-VAR,2022-12-31,1-step ahead,-0.01686369046465063,-0.00189568108942727
Cutoff +1m,1,123,2022 Q3,2022 Q4,exch_rate,1,0.02308428040606629,MIDAS (trend),2022-12-31,1-step ahead,-0.01686369046465063,0.03994797087071692
Cutoff +1m,1,123,2022 Q3,2022 Q4,exch_rate,1,0.0248671958365079,MIDAS,2022-12-31,1-step ahead,-0.01686369046465063,0.04173088630115854
Cutoff +1m,1,123,2022 Q3,2022 Q4,exch_rate,1,-0.02092391422668898,MIDAS-Latent (trend),2022-12-31,1-step ahead,-0.01686369046465063,-0.00406022376203835
Cutoff +1m,1,123,2022 Q3,2022 Q4,exch_rate,1,0.01976893133131775,MIDAS-Latent,2022-12-31,1-step ahead,-0.01686369046465063,0.03663262179596838
Cutoff +1m,1,123,2022 Q3,2022 Q4,exch_rate,1,-0.03151574313276253,AR(2),2022-12-31,1-step ahead,-0.01686369046465063,-0.01465205266811189
Cutoff +1m,1,123,2022 Q3,2023 Q1,exch_rate,2,-0.02399776451731691,MF-VAR,2023-03-31,Other,-0.00764627711431255,-0.01635148740300436
Cutoff +1m,1,123,2022 Q3,2023 Q1,exch_rate,2,-0.02896613806568648,MIDAS (trend),2023-03-31,Other,-0.00764627711431255,-0.02131986095137392
Cutoff +1m,1,123,2022 Q3,2023 Q1,exch_rate,2,-0.03130785135379581,MIDAS,2023-03-31,Other,-0.00764627711431255,-0.02366157423948325
Cutoff +1m,1,123,2022 Q3,2023 Q1,exch_rate,2,-0.02392688955166604,MIDAS-Latent (trend),2023-03-31,Other,-0.00764627711431255,-0.01628061243735348
Cutoff +1m,1,123,2022 Q3,2023 Q1,exch_rate,2,-0.03319239114917241,MIDAS-Latent,2023-03-31,Other,-0.00764627711431255,-0.02554611403485986
Cutoff +1m,1,123,2022 Q3,2023 Q1,exch_rate,2,-0.03296813704854884,AR(2),2023-03-31,Other,-0.00764627711431255,-0.02532185993423628
Cutoff +1m,1,123,2022 Q3,2023 Q2,exch_rate,3,-0.01296445739154576,MF-VAR,2023-06-30,Other,-0.02150963188471731,0.00854517449317154
Cutoff +1m,1,123,2022 Q3,2023 Q2,exch_rate,3,0.01570603457161486,MIDAS (trend),2023-06-30,Other,-0.02150963188471731,0.03721566645633217
Cutoff +1m,1,123,2022 Q3,2023 Q2,exch_rate,3,0.01969549627407825,MIDAS,2023-06-30,Other,-0.02150963188471731,0.04120512815879557
Cutoff +1m,1,123,2022 Q3,2023 Q2,exch_rate,3,-0.02896080657744747,MIDAS-Latent (trend),2023-06-30,Other,-0.02150963188471731,-0.00745117469273016
Cutoff +1m,1,123,2022 Q3,2023 Q2,exch_rate,3,0.01251190215259201,MIDAS-Latent,2023-06-30,Other,-0.02150963188471731,0.03402153403730933
Cutoff +1m,1,123,2022 Q3,2023 Q2,exch_rate,3,-0.03062764276325851,AR(2),2023-06-30,Other,-0.02150963188471731,-0.0091180108785412
Cutoff +1m,1,123,2022 Q3,2023 Q3,exch_rate,4,-0.006328319153561,MF-VAR,2023-09-30,1-year ahead,-0.03937898253147601,0.033050663377915
Cutoff +1m,1,123,2022 Q3,2023 Q3,exch_rate,4,-0.03186867084084899,MIDAS (trend),2023-09-30,1-year ahead,-0.03937898253147601,0.00751031169062701
Cutoff +1m,1,123,2022 Q3,2023 Q3,exch_rate,4,-0.03582234518473624,MIDAS,2023-09-30,1-year ahead,-0.03937898253147601,0.00355663734673976
Cutoff +1m,1,123,2022 Q3,2023 Q3,exch_rate,4,-0.03369475809735655,MIDAS-Latent (trend),2023-09-30,1-year ahead,-0.03937898253147601,0.00568422443411945
Cutoff +1m,1,123,2022 Q3,2023 Q3,exch_rate,4,-0.03953324514390143,MIDAS-Latent,2023-09-30,1-year ahead,-0.03937898253147601,-1.5426261242541817e-4
Cutoff +1m,1,123,2022 Q3,2023 Q3,exch_rate,4,-0.03537571190593926,AR(2),2023-09-30,1-year ahead,-0.03937898253147601,0.00400327062553675
Cutoff +1m,1,123,2022 Q3,2022 Q4,gdp_growth,1,10.141406158935084,MF-VAR,2022-12-31,1-step ahead,-0.00329960589198208,10.144705764827066
Cutoff +1m,1,123,2022 Q3,2022 Q4,gdp_growth,1,2.6720375841320703,MIDAS (trend),2022-12-31,1-step ahead,-0.00329960589198208,2.6753371900240523
Cutoff +1m,1,123,2022 Q3,2022 Q4,gdp_growth,1,2.9653627147507096,MIDAS,2022-12-31,1-step ahead,-0.00329960589198208,2.9686623206426916
Cutoff +1m,1,123,2022 Q3,2022 Q4,gdp_growth,1,-0.00990374948299962,MIDAS-Latent (trend),2022-12-31,1-step ahead,-0.00329960589198208,-0.00660414359101754
Cutoff +1m,1,123,2022 Q3,2022 Q4,gdp_growth,1,0.06587629825283406,MIDAS-Latent,2022-12-31,1-step ahead,-0.00329960589198208,0.06917590414481614
Cutoff +1m,1,123,2022 Q3,2022 Q4,gdp_growth,1,1.6636455854759182,AR(2),2022-12-31,1-step ahead,-0.00329960589198208,1.6669451913679003
Cutoff +1m,1,123,2022 Q3,2023 Q1,gdp_growth,2,9.962303901723216,MF-VAR,2023-03-31,Other,-1.4211511197238735,11.38345502144709
Cutoff +1m,1,123,2022 Q3,2023 Q1,gdp_growth,2,1.815966060342703,MIDAS (trend),2023-03-31,Other,-1.4211511197238735,3.2371171800665763
Cutoff +1m,1,123,2022 Q3,2023 Q1,gdp_growth,2,2.126984678656753,MIDAS,2023-03-31,Other,-1.4211511197238735,3.5481357983806263
Cutoff +1m,1,123,2022 Q3,2023 Q1,gdp_growth,2,-0.5964666306730813,MIDAS-Latent (trend),2023-03-31,Other,-1.4211511197238735,0.8246844890507923
Cutoff +1m,1,123,2022 Q3,2023 Q1,gdp_growth,2,-0.5174800156921582,MIDAS-Latent,2023-03-31,Other,-1.4211511197238735,0.9036711040317154
Cutoff +1m,1,123,2022 Q3,2023 Q1,gdp_growth,2,1.6403674336707763,AR(2),2023-03-31,Other,-1.4211511197238735,3.06151855339465
Cutoff +1m,1,123,2022 Q3,2023 Q2,gdp_growth,3,-0.16853119928255322,MF-VAR,2023-06-30,Other,-1.9508697250607552,1.782338525778202
Cutoff +1m,1,123,2022 Q3,2023 Q2,gdp_growth,3,1.94251881454522,MIDAS (trend),2023-06-30,Other,-1.9508697250607552,3.893388539605976
Cutoff +1m,1,123,2022 Q3,2023 Q2,gdp_growth,3,2.260547206524945,MIDAS,2023-06-30,Other,-1.9508697250607552,4.2114169315857
Cutoff +1m,1,123,2022 Q3,2023 Q2,gdp_growth,3,-0.4540888747896607,MIDAS-Latent (trend),2023-06-30,Other,-1.9508697250607552,1.4967808502710946
Cutoff +1m,1,123,2022 Q3,2023 Q2,gdp_growth,3,-0.367065123742788,MIDAS-Latent,2023-06-30,Other,-1.9508697250607552,1.5838046013179674
Cutoff +1m,1,123,2022 Q3,2023 Q2,gdp_growth,3,1.4154921850856148,AR(2),2023-06-30,Other,-1.9508697250607552,3.36636191014637
Cutoff +1m,1,123,2022 Q3,2023 Q3,gdp_growth,4,6.410963672986418,MF-VAR,2023-09-30,1-year ahead,0.28204712749158034,6.128916545494838
Cutoff +1m,1,123,2022 Q3,2023 Q3,gdp_growth,4,1.9105416841774232,MIDAS (trend),2023-09-30,1-year ahead,0.28204712749158034,1.628494556685843
Cutoff +1m,1,123,2022 Q3,2023 Q3,gdp_growth,4,2.2354619481769955,MIDAS,2023-09-30,1-year ahead,0.28204712749158034,1.9534148206854152
Cutoff +1m,1,123,2022 Q3,2023 Q3,gdp_growth,4,-0.5119139093781184,MIDAS-Latent (trend),2023-09-30,1-year ahead,0.28204712749158034,-0.7939610368696988
Cutoff +1m,1,123,2022 Q3,2023 Q3,gdp_growth,4,-0.423156675106052,MIDAS-Latent,2023-09-30,1-year ahead,0.28204712749158034,-0.7052038025976324
Cutoff +1m,1,123,2022 Q3,2023 Q3,gdp_growth,4,2.56723074725958,AR(2),2023-09-30,1-year ahead,0.28204712749158034,2.2851836197679996
Cutoff +1m,1,123,2022 Q3,2022 Q4,inflation,1,1.6066165856389785,MF-VAR,2022-12-31,1-step ahead,1.4337160386958203,0.17290054694315815
Cutoff +1m,1,123,2022 Q3,2022 Q4,inflation,1,1.8494312331830167,MIDAS (trend),2022-12-31,1-step ahead,1.4337160386958203,0.4157151944871964
Cutoff +1m,1,123,2022 Q3,2022 Q4,inflation,1,2.2817735382074384,MIDAS,2022-12-31,1-step ahead,1.4337160386958203,0.8480574995116181
Cutoff +1m,1,123,2022 Q3,2022 Q4,inflation,1,2.877718449533446,MIDAS-Latent (trend),2022-12-31,1-step ahead,1.4337160386958203,1.444002410837625
Cutoff +1m,1,123,2022 Q3,2022 Q4,inflation,1,3.261077838449266,MIDAS-Latent,2022-12-31,1-step ahead,1.4337160386958203,1.827361799753445
Cutoff +1m,1,123,2022 Q3,2022 Q4,inflation,1,2.034486050019379,AR(2),2022-12-31,1-step ahead,1.4337160386958203,0.6007700113235588
Cutoff +1m,1,123,2022 Q3,2023 Q1,inflation,2,1.6248585693815751,MF-VAR,2023-03-31,Other,3.17581391503019,-1.550955345648615
Cutoff +1m,1,123,2022 Q3,2023 Q1,inflation,2,1.381773463729164,MIDAS (trend),2023-03-31,Other,3.17581391503019,-1.7940404513010262
Cutoff +1m,1,123,2022 Q3,2023 Q1,inflation,2,1.767297085282595,MIDAS,2023-03-31,Other,3.17581391503019,-1.4085168297475947
Cutoff +1m,1,123,2022 Q3,2023 Q1,inflation,2,2.8396295885787217,MIDAS-Latent (trend),2023-03-31,Other,3.17581391503019,-0.33618432645146834
Cutoff +1m,1,123,2022 Q3,2023 Q1,inflation,2,3.1765001575921636,MIDAS-Latent,2023-03-31,Other,3.17581391503019,6.862425619735824e-4
Cutoff +1m,1,123,2022 Q3,2023 Q1,inflation,2,1.3278439681389915,AR(2),2023-03-31,Other,3.17581391503019,-1.8479699468911983
Cutoff +1m,1,123,2022 Q3,2023 Q2,inflation,3,0.1579294017125087,MF-VAR,2023-06-30,Other,0.5501119867577842,-0.3921825850452755
Cutoff +1m,1,123,2022 Q3,2023 Q2,inflation,3,0.8459636987875614,MIDAS (trend),2023-06-30,Other,0.5501119867577842,0.2958517120297772
Cutoff +1m,1,123,2022 Q3,2023 Q2,inflation,3,1.3481455453615618,MIDAS,2023-06-30,Other,0.5501119867577842,0.7980335586037777
Cutoff +1m,1,123,2022 Q3,2023 Q2,inflation,3,2.822877233484187,MIDAS-Latent (trend),2023-06-30,Other,0.5501119867577842,2.272765246726403
Cutoff +1m,1,123,2022 Q3,2023 Q2,inflation,3,3.172271332012771,MIDAS-Latent,2023-06-30,Other,0.5501119867577842,2.6221593452549867
Cutoff +1m,1,123,2022 Q3,2023 Q2,inflation,3,0.905959134737612,AR(2),2023-06-30,Other,0.5501119867577842,0.35584714797982775
Cutoff +1m,1,123,2022 Q3,2023 Q3,inflation,4,0.21651167255779877,MF-VAR,2023-09-30,1-year ahead,1.2606093578710895,-1.044097685313291
Cutoff +1m,1,123,2022 Q3,2023 Q3,inflation,4,0.6726458483893604,MIDAS (trend),2023-09-30,1-year ahead,1.2606093578710895,-0.5879635094817294
Cutoff +1m,1,123,2022 Q3,2023 Q3,inflation,4,1.1406156849810694,MIDAS,2023-09-30,1-year ahead,1.2606093578710895,-0.1199936728900204
Cutoff +1m,1,123,2022 Q3,2023 Q3,inflation,4,2.8176068460605372,MIDAS-Latent (trend),2023-09-30,1-year ahead,1.2606093578710895,1.5569974881894475
Cutoff +1m,1,123,2022 Q3,2023 Q3,inflation,4,3.1662895661998447,MIDAS-Latent,2023-09-30,1-year ahead,1.2606093578710895,1.905680208328755
Cutoff +1m,1,123,2022 Q3,2023 Q3,inflation,4,0.5899286742213115,AR(2),2023-09-30,1-year ahead,1.2606093578710895,-0.6706806836497783
Cutoff +1m,1,124,2022 Q4,2023 Q1,exch_rate,1,0.00569764044437711,MF-VAR,2023-03-31,1-step ahead,-0.00764627711431255,0.01334391755868967
Cutoff +1m,1,124,2022 Q4,2023 Q1,exch_rate,1,-0.02347162842961837,MIDAS (trend),2023-03-31,1-step ahead,-0.00764627711431255,-0.01582535131530581
Cutoff +1m,1,124,2022 Q4,2023 Q1,exch_rate,1,-0.02572809147897825,MIDAS,2023-03-31,1-step ahead,-0.00764627711431255,-0.0180818143646657
Cutoff +1m,1,124,2022 Q4,2023 Q1,exch_rate,1,-0.02883969603861045,MIDAS-Latent (trend),2023-03-31,1-step ahead,-0.00764627711431255,-0.0211934189242979
Cutoff +1m,1,124,2022 Q4,2023 Q1,exch_rate,1,-0.03513520044748873,MIDAS-Latent,2023-03-31,1-step ahead,-0.00764627711431255,-0.02748892333317618
Cutoff +1m,1,124,2022 Q4,2023 Q1,exch_rate,1,-0.01634603011376184,AR(2),2023-03-31,1-step ahead,-0.00764627711431255,-0.00869975299944929
Cutoff +1m,1,124,2022 Q4,2023 Q2,exch_rate,2,0.00332550036330692,MF-VAR,2023-06-30,Other,-0.02150963188471731,0.02483513224802424
Cutoff +1m,1,124,2022 Q4,2023 Q2,exch_rate,2,-0.02351381874021088,MIDAS (trend),2023-06-30,Other,-0.02150963188471731,-0.00200418685549357
Cutoff +1m,1,124,2022 Q4,2023 Q2,exch_rate,2,-0.02481090551547541,MIDAS,2023-06-30,Other,-0.02150963188471731,-0.00330127363075809
Cutoff +1m,1,124,2022 Q4,2023 Q2,exch_rate,2,-0.03392219943391867,MIDAS-Latent (trend),2023-06-30,Other,-0.02150963188471731,-0.01241256754920135
Cutoff +1m,1,124,2022 Q4,2023 Q2,exch_rate,2,-0.02539591244555782,MIDAS-Latent,2023-06-30,Other,-0.02150963188471731,-0.0038862805608405
Cutoff +1m,1,124,2022 Q4,2023 Q2,exch_rate,2,-0.01438077755920957,AR(2),2023-06-30,Other,-0.02150963188471731,0.00712885432550774
Cutoff +1m,1,124,2022 Q4,2023 Q3,exch_rate,3,0.01106996576070423,MF-VAR,2023-09-30,Other,-0.03937898253147601,0.05044894829218024
Cutoff +1m,1,124,2022 Q4,2023 Q3,exch_rate,3,-0.02996388264252592,MIDAS (trend),2023-09-30,Other,-0.03937898253147601,0.00941509988895008
Cutoff +1m,1,124,2022 Q4,2023 Q3,exch_rate,3,-0.03360691426374599,MIDAS,2023-09-30,Other,-0.03937898253147601,0.00577206826773001
Cutoff +1m,1,124,2022 Q4,2023 Q3,exch_rate,3,-0.03839140497470594,MIDAS-Latent (trend),2023-09-30,Other,-0.03937898253147601,9.87577556770071e-4
Cutoff +1m,1,124,2022 Q4,2023 Q3,exch_rate,3,-0.04341408093695283,MIDAS-Latent,2023-09-30,Other,-0.03937898253147601,-0.00403509840547682
Cutoff +1m,1,124,2022 Q4,2023 Q3,exch_rate,3,-0.01992059399203452,AR(2),2023-09-30,Other,-0.03937898253147601,0.01945838853944148
Cutoff +1m,1,124,2022 Q4,2023 Q4,exch_rate,4,0.02576722683470889,MF-VAR,2023-12-31,1-year ahead,-0.04688081588673817,0.07264804272144706
Cutoff +1m,1,124,2022 Q4,2023 Q4,exch_rate,4,-0.03045312311174851,MIDAS (trend),2023-12-31,1-year ahead,-0.04688081588673817,0.01642769277498966
Cutoff +1m,1,124,2022 Q4,2023 Q4,exch_rate,4,-0.03269680474300992,MIDAS,2023-12-31,1-year ahead,-0.04688081588673817,0.01418401114372825
Cutoff +1m,1,124,2022 Q4,2023 Q4,exch_rate,4,-0.04305408138130788,MIDAS-Latent (trend),2023-12-31,1-year ahead,-0.04688081588673817,0.00382673450543029
Cutoff +1m,1,124,2022 Q4,2023 Q4,exch_rate,4,-0.03380983189733649,MIDAS-Latent,2023-12-31,1-year ahead,-0.04688081588673817,0.01307098398940168
Cutoff +1m,1,124,2022 Q4,2023 Q4,exch_rate,4,-0.01879073239411212,AR(2),2023-12-31,1-year ahead,-0.04688081588673817,0.02809008349262605
Cutoff +1m,1,124,2022 Q4,2023 Q1,gdp_growth,1,4.643056180348526,MF-VAR,2023-03-31,1-step ahead,-1.4211511197238735,6.0642073000723995
Cutoff +1m,1,124,2022 Q4,2023 Q1,gdp_growth,1,3.630295388750888,MIDAS (trend),2023-03-31,1-step ahead,-1.4211511197238735,5.051446508474761
Cutoff +1m,1,124,2022 Q4,2023 Q1,gdp_growth,1,4.002391154971424,MIDAS,2023-03-31,1-step ahead,-1.4211511197238735,5.423542274695298
Cutoff +1m,1,124,2022 Q4,2023 Q1,gdp_growth,1,-1.3598486710602444,MIDAS-Latent (trend),2023-03-31,1-step ahead,-1.4211511197238735,0.0613024486636291
Cutoff +1m,1,124,2022 Q4,2023 Q1,gdp_growth,1,-1.335751176330306,MIDAS-Latent,2023-03-31,1-step ahead,-1.4211511197238735,0.08539994339356749
Cutoff +1m,1,124,2022 Q4,2023 Q1,gdp_growth,1,1.7626944432826557,AR(2),2023-03-31,1-step ahead,-1.4211511197238735,3.183845563006529
Cutoff +1m,1,124,2022 Q4,2023 Q2,gdp_growth,2,4.658007472486734,MF-VAR,2023-06-30,Other,-1.9508697250607552,6.608877197547489
Cutoff +1m,1,124,2022 Q4,2023 Q2,gdp_growth,2,1.6415708905456037,MIDAS (trend),2023-06-30,Other,-1.9508697250607552,3.592440615606358
Cutoff +1m,1,124,2022 Q4,2023 Q2,gdp_growth,2,2.0290038497638587,MIDAS,2023-06-30,Other,-1.9508697250607552,3.979873574824614
Cutoff +1m,1,124,2022 Q4,2023 Q2,gdp_growth,2,-1.23927678060209,MIDAS-Latent (trend),2023-06-30,Other,-1.9508697250607552,0.7115929444586653
Cutoff +1m,1,124,2022 Q4,2023 Q2,gdp_growth,2,-1.214959049433376,MIDAS-Latent,2023-06-30,Other,-1.9508697250607552,0.7359106756273794
Cutoff +1m,1,124,2022 Q4,2023 Q2,gdp_growth,2,1.5021958026339806,AR(2),2023-06-30,Other,-1.9508697250607552,3.453065527694736
Cutoff +1m,1,124,2022 Q4,2023 Q3,gdp_growth,3,1.363992720801584,MF-VAR,2023-09-30,Other,0.28204712749158034,1.0819455933100035
Cutoff +1m,1,124,2022 Q4,2023 Q3,gdp_growth,3,1.7380956239828915,MIDAS (trend),2023-09-30,Other,0.28204712749158034,1.4560484964913112
Cutoff +1m,1,124,2022 Q4,2023 Q3,gdp_growth,3,2.1322152661783083,MIDAS,2023-09-30,Other,0.28204712749158034,1.850168138686728
Cutoff +1m,1,124,2022 Q4,2023 Q3,gdp_growth,3,-1.3494001249282206,MIDAS-Latent (trend),2023-09-30,Other,0.28204712749158034,-1.631447252419801
Cutoff +1m,1,124,2022 Q4,2023 Q3,gdp_growth,3,-1.3226068705494995,MIDAS-Latent,2023-09-30,Other,0.28204712749158034,-1.60465399804108
Cutoff +1m,1,124,2022 Q4,2023 Q3,gdp_growth,3,2.5376280020022772,AR(2),2023-09-30,Other,0.28204712749158034,2.255580874510697
Cutoff +1m,1,124,2022 Q4,2023 Q4,gdp_growth,4,3.3509050128525435,MF-VAR,2023-12-31,1-year ahead,0.930949540396142,2.4199554724564014
Cutoff +1m,1,124,2022 Q4,2023 Q4,gdp_growth,4,1.6756821818839798,MIDAS (trend),2023-12-31,1-year ahead,0.930949540396142,0.7447326414878377
Cutoff +1m,1,124,2022 Q4,2023 Q4,gdp_growth,4,2.0813685805342907,MIDAS,2023-12-31,1-year ahead,0.930949540396142,1.1504190401381489
Cutoff +1m,1,124,2022 Q4,2023 Q4,gdp_growth,4,-1.3400281311076137,MIDAS-Latent (trend),2023-12-31,1-year ahead,0.930949540396142,-2.270977671503756
Cutoff +1m,1,124,2022 Q4,2023 Q4,gdp_growth,4,-1.3128481599464874,MIDAS-Latent,2023-12-31,1-year ahead,0.930949540396142,-2.2437977003426295
Cutoff +1m,1,124,2022 Q4,2023 Q4,gdp_growth,4,1.5107846541180232,AR(2),2023-12-31,1-year ahead,0.930949540396142,0.5798351137218811
Cutoff +1m,1,124,2022 Q4,2023 Q1,inflation,1,1.8453760820419964,MF-VAR,2023-03-31,1-step ahead,3.17581391503019,-1.3304378329881936
Cutoff +1m,1,124,2022 Q4,2023 Q1,inflation,1,1.440409243960647,MIDAS (trend),2023-03-31,1-step ahead,3.17581391503019,-1.735404671069543
Cutoff +1m,1,124,2022 Q4,2023 Q1,inflation,1,1.8210962893711096,MIDAS,2023-03-31,1-step ahead,3.17581391503019,-1.3547176256590805
Cutoff +1m,1,124,2022 Q4,2023 Q1,inflation,1,1.1874831070460818,MIDAS-Latent (trend),2023-03-31,1-step ahead,3.17581391503019,-1.988330807984108
Cutoff +1m,1,124,2022 Q4,2023 Q1,inflation,1,1.575643035430924,MIDAS-Latent,2023-03-31,1-step ahead,3.17581391503019,-1.6001708795992662
Cutoff +1m,1,124,2022 Q4,2023 Q1,inflation,1,1.0683873024854933,AR(2),2023-03-31,1-step ahead,3.17581391503019,-2.107426612544697
Cutoff +1m,1,124,2022 Q4,2023 Q2,inflation,2,1.8400548860225865,MF-VAR,2023-06-30,Other,0.5501119867577842,1.2899428992648023
Cutoff +1m,1,124,2022 Q4,2023 Q2,inflation,2,0.6779104384201656,MIDAS (trend),2023-06-30,Other,0.5501119867577842,0.12779845166238146
Cutoff +1m,1,124,2022 Q4,2023 Q2,inflation,2,0.995435478068834,MIDAS,2023-06-30,Other,0.5501119867577842,0.44532349131105
Cutoff +1m,1,124,2022 Q4,2023 Q2,inflation,2,1.1468487679672492,MIDAS-Latent (trend),2023-06-30,Other,0.5501119867577842,0.596736781209465
Cutoff +1m,1,124,2022 Q4,2023 Q2,inflation,2,1.4588001093145324,MIDAS-Latent,2023-06-30,Other,0.5501119867577842,0.9086881225567482
Cutoff +1m,1,124,2022 Q4,2023 Q2,inflation,2,0.7664957370947214,AR(2),2023-06-30,Other,0.5501119867577842,0.21638375033693724
Cutoff +1m,1,124,2022 Q4,2023 Q3,inflation,3,0.2504936718647567,MF-VAR,2023-09-30,Other,1.2606093578710895,-1.010115686006333
Cutoff +1m,1,124,2022 Q4,2023 Q3,inflation,3,0.6755482950088032,MIDAS (trend),2023-09-30,Other,1.2606093578710895,-0.5850610628622865
Cutoff +1m,1,124,2022 Q4,2023 Q3,inflation,3,1.145816967728116,MIDAS,2023-09-30,Other,1.2606093578710895,-0.11479239014297372
Cutoff +1m,1,124,2022 Q4,2023 Q3,inflation,3,1.1374118377774192,MIDAS-Latent (trend),2023-09-30,Other,1.2606093578710895,-0.12319752009367058
Cutoff +1m,1,124,2022 Q4,2023 Q3,inflation,3,1.4675875022103644,MIDAS-Latent,2023-09-30,Other,1.2606093578710895,0.20697814433927464
Cutoff +1m,1,124,2022 Q4,2023 Q3,inflation,3,0.5218617956733073,AR(2),2023-09-30,Other,1.2606093578710895,-0.7387475621977825
Cutoff +1m,1,124,2022 Q4,2023 Q4,inflation,4,0.3164515979236019,MF-VAR,2023-12-31,1-year ahead,1.5459954544169818,-1.2295438564933798
Cutoff +1m,1,124,2022 Q4,2023 Q4,inflation,4,0.4026362035173344,MIDAS (trend),2023-12-31,1-year ahead,1.5459954544169818,-1.1433592508996475
Cutoff +1m,1,124,2022 Q4,2023 Q4,inflation,4,0.8252944254960791,MIDAS,2023-12-31,1-year ahead,1.5459954544169818,-0.7207010289209027
Cutoff +1m,1,124,2022 Q4,2023 Q4,inflation,4,1.1318837747597927,MIDAS-Latent (trend),2023-12-31,1-year ahead,1.5459954544169818,-0.4141116796571891
Cutoff +1m,1,124,2022 Q4,2023 Q4,inflation,4,1.4603531865234078,MIDAS-Latent,2023-12-31,1-year ahead,1.5459954544169818,-0.08564226789357399
Cutoff +1m,1,124,2022 Q4,2023 Q4,inflation,4,0.43936985522693633,AR(2),2023-12-31,1-year ahead,1.5459954544169818,-1.1066255991900456
Cutoff +1m,1,125,2023 Q1,2023 Q2,exch_rate,1,-0.00624507290639298,MF-VAR,2023-06-30,1-step ahead,-0.02150963188471731,0.01526455897832432
Cutoff +1m,1,125,2023 Q1,2023 Q2,exch_rate,1,-0.02494966419884742,MIDAS (trend),2023-06-30,1-step ahead,-0.02150963188471731,-0.00344003231413011
Cutoff +1m,1,125,2023 Q1,2023 Q2,exch_rate,1,-0.02528840409934996,MIDAS,2023-06-30,1-step ahead,-0.02150963188471731,-0.00377877221463265
Cutoff +1m,1,125,2023 Q1,2023 Q2,exch_rate,1,-0.00910510846298725,MIDAS-Latent (trend),2023-06-30,1-step ahead,-0.02150963188471731,0.01240452342173006
Cutoff +1m,1,125,2023 Q1,2023 Q2,exch_rate,1,-0.0237357927352266,MIDAS-Latent,2023-06-30,1-step ahead,-0.02150963188471731,-0.00222616085050928
Cutoff +1m,1,125,2023 Q1,2023 Q2,exch_rate,1,-0.00446414051434545,AR(2),2023-06-30,1-step ahead,-0.02150963188471731,0.01704549137037186
Cutoff +1m,1,125,2023 Q1,2023 Q3,exch_rate,2,-0.01543127746318205,MF-VAR,2023-09-30,Other,-0.03937898253147601,0.02394770506829395
Cutoff +1m,1,125,2023 Q1,2023 Q3,exch_rate,2,0.00736700202778866,MIDAS (trend),2023-09-30,Other,-0.03937898253147601,0.04674598455926467
Cutoff +1m,1,125,2023 Q1,2023 Q3,exch_rate,2,0.00923913559264282,MIDAS,2023-09-30,Other,-0.03937898253147601,0.04861811812411883
Cutoff +1m,1,125,2023 Q1,2023 Q3,exch_rate,2,-0.01417275240512521,MIDAS-Latent (trend),2023-09-30,Other,-0.03937898253147601,0.02520623012635079
Cutoff +1m,1,125,2023 Q1,2023 Q3,exch_rate,2,-0.01465185661027004,MIDAS-Latent,2023-09-30,Other,-0.03937898253147601,0.02472712592120596
Cutoff +1m,1,125,2023 Q1,2023 Q3,exch_rate,2,-0.01040079690004035,AR(2),2023-09-30,Other,-0.03937898253147601,0.02897818563143565
Cutoff +1m,1,125,2023 Q1,2023 Q4,exch_rate,3,-0.00199905318462682,MF-VAR,2023-12-31,Other,-0.04688081588673817,0.04488176270211135
Cutoff +1m,1,125,2023 Q1,2023 Q4,exch_rate,3,-0.00875901996153339,MIDAS (trend),2023-12-31,Other,-0.04688081588673817,0.03812179592520479
Cutoff +1m,1,125,2023 Q1,2023 Q4,exch_rate,3,-0.0082359796752435,MIDAS,2023-12-31,Other,-0.04688081588673817,0.03864483621149467
Cutoff +1m,1,125,2023 Q1,2023 Q4,exch_rate,3,-0.01894146066442421,MIDAS-Latent (trend),2023-12-31,Other,-0.04688081588673817,0.02793935522231396
Cutoff +1m,1,125,2023 Q1,2023 Q4,exch_rate,3,-0.03050838019522061,MIDAS-Latent,2023-12-31,Other,-0.04688081588673817,0.01637243569151756
Cutoff +1m,1,125,2023 Q1,2023 Q4,exch_rate,3,-0.00997421353040488,AR(2),2023-12-31,Other,-0.04688081588673817,0.03690660235633329
Cutoff +1m,1,125,2023 Q1,2024 Q1,exch_rate,4,0.01064816006921316,MF-VAR,2024-03-31,1-year ahead,-0.05209269485890586,0.06274085492811904
Cutoff +1m,1,125,2023 Q1,2024 Q1,exch_rate,4,0.02005566515689777,MIDAS (trend),2024-03-31,1-year ahead,-0.05209269485890586,0.07214836001580364
Cutoff +1m,1,125,2023 Q1,2024 Q1,exch_rate,4,0.02596470012633739,MIDAS,2024-03-31,1-year ahead,-0.05209269485890586,0.07805739498524326
Cutoff +1m,1,125,2023 Q1,2024 Q1,exch_rate,4,-0.02360912189011928,MIDAS-Latent (trend),2024-03-31,1-year ahead,-0.05209269485890586,0.02848357296878658
Cutoff +1m,1,125,2023 Q1,2024 Q1,exch_rate,4,-0.02155598841393369,MIDAS-Latent,2024-03-31,1-year ahead,-0.05209269485890586,0.03053670644497216
Cutoff +1m,1,125,2023 Q1,2024 Q1,exch_rate,4,-0.01296861849415753,AR(2),2024-03-31,1-year ahead,-0.05209269485890586,0.03912407636474833
Cutoff +1m,1,125,2023 Q1,2023 Q2,gdp_growth,1,2.9614549030155497,MF-VAR,2023-06-30,1-step ahead,-1.9508697250607552,4.9123246280763055
Cutoff +1m,1,125,2023 Q1,2023 Q2,gdp_growth,1,-2.2590160241921984,MIDAS (trend),2023-06-30,1-step ahead,-1.9508697250607552,-0.308146299131443
Cutoff +1m,1,125,2023 Q1,2023 Q2,gdp_growth,1,-1.7513091779755523,MIDAS,2023-06-30,1-step ahead,-1.9508697250607552,0.19956054708520288
Cutoff +1m,1,125,2023 Q1,2023 Q2,gdp_growth,1,1.4066968946082916,MIDAS-Latent (trend),2023-06-30,1-step ahead,-1.9508697250607552,3.357566619669047
Cutoff +1m,1,125,2023 Q1,2023 Q2,gdp_growth,1,1.42247671652804,MIDAS-Latent,2023-06-30,1-step ahead,-1.9508697250607552,3.3733464415887955
Cutoff +1m,1,125,2023 Q1,2023 Q2,gdp_growth,1,1.7108303282121722,AR(2),2023-06-30,1-step ahead,-1.9508697250607552,3.661700053272928
Cutoff +1m,1,125,2023 Q1,2023 Q3,gdp_growth,2,4.1152988386973055,MF-VAR,2023-09-30,Other,0.28204712749158034,3.833251711205725
Cutoff +1m,1,125,2023 Q1,2023 Q3,gdp_growth,2,3.3231395981960943,MIDAS (trend),2023-09-30,Other,0.28204712749158034,3.041092470704514
Cutoff +1m,1,125,2023 Q1,2023 Q3,gdp_growth,2,3.7893738983417258,MIDAS,2023-09-30,Other,0.28204712749158034,3.5073267708501454
Cutoff +1m,1,125,2023 Q1,2023 Q3,gdp_growth,2,1.2962614699389383,MIDAS-Latent (trend),2023-09-30,Other,0.28204712749158034,1.0142143424473582
Cutoff +1m,1,125,2023 Q1,2023 Q3,gdp_growth,2,1.3123546225937106,MIDAS-Latent,2023-09-30,Other,0.28204712749158034,1.0303074951021305
Cutoff +1m,1,125,2023 Q1,2023 Q3,gdp_growth,2,2.6918856628449683,AR(2),2023-09-30,Other,0.28204712749158034,2.409838535353388
Cutoff +1m,1,125,2023 Q1,2023 Q4,gdp_growth,3,0.2194205522079328,MF-VAR,2023-12-31,Other,0.930949540396142,-0.7115289881882093
Cutoff +1m,1,125,2023 Q1,2023 Q4,gdp_growth,3,3.28942610483933,MIDAS (trend),2023-12-31,Other,0.930949540396142,2.358476564443188
Cutoff +1m,1,125,2023 Q1,2023 Q4,gdp_growth,3,3.779889168302173,MIDAS,2023-12-31,Other,0.930949540396142,2.8489396279060304
Cutoff +1m,1,125,2023 Q1,2023 Q4,gdp_growth,3,1.515756742766727,MIDAS-Latent (trend),2023-12-31,Other,0.930949540396142,0.5848072023705848
Cutoff +1m,1,125,2023 Q1,2023 Q4,gdp_growth,3,1.5332143167458123,MIDAS-Latent,2023-12-31,Other,0.930949540396142,0.6022647763496705
Cutoff +1m,1,125,2023 Q1,2023 Q4,gdp_growth,3,1.4610854643034432,AR(2),2023-12-31,Other,0.930949540396142,0.5301359239073011
Cutoff +1m,1,125,2023 Q1,2024 Q1,gdp_growth,4,0.9125791410630688,MF-VAR,2024-03-31,1-year ahead,4.0977257494837716,-3.1851466084207027
Cutoff +1m,1,125,2023 Q1,2024 Q1,gdp_growth,4,3.457228761846755,MIDAS (trend),2024-03-31,1-year ahead,4.0977257494837716,-0.6404969876370163
Cutoff +1m,1,125,2023 Q1,2024 Q1,gdp_growth,4,3.939061061582245,MIDAS,2024-03-31,1-year ahead,4.0977257494837716,-0.15866468790152677
Cutoff +1m,1,125,2023 Q1,2024 Q1,gdp_growth,4,1.506919817792172,MIDAS-Latent (trend),2024-03-31,1-year ahead,4.0977257494837716,-2.5908059316915995
Cutoff +1m,1,125,2023 Q1,2024 Q1,gdp_growth,4,1.5246613226881294,MIDAS-Latent,2024-03-31,1-year ahead,4.0977257494837716,-2.573064426795642
Cutoff +1m,1,125,2023 Q1,2024 Q1,gdp_growth,4,1.336713352673199,AR(2),2024-03-31,1-year ahead,4.0977257494837716,-2.761012396810573
Cutoff +1m,1,125,2023 Q1,2023 Q2,inflation,1,1.7372445945637145,MF-VAR,2023-06-30,1-step ahead,0.5501119867577842,1.1871326078059303
Cutoff +1m,1,125,2023 Q1,2023 Q2,inflation,1,0.36273985557438976,MIDAS (trend),2023-06-30,1-step ahead,0.5501119867577842,-0.1873721311833944
Cutoff +1m,1,125,2023 Q1,2023 Q2,inflation,1,0.6315288104421378,MIDAS,2023-06-30,1-step ahead,0.5501119867577842,0.08141682368435366
Cutoff +1m,1,125,2023 Q1,2023 Q2,inflation,1,2.3053750088482308,MIDAS-Latent (trend),2023-06-30,1-step ahead,0.5501119867577842,1.7552630220904466
Cutoff +1m,1,125,2023 Q1,2023 Q2,inflation,1,2.5588196172950757,MIDAS-Latent,2023-06-30,1-step ahead,0.5501119867577842,2.0087076305372915
Cutoff +1m,1,125,2023 Q1,2023 Q2,inflation,1,1.8187000387300312,AR(2),2023-06-30,1-step ahead,0.5501119867577842,1.268588051972247
Cutoff +1m,1,125,2023 Q1,2023 Q3,inflation,2,1.6762066619823344,MF-VAR,2023-09-30,Other,1.2606093578710895,0.4155973041112446
Cutoff +1m,1,125,2023 Q1,2023 Q3,inflation,2,1.345119172179088,MIDAS (trend),2023-09-30,Other,1.2606093578710895,0.08450981430799831
Cutoff +1m,1,125,2023 Q1,2023 Q3,inflation,2,1.6504052623665642,MIDAS,2023-09-30,Other,1.2606093578710895,0.3897959044954744
Cutoff +1m,1,125,2023 Q1,2023 Q3,inflation,2,2.3417920702850896,MIDAS-Latent (trend),2023-09-30,Other,1.2606093578710895,1.081182712414
Cutoff +1m,1,125,2023 Q1,2023 Q3,inflation,2,2.6620466823651836,MIDAS-Latent,2023-09-30,Other,1.2606093578710895,1.401437324494094
Cutoff +1m,1,125,2023 Q1,2023 Q3,inflation,2,1.2783851640463086,AR(2),2023-09-30,Other,1.2606093578710895,0.0177758061752189
Cutoff +1m,1,125,2023 Q1,2023 Q4,inflation,3,0.7741942392095184,MF-VAR,2023-12-31,Other,1.5459954544169818,-0.7718012152074635
Cutoff +1m,1,125,2023 Q1,2023 Q4,inflation,3,0.26560512728687186,MIDAS (trend),2023-12-31,Other,1.5459954544169818,-1.28039032713011
Cutoff +1m,1,125,2023 Q1,2023 Q4,inflation,3,0.6136951125369835,MIDAS,2023-12-31,Other,1.5459954544169818,-0.9323003418799984
Cutoff +1m,1,125,2023 Q1,2023 Q4,inflation,3,2.3170689869312877,MIDAS-Latent (trend),2023-12-31,Other,1.5459954544169818,0.7710735325143059
Cutoff +1m,1,125,2023 Q1,2023 Q4,inflation,3,2.6254870197966245,MIDAS-Latent,2023-12-31,Other,1.5459954544169818,1.0794915653796426
Cutoff +1m,1,125,2023 Q1,2023 Q4,inflation,3,0.9350245072051908,AR(2),2023-12-31,Other,1.5459954544169818,-0.6109709472117911
Cutoff +1m,1,125,2023 Q1,2024 Q1,inflation,4,0.6287436427949569,MF-VAR,2024-03-31,1-year ahead,1.20167733791412,-0.572933695119163
Cutoff +1m,1,125,2023 Q1,2024 Q1,inflation,4,0.6376009009287766,MIDAS (trend),2024-03-31,1-year ahead,1.20167733791412,-0.5640764369853433
Cutoff +1m,1,125,2023 Q1,2024 Q1,inflation,4,1.028852815275422,MIDAS,2024-03-31,1-year ahead,1.20167733791412,-0.17282452263869796
Cutoff +1m,1,125,2023 Q1,2024 Q1,inflation,4,2.313568688089284,MIDAS-Latent (trend),2024-03-31,1-year ahead,1.20167733791412,1.111891350175164
Cutoff +1m,1,125,2023 Q1,2024 Q1,inflation,4,2.6316036835660617,MIDAS-Latent,2024-03-31,1-year ahead,1.20167733791412,1.4299263456519418
Cutoff +1m,1,125,2023 Q1,2024 Q1,inflation,4,0.7170599101616097,AR(2),2024-03-31,1-year ahead,1.20167733791412,-0.48461742775251015
Cutoff +1m,1,126,2023 Q2,2023 Q3,exch_rate,1,-0.03068295720464074,MF-VAR,2023-09-30,1-step ahead,-0.03937898253147601,0.00869602532683526
Cutoff +1m,1,126,2023 Q2,2023 Q3,exch_rate,1,-0.01743766715187498,MIDAS (trend),2023-09-30,1-step ahead,-0.03937898253147601,0.02194131537960102
Cutoff +1m,1,126,2023 Q2,2023 Q3,exch_rate,1,-0.01758948491644034,MIDAS,2023-09-30,1-step ahead,-0.03937898253147601,0.02178949761503567
Cutoff +1m,1,126,2023 Q2,2023 Q3,exch_rate,1,-0.02395635980385986,MIDAS-Latent (trend),2023-09-30,1-step ahead,-0.03937898253147601,0.01542262272761614
Cutoff +1m,1,126,2023 Q2,2023 Q3,exch_rate,1,-0.01455160647247694,MIDAS-Latent,2023-09-30,1-step ahead,-0.03937898253147601,0.02482737605899906
Cutoff +1m,1,126,2023 Q2,2023 Q3,exch_rate,1,-0.02968394844986121,AR(2),2023-09-30,1-step ahead,-0.03937898253147601,0.00969503408161479
Cutoff +1m,1,126,2023 Q2,2023 Q4,exch_rate,2,-0.03270816233704133,MF-VAR,2023-12-31,Other,-0.04688081588673817,0.01417265354969684
Cutoff +1m,1,126,2023 Q2,2023 Q4,exch_rate,2,-0.03054949116828829,MIDAS (trend),2023-12-31,Other,-0.04688081588673817,0.01633132471844988
Cutoff +1m,1,126,2023 Q2,2023 Q4,exch_rate,2,-0.03142835496120418,MIDAS,2023-12-31,Other,-0.04688081588673817,0.01545246092553399
Cutoff +1m,1,126,2023 Q2,2023 Q4,exch_rate,2,-0.02835527124974334,MIDAS-Latent (trend),2023-12-31,Other,-0.04688081588673817,0.01852554463699483
Cutoff +1m,1,126,2023 Q2,2023 Q4,exch_rate,2,-0.02819240379342164,MIDAS-Latent,2023-12-31,Other,-0.04688081588673817,0.01868841209331653
Cutoff +1m,1,126,2023 Q2,2023 Q4,exch_rate,2,-0.02862720840734458,AR(2),2023-12-31,Other,-0.04688081588673817,0.01825360747939359
Cutoff +1m,1,126,2023 Q2,2024 Q1,exch_rate,3,-0.02001982179307991,MF-VAR,2024-03-31,Other,-0.05209269485890586,0.03207287306582596
Cutoff +1m,1,126,2023 Q2,2024 Q1,exch_rate,3,-0.02732465911185894,MIDAS (trend),2024-03-31,Other,-0.05209269485890586,0.02476803574704691
Cutoff +1m,1,126,2023 Q2,2024 Q1,exch_rate,3,-0.02755114860886301,MIDAS,2024-03-31,Other,-0.05209269485890586,0.02454154625004285
Cutoff +1m,1,126,2023 Q2,2024 Q1,exch_rate,3,-0.03310123385567928,MIDAS-Latent (trend),2024-03-31,Other,-0.05209269485890586,0.01899146100322658
Cutoff +1m,1,126,2023 Q2,2024 Q1,exch_rate,3,-0.02134608008792344,MIDAS-Latent,2024-03-31,Other,-0.05209269485890586,0.03074661477098242
Cutoff +1m,1,126,2023 Q2,2024 Q1,exch_rate,3,-0.03049338859662776,AR(2),2024-03-31,Other,-0.05209269485890586,0.02159930626227809
Cutoff +1m,1,126,2023 Q2,2024 Q2,exch_rate,4,-0.00257130774791488,MF-VAR,2024-06-30,1-year ahead,-0.02679720863629812,0.02422590088838323
Cutoff +1m,1,126,2023 Q2,2024 Q2,exch_rate,4,-0.03963443989518672,MIDAS (trend),2024-06-30,1-year ahead,-0.02679720863629812,-0.0128372312588886
Cutoff +1m,1,126,2023 Q2,2024 Q2,exch_rate,4,-0.04123843005034572,MIDAS,2024-06-30,1-year ahead,-0.02679720863629812,-0.01444122141404759
Cutoff +1m,1,126,2023 Q2,2024 Q2,exch_rate,4,-0.0377878525269822,MIDAS-Latent (trend),2024-06-30,1-year ahead,-0.02679720863629812,-0.01099064389068408
Cutoff +1m,1,126,2023 Q2,2024 Q2,exch_rate,4,-0.03476789281887323,MIDAS-Latent,2024-06-30,1-year ahead,-0.02679720863629812,-0.00797068418257511
Cutoff +1m,1,126,2023 Q2,2024 Q2,exch_rate,4,-0.02946842949699747,AR(2),2024-06-30,1-year ahead,-0.02679720863629812,-0.00267122086069935
Cutoff +1m,1,126,2023 Q2,2023 Q3,gdp_growth,1,1.3850751038166207,MF-VAR,2023-09-30,1-step ahead,0.28204712749158034,1.1030279763250403
Cutoff +1m,1,126,2023 Q2,2023 Q3,gdp_growth,1,1.1995517531114646,MIDAS (trend),2023-09-30,1-step ahead,0.28204712749158034,0.9175046256198842
Cutoff +1m,1,126,2023 Q2,2023 Q3,gdp_growth,1,1.694293250019857,MIDAS,2023-09-30,1-step ahead,0.28204712749158034,1.4122461225282767
Cutoff +1m,1,126,2023 Q2,2023 Q3,gdp_growth,1,3.2926089979968607,MIDAS-Latent (trend),2023-09-30,1-step ahead,0.28204712749158034,3.0105618705052803
Cutoff +1m,1,126,2023 Q2,2023 Q3,gdp_growth,1,3.360723826722301,MIDAS-Latent,2023-09-30,1-step ahead,0.28204712749158034,3.0786766992307206
Cutoff +1m,1,126,2023 Q2,2023 Q3,gdp_growth,1,2.9151724942317063,AR(2),2023-09-30,1-step ahead,0.28204712749158034,2.633125366740126
Cutoff +1m,1,126,2023 Q2,2023 Q4,gdp_growth,2,0.3301798163121351,MF-VAR,2023-12-31,Other,0.930949540396142,-0.600769724084007
Cutoff +1m,1,126,2023 Q2,2023 Q4,gdp_growth,2,1.1452309653096586,MIDAS (trend),2023-12-31,Other,0.930949540396142,0.21428142491351657
Cutoff +1m,1,126,2023 Q2,2023 Q4,gdp_growth,2,1.6492508792405818,MIDAS,2023-12-31,Other,0.930949540396142,0.7183013388444397
Cutoff +1m,1,126,2023 Q2,2023 Q4,gdp_growth,2,3.252066352217311,MIDAS-Latent (trend),2023-12-31,Other,0.930949540396142,2.32111681182117
Cutoff +1m,1,126,2023 Q2,2023 Q4,gdp_growth,2,3.3213207644909732,MIDAS-Latent,2023-12-31,Other,0.930949540396142,2.390371224094831
Cutoff +1m,1,126,2023 Q2,2023 Q4,gdp_growth,2,1.6277345639611045,AR(2),2023-12-31,Other,0.930949540396142,0.6967850235649622
Cutoff +1m,1,126,2023 Q2,2024 Q1,gdp_growth,3,-1.0920688058853276,MF-VAR,2024-03-31,Other,4.0977257494837716,-5.189794555369099
Cutoff +1m,1,126,2023 Q2,2024 Q1,gdp_growth,3,1.241395823678237,MIDAS (trend),2024-03-31,Other,4.0977257494837716,-2.8563299258055346
Cutoff +1m,1,126,2023 Q2,2024 Q1,gdp_growth,3,1.7617236227166495,MIDAS,2024-03-31,Other,4.0977257494837716,-2.336002126767122
Cutoff +1m,1,126,2023 Q2,2024 Q1,gdp_growth,3,3.641517364136771,MIDAS-Latent (trend),2024-03-31,Other,4.0977257494837716,-0.4562083853470007
Cutoff +1m,1,126,2023 Q2,2024 Q1,gdp_growth,3,3.7164230870445194,MIDAS-Latent,2024-03-31,Other,4.0977257494837716,-0.38130266243925215
Cutoff +1m,1,126,2023 Q2,2024 Q1,gdp_growth,3,1.28192509161011,AR(2),2024-03-31,Other,4.0977257494837716,-2.8158006578736616
Cutoff +1m,1,126,2023 Q2,2024 Q2,gdp_growth,4,0.01281325600054217,MF-VAR,2024-06-30,1-year ahead,1.9600339339092443,-1.9472206779087025
Cutoff +1m,1,126,2023 Q2,2024 Q2,gdp_growth,4,1.2316918411401463,MIDAS (trend),2024-06-30,1-year ahead,1.9600339339092443,-0.7283420927690978
Cutoff +1m,1,126,2023 Q2,2024 Q2,gdp_growth,4,1.7603338250453675,MIDAS,2024-06-30,1-year ahead,1.9600339339092443,-0.1997001088638768
Cutoff +1m,1,126,2023 Q2,2024 Q2,gdp_growth,4,3.637409045497564,MIDAS-Latent (trend),2024-06-30,1-year ahead,1.9600339339092443,1.6773751115883195
Cutoff +1m,1,126,2023 Q2,2024 Q2,gdp_growth,4,3.713492094442856,MIDAS-Latent,2024-06-30,1-year ahead,1.9600339339092443,1.753458160533612
Cutoff +1m,1,126,2023 Q2,2024 Q2,gdp_growth,4,1.367178701710282,AR(2),2024-06-30,1-year ahead,1.9600339339092443,-0.5928552321989624
Cutoff +1m,1,126,2023 Q2,2023 Q3,inflation,1,0.11409590157219136,MF-VAR,2023-09-30,1-step ahead,1.2606093578710895,-1.1465134562988983
Cutoff +1m,1,126,2023 Q2,2023 Q3,inflation,1,1.4472660033889198,MIDAS (trend),2023-09-30,1-step ahead,1.2606093578710895,0.18665664551783
Cutoff +1m,1,126,2023 Q2,2023 Q3,inflation,1,1.737260411456006,MIDAS,2023-09-30,1-step ahead,1.2606093578710895,0.4766510535849162
Cutoff +1m,1,126,2023 Q2,2023 Q3,inflation,1,1.0745366755261536,MIDAS-Latent (trend),2023-09-30,1-step ahead,1.2606093578710895,-0.18607268234493612
Cutoff +1m,1,126,2023 Q2,2023 Q3,inflation,1,1.4383197042921032,MIDAS-Latent,2023-09-30,1-step ahead,1.2606093578710895,0.1777103464210135
Cutoff +1m,1,126,2023 Q2,2023 Q3,inflation,1,0.663739629202619,AR(2),2023-09-30,1-step ahead,1.2606093578710895,-0.5968697286684708
Cutoff +1m,1,126,2023 Q2,2023 Q4,inflation,2,0.15383442533447408,MF-VAR,2023-12-31,Other,1.5459954544169818,-1.3921610290825075
Cutoff +1m,1,126,2023 Q2,2023 Q4,inflation,2,0.4392843895999935,MIDAS (trend),2023-12-31,Other,1.5459954544169818,-1.1067110648169882
Cutoff +1m,1,126,2023 Q2,2023 Q4,inflation,2,0.6676074874325314,MIDAS,2023-12-31,Other,1.5459954544169818,-0.8783879669844504
Cutoff +1m,1,126,2023 Q2,2023 Q4,inflation,2,1.0236364488961085,MIDAS-Latent (trend),2023-12-31,Other,1.5459954544169818,-0.5223590055208733
Cutoff +1m,1,126,2023 Q2,2023 Q4,inflation,2,1.2907289017422925,MIDAS-Latent,2023-12-31,Other,1.5459954544169818,-0.25526655267468956
Cutoff +1m,1,126,2023 Q2,2023 Q4,inflation,2,0.5086645523641343,AR(2),2023-12-31,Other,1.5459954544169818,-1.0373309020528474
Cutoff +1m,1,126,2023 Q2,2024 Q1,inflation,3,-0.2624006715200228,MF-VAR,2024-03-31,Other,1.20167733791412,-1.4640780094341426
Cutoff +1m,1,126,2023 Q2,2024 Q1,inflation,3,0.7780926369163534,MIDAS (trend),2024-03-31,Other,1.20167733791412,-0.42358470099776646
Cutoff +1m,1,126,2023 Q2,2024 Q1,inflation,3,1.1504930411161356,MIDAS,2024-03-31,Other,1.20167733791412,-0.05118429679798431
Cutoff +1m,1,126,2023 Q2,2024 Q1,inflation,3,1.0283094325457895,MIDAS-Latent (trend),2024-03-31,Other,1.20167733791412,-0.17336790536833036
Cutoff +1m,1,126,2023 Q2,2024 Q1,inflation,3,1.3406550904121837,MIDAS-Latent,2024-03-31,Other,1.20167733791412,0.13897775249806377
Cutoff +1m,1,126,2023 Q2,2024 Q1,inflation,3,0.448487120511411,AR(2),2024-03-31,Other,1.20167733791412,-0.753190217402709
Cutoff +1m,1,126,2023 Q2,2024 Q2,inflation,4,-0.1938270468421231,MF-VAR,2024-06-30,1-year ahead,1.3948747405589046,-1.5887017874010276
Cutoff +1m,1,126,2023 Q2,2024 Q2,inflation,4,0.3894565340829378,MIDAS (trend),2024-06-30,1-year ahead,1.3948747405589046,-1.0054182064759667
Cutoff +1m,1,126,2023 Q2,2024 Q2,inflation,4,0.7154000622431161,MIDAS,2024-06-30,1-year ahead,1.3948747405589046,-0.6794746783157884
Cutoff +1m,1,126,2023 Q2,2024 Q2,inflation,4,1.0228327757557358,MIDAS-Latent (trend),2024-06-30,1-year ahead,1.3948747405589046,-0.3720419648031688
Cutoff +1m,1,126,2023 Q2,2024 Q2,inflation,4,1.3323590059394006,MIDAS-Latent,2024-06-30,1-year ahead,1.3948747405589046,-0.062515734619504
Cutoff +1m,1,126,2023 Q2,2024 Q2,inflation,4,0.39940107938213504,AR(2),2024-06-30,1-year ahead,1.3948747405589046,-0.9954736611767696
Cutoff +1m,1,127,2023 Q3,2023 Q4,exch_rate,1,-0.04105808555363865,MF-VAR,2023-12-31,1-step ahead,-0.04688081588673817,0.00582273033309952
Cutoff +1m,1,127,2023 Q3,2023 Q4,exch_rate,1,-0.02315741464293652,MIDAS (trend),2023-12-31,1-step ahead,-0.04688081588673817,0.02372340124380165
Cutoff +1m,1,127,2023 Q3,2023 Q4,exch_rate,1,-0.02270806248350673,MIDAS,2023-12-31,1-step ahead,-0.04688081588673817,0.02417275340323144
Cutoff +1m,1,127,2023 Q3,2023 Q4,exch_rate,1,-0.03871558759195676,MIDAS-Latent (trend),2023-12-31,1-step ahead,-0.04688081588673817,0.00816522829478141
Cutoff +1m,1,127,2023 Q3,2023 Q4,exch_rate,1,-0.02942231643085564,MIDAS-Latent,2023-12-31,1-step ahead,-0.04688081588673817,0.01745849945588253
Cutoff +1m,1,127,2023 Q3,2023 Q4,exch_rate,1,-0.0394931169593991,AR(2),2023-12-31,1-step ahead,-0.04688081588673817,0.00738769892733907
Cutoff +1m,1,127,2023 Q3,2024 Q1,exch_rate,2,-0.0465179613550712,MF-VAR,2024-03-31,Other,-0.05209269485890586,0.00557473350383466
Cutoff +1m,1,127,2023 Q3,2024 Q1,exch_rate,2,-0.02525467657611301,MIDAS (trend),2024-03-31,Other,-0.05209269485890586,0.02683801828279285
Cutoff +1m,1,127,2023 Q3,2024 Q1,exch_rate,2,-0.02530797710391604,MIDAS,2024-03-31,Other,-0.05209269485890586,0.02678471775498982
Cutoff +1m,1,127,2023 Q3,2024 Q1,exch_rate,2,-0.04298920814825723,MIDAS-Latent (trend),2024-03-31,Other,-0.05209269485890586,0.00910348671064863
Cutoff +1m,1,127,2023 Q3,2024 Q1,exch_rate,2,-0.04703259851727604,MIDAS-Latent,2024-03-31,Other,-0.05209269485890586,0.00506009634162982
Cutoff +1m,1,127,2023 Q3,2024 Q1,exch_rate,2,-0.04091398937124056,AR(2),2024-03-31,Other,-0.05209269485890586,0.0111787054876653
Cutoff +1m,1,127,2023 Q3,2024 Q2,exch_rate,3,-0.03490120332970185,MF-VAR,2024-06-30,Other,-0.02679720863629812,-0.00810399469340373
Cutoff +1m,1,127,2023 Q3,2024 Q2,exch_rate,3,-0.01101312768937512,MIDAS (trend),2024-06-30,Other,-0.02679720863629812,0.015784080946923
Cutoff +1m,1,127,2023 Q3,2024 Q2,exch_rate,3,-0.00877976069457577,MIDAS,2024-06-30,Other,-0.02679720863629812,0.01801744794172234
Cutoff +1m,1,127,2023 Q3,2024 Q2,exch_rate,3,-0.04783361972222295,MIDAS-Latent (trend),2024-06-30,Other,-0.02679720863629812,-0.02103641108592483
Cutoff +1m,1,127,2023 Q3,2024 Q2,exch_rate,3,-0.03722028344560169,MIDAS-Latent,2024-06-30,Other,-0.02679720863629812,-0.01042307480930357
Cutoff +1m,1,127,2023 Q3,2024 Q2,exch_rate,3,-0.03917939232606886,AR(2),2024-06-30,Other,-0.02679720863629812,-0.01238218368977073
Cutoff +1m,1,127,2023 Q3,2024 Q3,exch_rate,4,-0.03084988638515078,MF-VAR,2024-09-30,1-year ahead,-0.04995881779363455,0.01910893140848377
Cutoff +1m,1,127,2023 Q3,2024 Q3,exch_rate,4,-0.01337110660123314,MIDAS (trend),2024-09-30,1-year ahead,-0.04995881779363455,0.03658771119240141
Cutoff +1m,1,127,2023 Q3,2024 Q3,exch_rate,4,-0.0113574199580288,MIDAS,2024-09-30,1-year ahead,-0.04995881779363455,0.03860139783560575
Cutoff +1m,1,127,2023 Q3,2024 Q3,exch_rate,4,-0.05252597589317411,MIDAS-Latent (trend),2024-09-30,1-year ahead,-0.04995881779363455,-0.00256715809953955
Cutoff +1m,1,127,2023 Q3,2024 Q3,exch_rate,4,-0.05457525292903684,MIDAS-Latent,2024-09-30,1-year ahead,-0.04995881779363455,-0.00461643513540228
Cutoff +1m,1,127,2023 Q3,2024 Q3,exch_rate,4,-0.04459023175210823,AR(2),2024-09-30,1-year ahead,-0.04995881779363455,0.00536858604152632
Cutoff +1m,1,127,2023 Q3,2023 Q4,gdp_growth,1,-2.61343704603773,MF-VAR,2023-12-31,1-step ahead,0.930949540396142,-3.544386586433872
Cutoff +1m,1,127,2023 Q3,2023 Q4,gdp_growth,1,-0.2754689869808212,MIDAS (trend),2023-12-31,1-step ahead,0.930949540396142,-1.2064185273769632
Cutoff +1m,1,127,2023 Q3,2023 Q4,gdp_growth,1,0.23383832750430972,MIDAS,2023-12-31,1-step ahead,0.930949540396142,-0.6971112128918324
Cutoff +1m,1,127,2023 Q3,2023 Q4,gdp_growth,1,-1.5873891125950628,MIDAS-Latent (trend),2023-12-31,1-step ahead,0.930949540396142,-2.518338652991205
Cutoff +1m,1,127,2023 Q3,2023 Q4,gdp_growth,1,-1.4272985210214335,MIDAS-Latent,2023-12-31,1-step ahead,0.930949540396142,-2.3582480614175756
Cutoff +1m,1,127,2023 Q3,2023 Q4,gdp_growth,1,1.776880169170293,AR(2),2023-12-31,1-step ahead,0.930949540396142,0.8459306287741506
Cutoff +1m,1,127,2023 Q3,2024 Q1,gdp_growth,2,-2.7378849723353555,MF-VAR,2024-03-31,Other,4.0977257494837716,-6.835610721819127
Cutoff +1m,1,127,2023 Q3,2024 Q1,gdp_growth,2,3.229911273605851,MIDAS (trend),2024-03-31,Other,4.0977257494837716,-0.8678144758779207
Cutoff +1m,1,127,2023 Q3,2024 Q1,gdp_growth,2,3.7179457996184264,MIDAS,2024-03-31,Other,4.0977257494837716,-0.37977994986534513
Cutoff +1m,1,127,2023 Q3,2024 Q1,gdp_growth,2,-1.40635024344591,MIDAS-Latent (trend),2024-03-31,Other,4.0977257494837716,-5.504075992929682
Cutoff +1m,1,127,2023 Q3,2024 Q1,gdp_growth,2,-1.2436911742922307,MIDAS-Latent,2024-03-31,Other,4.0977257494837716,-5.341416923776002
Cutoff +1m,1,127,2023 Q3,2024 Q1,gdp_growth,2,1.39741678703541,AR(2),2024-03-31,Other,4.0977257494837716,-2.7003089624483616
Cutoff +1m,1,127,2023 Q3,2024 Q2,gdp_growth,3,-0.3002291312332054,MF-VAR,2024-06-30,Other,1.9600339339092443,-2.26026306514245
Cutoff +1m,1,127,2023 Q3,2024 Q2,gdp_growth,3,3.204314012440463,MIDAS (trend),2024-06-30,Other,1.9600339339092443,1.2442800785312187
Cutoff +1m,1,127,2023 Q3,2024 Q2,gdp_growth,3,3.7164673897792375,MIDAS,2024-06-30,Other,1.9600339339092443,1.7564334558699932
Cutoff +1m,1,127,2023 Q3,2024 Q2,gdp_growth,3,-1.562671122468707,MIDAS-Latent (trend),2024-06-30,Other,1.9600339339092443,-3.5227050563779514
Cutoff +1m,1,127,2023 Q3,2024 Q2,gdp_growth,3,-1.3842465285177312,MIDAS-Latent,2024-06-30,Other,1.9600339339092443,-3.3442804624269753
Cutoff +1m,1,127,2023 Q3,2024 Q2,gdp_growth,3,1.3316934101407871,AR(2),2024-06-30,Other,1.9600339339092443,-0.6283405237684572
Cutoff +1m,1,127,2023 Q3,2024 Q3,gdp_growth,4,-1.057477129302065,MF-VAR,2024-09-30,1-year ahead,1.7249375962080649,-2.78241472551013
Cutoff +1m,1,127,2023 Q3,2024 Q3,gdp_growth,4,3.3095279040211474,MIDAS (trend),2024-09-30,1-year ahead,1.7249375962080649,1.5845903078130823
Cutoff +1m,1,127,2023 Q3,2024 Q3,gdp_growth,4,3.8233138321076914,MIDAS,2024-09-30,1-year ahead,1.7249375962080649,2.0983762358996265
Cutoff +1m,1,127,2023 Q3,2024 Q3,gdp_growth,4,-1.550369810552877,MIDAS-Latent (trend),2024-09-30,1-year ahead,1.7249375962080649,-3.275307406760942
Cutoff +1m,1,127,2023 Q3,2024 Q3,gdp_growth,4,-1.3691489409230997,MIDAS-Latent,2024-09-30,1-year ahead,1.7249375962080649,-3.0940865371311643
Cutoff +1m,1,127,2023 Q3,2024 Q3,gdp_growth,4,2.4895691756087466,AR(2),2024-09-30,1-year ahead,1.7249375962080649,0.7646315794006817
Cutoff +1m,1,127,2023 Q3,2023 Q4,inflation,1,-0.04382483378902537,MF-VAR,2023-12-31,1-step ahead,1.5459954544169818,-1.5898202882060073
Cutoff +1m,1,127,2023 Q3,2023 Q4,inflation,1,0.14942091374079697,MIDAS (trend),2023-12-31,1-step ahead,1.5459954544169818,-1.396574540676185
Cutoff +1m,1,127,2023 Q3,2023 Q4,inflation,1,0.39433214939562267,MIDAS,2023-12-31,1-step ahead,1.5459954544169818,-1.1516633050213592
Cutoff +1m,1,127,2023 Q3,2023 Q4,inflation,1,1.0009874934568892,MIDAS-Latent (trend),2023-12-31,1-step ahead,1.5459954544169818,-0.5450079609600926
Cutoff +1m,1,127,2023 Q3,2023 Q4,inflation,1,1.2707880690871218,MIDAS-Latent,2023-12-31,1-step ahead,1.5459954544169818,-0.27520738532986
Cutoff +1m,1,127,2023 Q3,2023 Q4,inflation,1,0.794390362458707,AR(2),2023-12-31,1-step ahead,1.5459954544169818,-0.7516050919582749
Cutoff +1m,1,127,2023 Q3,2024 Q1,inflation,2,-0.02989063957886185,MF-VAR,2024-03-31,Other,1.20167733791412,-1.2315679774929815
Cutoff +1m,1,127,2023 Q3,2024 Q1,inflation,2,0.6136184047622133,MIDAS (trend),2024-03-31,Other,1.20167733791412,-0.5880589331519066
Cutoff +1m,1,127,2023 Q3,2024 Q1,inflation,2,0.8725708079117078,MIDAS,2024-03-31,Other,1.20167733791412,-0.3291065300024121
Cutoff +1m,1,127,2023 Q3,2024 Q1,inflation,2,1.0072181615213167,MIDAS-Latent (trend),2024-03-31,Other,1.20167733791412,-0.1944591763928032
Cutoff +1m,1,127,2023 Q3,2024 Q1,inflation,2,1.3059973952051174,MIDAS-Latent,2024-03-31,Other,1.20167733791412,0.10432005729099748
Cutoff +1m,1,127,2023 Q3,2024 Q1,inflation,2,0.662922790423922,AR(2),2024-03-31,Other,1.20167733791412,-0.5387545474901979
Cutoff +1m,1,127,2023 Q3,2024 Q2,inflation,3,-0.07785883701463098,MF-VAR,2024-06-30,Other,1.3948747405589046,-1.4727335775735355
Cutoff +1m,1,127,2023 Q3,2024 Q2,inflation,3,0.1848683160626889,MIDAS (trend),2024-06-30,Other,1.3948747405589046,-1.2100064244962156
Cutoff +1m,1,127,2023 Q3,2024 Q2,inflation,3,0.5225266161343287,MIDAS,2024-06-30,Other,1.3948747405589046,-0.8723481244245759
Cutoff +1m,1,127,2023 Q3,2024 Q2,inflation,3,0.9986172172174076,MIDAS-Latent (trend),2024-06-30,Other,1.3948747405589046,-0.3962575233414971
Cutoff +1m,1,127,2023 Q3,2024 Q2,inflation,3,1.3065018102490529,MIDAS-Latent,2024-06-30,Other,1.3948747405589046,-0.08837293030985172
Cutoff +1m,1,127,2023 Q3,2024 Q2,inflation,3,0.5405165295109489,AR(2),2024-06-30,Other,1.3948747405589046,-0.8543582110479557
Cutoff +1m,1,127,2023 Q3,2024 Q3,inflation,4,-0.3058410494834144,MF-VAR,2024-09-30,1-year ahead,0.04584411512098541,-0.3516851646043998
Cutoff +1m,1,127,2023 Q3,2024 Q3,inflation,4,0.358689380237438,MIDAS (trend),2024-09-30,1-year ahead,0.04584411512098541,0.3128452651164526
Cutoff +1m,1,127,2023 Q3,2024 Q3,inflation,4,0.7157726845511245,MIDAS,2024-09-30,1-year ahead,0.04584411512098541,0.6699285694301391
Cutoff +1m,1,127,2023 Q3,2024 Q3,inflation,4,0.9940807441294716,MIDAS-Latent (trend),2024-09-30,1-year ahead,0.04584411512098541,0.9482366290084864
Cutoff +1m,1,127,2023 Q3,2024 Q3,inflation,4,1.3082466395701533,MIDAS-Latent,2024-09-30,1-year ahead,0.04584411512098541,1.262402524449168
Cutoff +1m,1,127,2023 Q3,2024 Q3,inflation,4,0.397334108010309,AR(2),2024-09-30,1-year ahead,0.04584411512098541,0.3514899928893236
Cutoff +1m,1,128,2023 Q4,2024 Q1,exch_rate,1,-0.0625109877398629,MF-VAR,2024-03-31,1-step ahead,-0.05209269485890586,-0.01041829288095703
Cutoff +1m,1,128,2023 Q4,2024 Q1,exch_rate,1,-0.0519330247262385,MIDAS (trend),2024-03-31,1-step ahead,-0.05209269485890586,1.5967013266736385e-4
Cutoff +1m,1,128,2023 Q4,2024 Q1,exch_rate,1,-0.05335729394421346,MIDAS,2024-03-31,1-step ahead,-0.05209269485890586,-0.00126459908530759
Cutoff +1m,1,128,2023 Q4,2024 Q1,exch_rate,1,-0.04647975073132349,MIDAS-Latent (trend),2024-03-31,1-step ahead,-0.05209269485890586,0.00561294412758237
Cutoff +1m,1,128,2023 Q4,2024 Q1,exch_rate,1,-0.04804060786528388,MIDAS-Latent,2024-03-31,1-step ahead,-0.05209269485890586,0.00405208699362198
Cutoff +1m,1,128,2023 Q4,2024 Q1,exch_rate,1,-0.04921770042620833,AR(2),2024-03-31,1-step ahead,-0.05209269485890586,0.00287499443269752
Cutoff +1m,1,128,2023 Q4,2024 Q2,exch_rate,2,-0.06476556758507805,MF-VAR,2024-06-30,Other,-0.02679720863629812,-0.03796835894877993
Cutoff +1m,1,128,2023 Q4,2024 Q2,exch_rate,2,-0.04165913920830769,MIDAS (trend),2024-06-30,Other,-0.02679720863629812,-0.01486193057200957
Cutoff +1m,1,128,2023 Q4,2024 Q2,exch_rate,2,-0.04258481070577464,MIDAS,2024-06-30,Other,-0.02679720863629812,-0.01578760206947652
Cutoff +1m,1,128,2023 Q4,2024 Q2,exch_rate,2,-0.05107668002253544,MIDAS-Latent (trend),2024-06-30,Other,-0.02679720863629812,-0.02427947138623732
Cutoff +1m,1,128,2023 Q4,2024 Q2,exch_rate,2,-0.05544501320527884,MIDAS-Latent,2024-06-30,Other,-0.02679720863629812,-0.02864780456898072
Cutoff +1m,1,128,2023 Q4,2024 Q2,exch_rate,2,-0.04715585643031273,AR(2),2024-06-30,Other,-0.02679720863629812,-0.02035864779401461
Cutoff +1m,1,128,2023 Q4,2024 Q3,exch_rate,3,-0.06874374521723442,MF-VAR,2024-09-30,Other,-0.04995881779363455,-0.01878492742359986
Cutoff +1m,1,128,2023 Q4,2024 Q3,exch_rate,3,-0.04670540050904983,MIDAS (trend),2024-09-30,Other,-0.04995881779363455,0.00325341728458472
Cutoff +1m,1,128,2023 Q4,2024 Q3,exch_rate,3,-0.04901969970697457,MIDAS,2024-09-30,Other,-0.04995881779363455,9.391180866599874e-4
Cutoff +1m,1,128,2023 Q4,2024 Q3,exch_rate,3,-0.05591079783969741,MIDAS-Latent (trend),2024-09-30,Other,-0.04995881779363455,-0.00595198004606285
Cutoff +1m,1,128,2023 Q4,2024 Q3,exch_rate,3,-0.05658974270172965,MIDAS-Latent,2024-09-30,Other,-0.04995881779363455,-0.00663092490809509
Cutoff +1m,1,128,2023 Q4,2024 Q3,exch_rate,3,-0.05203250766474324,AR(2),2024-09-30,Other,-0.04995881779363455,-0.00207368987110868
Cutoff +1m,1,128,2023 Q4,2024 Q4,exch_rate,4,-0.06328245222298173,MF-VAR,2024-12-31,1-year ahead,-0.06616821551812571,0.00288576329514397
Cutoff +1m,1,128,2023 Q4,2024 Q4,exch_rate,4,-0.03783378504208358,MIDAS (trend),2024-12-31,1-year ahead,-0.06616821551812571,0.02833443047604213
Cutoff +1m,1,128,2023 Q4,2024 Q4,exch_rate,4,-0.03831639255585556,MIDAS,2024-12-31,1-year ahead,-0.06616821551812571,0.02785182296227015
Cutoff +1m,1,128,2023 Q4,2024 Q4,exch_rate,4,-0.06059491158760552,MIDAS-Latent (trend),2024-12-31,1-year ahead,-0.06616821551812571,0.00557330393052019
Cutoff +1m,1,128,2023 Q4,2024 Q4,exch_rate,4,-0.0638979853462412,MIDAS-Latent,2024-12-31,1-year ahead,-0.06616821551812571,0.0022702301718845
Cutoff +1m,1,128,2023 Q4,2024 Q4,exch_rate,4,-0.05016330306732387,AR(2),2024-12-31,1-year ahead,-0.06616821551812571,0.01600491245080184
Cutoff +1m,1,128,2023 Q4,2024 Q1,gdp_growth,1,-2.9255742266390197,MF-VAR,2024-03-31,1-step ahead,4.0977257494837716,-7.023299976122791
Cutoff +1m,1,128,2023 Q4,2024 Q1,gdp_growth,1,-1.595890762001632,MIDAS (trend),2024-03-31,1-step ahead,4.0977257494837716,-5.693616511485404
Cutoff +1m,1,128,2023 Q4,2024 Q1,gdp_growth,1,-1.1030296153352028,MIDAS,2024-03-31,1-step ahead,4.0977257494837716,-5.200755364818974
Cutoff +1m,1,128,2023 Q4,2024 Q1,gdp_growth,1,0.8824940662864216,MIDAS-Latent (trend),2024-03-31,1-step ahead,4.0977257494837716,-3.21523168319735
Cutoff +1m,1,128,2023 Q4,2024 Q1,gdp_growth,1,1.004368585582329,MIDAS-Latent,2024-03-31,1-step ahead,4.0977257494837716,-3.0933571639014428
Cutoff +1m,1,128,2023 Q4,2024 Q1,gdp_growth,1,1.448080703254949,AR(2),2024-03-31,1-step ahead,4.0977257494837716,-2.6496450462288226
Cutoff +1m,1,128,2023 Q4,2024 Q2,gdp_growth,2,-2.925849003198245,MF-VAR,2024-06-30,Other,1.9600339339092443,-4.885882937107489
Cutoff +1m,1,128,2023 Q4,2024 Q2,gdp_growth,2,2.570168244476464,MIDAS (trend),2024-06-30,Other,1.9600339339092443,0.6101343105672199
Cutoff +1m,1,128,2023 Q4,2024 Q2,gdp_growth,2,3.0397577004593654,MIDAS,2024-06-30,Other,1.9600339339092443,1.0797237665501211
Cutoff +1m,1,128,2023 Q4,2024 Q2,gdp_growth,2,0.935050012348886,MIDAS-Latent (trend),2024-06-30,Other,1.9600339339092443,-1.0249839215603584
Cutoff +1m,1,128,2023 Q4,2024 Q2,gdp_growth,2,1.059018787272954,MIDAS-Latent,2024-06-30,Other,1.9600339339092443,-0.9010151466362905
Cutoff +1m,1,128,2023 Q4,2024 Q2,gdp_growth,2,1.3695609276785037,AR(2),2024-06-30,Other,1.9600339339092443,-0.5904730062307406
Cutoff +1m,1,128,2023 Q4,2024 Q3,gdp_growth,3,1.8491278031266951,MF-VAR,2024-09-30,Other,1.7249375962080649,0.12419020691863047
Cutoff +1m,1,128,2023 Q4,2024 Q3,gdp_growth,3,2.4837409901667686,MIDAS (trend),2024-09-30,Other,1.7249375962080649,0.7588033939587038
Cutoff +1m,1,128,2023 Q4,2024 Q3,gdp_growth,3,2.977633116139967,MIDAS,2024-09-30,Other,1.7249375962080649,1.252695519931902
Cutoff +1m,1,128,2023 Q4,2024 Q3,gdp_growth,3,0.9290306523419792,MIDAS-Latent (trend),2024-09-30,Other,1.7249375962080649,-0.7959069438660855
Cutoff +1m,1,128,2023 Q4,2024 Q3,gdp_growth,3,1.0652020985807336,MIDAS-Latent,2024-09-30,Other,1.7249375962080649,-0.6597354976273313
Cutoff +1m,1,128,2023 Q4,2024 Q3,gdp_growth,3,2.4798229190592243,AR(2),2024-09-30,Other,1.7249375962080649,0.7548853228511594
Cutoff +1m,1,128,2023 Q4,2024 Q4,gdp_growth,4,-1.1277580832137948,MF-VAR,2024-12-31,1-year ahead,1.3156274812899935,-2.4433855645037887
Cutoff +1m,1,128,2023 Q4,2024 Q4,gdp_growth,4,2.6066419431991976,MIDAS (trend),2024-12-31,1-year ahead,1.3156274812899935,1.291014461909204
Cutoff +1m,1,128,2023 Q4,2024 Q4,gdp_growth,4,3.1041678149800216,MIDAS,2024-12-31,1-year ahead,1.3156274812899935,1.788540333690028
Cutoff +1m,1,128,2023 Q4,2024 Q4,gdp_growth,4,0.9314958523626647,MIDAS-Latent (trend),2024-12-31,1-year ahead,1.3156274812899935,-0.3841316289273289
Cutoff +1m,1,128,2023 Q4,2024 Q4,gdp_growth,4,1.0698047082881894,MIDAS-Latent,2024-12-31,1-year ahead,1.3156274812899935,-0.24582277300180433
Cutoff +1m,1,128,2023 Q4,2024 Q4,gdp_growth,4,1.4331373487426358,AR(2),2024-12-31,1-year ahead,1.3156274812899935,0.11750986745264204
Cutoff +1m,1,128,2023 Q4,2024 Q1,inflation,1,0.7438992198703961,MF-VAR,2024-03-31,1-step ahead,1.20167733791412,-0.4577781180437238
Cutoff +1m,1,128,2023 Q4,2024 Q1,inflation,1,0.4681158587972717,MIDAS (trend),2024-03-31,1-step ahead,1.20167733791412,-0.7335614791168482
Cutoff +1m,1,128,2023 Q4,2024 Q1,inflation,1,0.6854150095411448,MIDAS,2024-03-31,1-step ahead,1.20167733791412,-0.5162623283729751
Cutoff +1m,1,128,2023 Q4,2024 Q1,inflation,1,1.3277077030258162,MIDAS-Latent (trend),2024-03-31,1-step ahead,1.20167733791412,0.1260303651116963
Cutoff +1m,1,128,2023 Q4,2024 Q1,inflation,1,1.6261161955364374,MIDAS-Latent,2024-03-31,1-step ahead,1.20167733791412,0.4244388576223175
Cutoff +1m,1,128,2023 Q4,2024 Q1,inflation,1,1.0239396853679548,AR(2),2024-03-31,1-step ahead,1.20167733791412,-0.17773765254616514
Cutoff +1m,1,128,2023 Q4,2024 Q2,inflation,2,0.7271418671671215,MF-VAR,2024-06-30,Other,1.3948747405589046,-0.6677328733917831
Cutoff +1m,1,128,2023 Q4,2024 Q2,inflation,2,0.815147793728173,MIDAS (trend),2024-06-30,Other,1.3948747405589046,-0.5797269468307316
Cutoff +1m,1,128,2023 Q4,2024 Q2,inflation,2,1.034994160961021,MIDAS,2024-06-30,Other,1.3948747405589046,-0.35988057959788367
Cutoff +1m,1,128,2023 Q4,2024 Q2,inflation,2,1.3294507687123338,MIDAS-Latent (trend),2024-06-30,Other,1.3948747405589046,-0.06542397184657078
Cutoff +1m,1,128,2023 Q4,2024 Q2,inflation,2,1.6436063463259478,MIDAS-Latent,2024-06-30,Other,1.3948747405589046,0.24873160576704323
Cutoff +1m,1,128,2023 Q4,2024 Q2,inflation,2,0.8029636773089346,AR(2),2024-06-30,Other,1.3948747405589046,-0.59191106324997
Cutoff +1m,1,128,2023 Q4,2024 Q3,inflation,3,0.3884205741131015,MF-VAR,2024-09-30,Other,0.04584411512098541,0.3425764589921161
Cutoff +1m,1,128,2023 Q4,2024 Q3,inflation,3,0.3966163206000815,MIDAS (trend),2024-09-30,Other,0.04584411512098541,0.3507722054790961
Cutoff +1m,1,128,2023 Q4,2024 Q3,inflation,3,0.6875770826067356,MIDAS,2024-09-30,Other,0.04584411512098541,0.6417329674857501
Cutoff +1m,1,128,2023 Q4,2024 Q3,inflation,3,1.319542578672781,MIDAS-Latent (trend),2024-09-30,Other,0.04584411512098541,1.2736984635517956
Cutoff +1m,1,128,2023 Q4,2024 Q3,inflation,3,1.648516620023606,MIDAS-Latent,2024-09-30,Other,0.04584411512098541,1.6026725049026205
Cutoff +1m,1,128,2023 Q4,2024 Q3,inflation,3,0.5677623528584292,AR(2),2024-09-30,Other,0.04584411512098541,0.5219182377374438
Cutoff +1m,1,128,2023 Q4,2024 Q4,inflation,4,0.1669510654207644,MF-VAR,2024-12-31,1-year ahead,-0.02527507775411663,0.19222614317488104
Cutoff +1m,1,128,2023 Q4,2024 Q4,inflation,4,0.5271937081435618,MIDAS (trend),2024-12-31,1-year ahead,-0.02527507775411663,0.5524687858976784
Cutoff +1m,1,128,2023 Q4,2024 Q4,inflation,4,0.8287024918151522,MIDAS,2024-12-31,1-year ahead,-0.02527507775411663,0.8539775695692688
Cutoff +1m,1,128,2023 Q4,2024 Q4,inflation,4,1.3147242604379454,MIDAS-Latent (trend),2024-12-31,1-year ahead,-0.02527507775411663,1.339999338192062
Cutoff +1m,1,128,2023 Q4,2024 Q4,inflation,4,1.6495885200858105,MIDAS-Latent,2024-12-31,1-year ahead,-0.02527507775411663,1.6748635978399269
Cutoff +1m,1,128,2023 Q4,2024 Q4,inflation,4,0.4877687620752635,AR(2),2024-12-31,1-year ahead,-0.02527507775411663,0.5130438398293802
Cutoff +1m,1,129,2024 Q1,2024 Q2,exch_rate,1,-0.02936071043103415,MF-VAR,2024-06-30,1-step ahead,-0.02679720863629812,-0.00256350179473603
Cutoff +1m,1,129,2024 Q1,2024 Q2,exch_rate,1,-0.04402394531028852,MIDAS (trend),2024-06-30,1-step ahead,-0.02679720863629812,-0.01722673667399039
Cutoff +1m,1,129,2024 Q1,2024 Q2,exch_rate,1,-0.04546369389894452,MIDAS,2024-06-30,1-step ahead,-0.02679720863629812,-0.0186664852626464
Cutoff +1m,1,129,2024 Q1,2024 Q2,exch_rate,1,-0.06421140705841963,MIDAS-Latent (trend),2024-06-30,1-step ahead,-0.02679720863629812,-0.03741419842212151
Cutoff +1m,1,129,2024 Q1,2024 Q2,exch_rate,1,-0.055529919058605,MIDAS-Latent,2024-06-30,1-step ahead,-0.02679720863629812,-0.02873271042230688
Cutoff +1m,1,129,2024 Q1,2024 Q2,exch_rate,1,-0.05042466283272644,AR(2),2024-06-30,1-step ahead,-0.02679720863629812,-0.02362745419642831
Cutoff +1m,1,129,2024 Q1,2024 Q3,exch_rate,2,-0.03859674279673244,MF-VAR,2024-09-30,Other,-0.04995881779363455,0.01136207499690211
Cutoff +1m,1,129,2024 Q1,2024 Q3,exch_rate,2,-0.05710480023678618,MIDAS (trend),2024-09-30,Other,-0.04995881779363455,-0.00714598244315162
Cutoff +1m,1,129,2024 Q1,2024 Q3,exch_rate,2,-0.05882564149862998,MIDAS,2024-09-30,Other,-0.04995881779363455,-0.00886682370499542
Cutoff +1m,1,129,2024 Q1,2024 Q3,exch_rate,2,-0.06887269670910155,MIDAS-Latent (trend),2024-09-30,Other,-0.04995881779363455,-0.01891387891546699
Cutoff +1m,1,129,2024 Q1,2024 Q3,exch_rate,2,-0.06066580069366829,MIDAS-Latent,2024-09-30,Other,-0.04995881779363455,-0.01070698290003373
Cutoff +1m,1,129,2024 Q1,2024 Q3,exch_rate,2,-0.05519639104874743,AR(2),2024-09-30,Other,-0.04995881779363455,-0.00523757325511287
Cutoff +1m,1,129,2024 Q1,2024 Q4,exch_rate,3,-0.03043648131425455,MF-VAR,2024-12-31,Other,-0.06616821551812571,0.03573173420387116
Cutoff +1m,1,129,2024 Q1,2024 Q4,exch_rate,3,-0.05023751569614687,MIDAS (trend),2024-12-31,Other,-0.06616821551812571,0.01593069982197884
Cutoff +1m,1,129,2024 Q1,2024 Q4,exch_rate,3,-0.05224129360106457,MIDAS,2024-12-31,Other,-0.06616821551812571,0.01392692191706113
Cutoff +1m,1,129,2024 Q1,2024 Q4,exch_rate,3,-0.07332134845652599,MIDAS-Latent (trend),2024-12-31,Other,-0.06616821551812571,-0.00715313293840028
Cutoff +1m,1,129,2024 Q1,2024 Q4,exch_rate,3,-0.0640529047951067,MIDAS-Latent,2024-12-31,Other,-0.06616821551812571,0.00211531072301901
Cutoff +1m,1,129,2024 Q1,2024 Q4,exch_rate,3,-0.05313400128983366,AR(2),2024-12-31,Other,-0.06616821551812571,0.01303421422829204
Cutoff +1m,1,129,2024 Q1,2025 Q1,exch_rate,4,-0.02603023634726505,MF-VAR,2025-03-31,1-year ahead,-0.05563092558217351,0.02960068923490846
Cutoff +1m,1,129,2024 Q1,2025 Q1,exch_rate,4,-0.06257237653963191,MIDAS (trend),2025-03-31,1-year ahead,-0.05563092558217351,-0.00694145095745839
Cutoff +1m,1,129,2024 Q1,2025 Q1,exch_rate,4,-0.0655132348961042,MIDAS,2025-03-31,1-year ahead,-0.05563092558217351,-0.00988230931393067
Cutoff +1m,1,129,2024 Q1,2025 Q1,exch_rate,4,-0.07799958887972885,MIDAS-Latent (trend),2025-03-31,1-year ahead,-0.05563092558217351,-0.02236866329755534
Cutoff +1m,1,129,2024 Q1,2025 Q1,exch_rate,4,-0.06911389725295913,MIDAS-Latent,2025-03-31,1-year ahead,-0.05563092558217351,-0.01348297167078561
Cutoff +1m,1,129,2024 Q1,2025 Q1,exch_rate,4,-0.05449260740538363,AR(2),2025-03-31,1-year ahead,-0.05563092558217351,0.00113831817678988
Cutoff +1m,1,129,2024 Q1,2024 Q2,gdp_growth,1,0.06463959350697246,MF-VAR,2024-06-30,1-step ahead,1.9600339339092443,-1.8953943404022715
Cutoff +1m,1,129,2024 Q1,2024 Q2,gdp_growth,1,3.6468331704952512,MIDAS (trend),2024-06-30,1-step ahead,1.9600339339092443,1.686799236586007
Cutoff +1m,1,129,2024 Q1,2024 Q2,gdp_growth,1,3.9811810773482494,MIDAS,2024-06-30,1-step ahead,1.9600339339092443,2.021147143439005
Cutoff +1m,1,129,2024 Q1,2024 Q2,gdp_growth,1,4.291454667139817,MIDAS-Latent (trend),2024-06-30,1-step ahead,1.9600339339092443,2.3314207332305728
Cutoff +1m,1,129,2024 Q1,2024 Q2,gdp_growth,1,4.397526562497156,MIDAS-Latent,2024-06-30,1-step ahead,1.9600339339092443,2.4374926285879113
Cutoff +1m,1,129,2024 Q1,2024 Q2,gdp_growth,1,1.2160145078004687,AR(2),2024-06-30,1-step ahead,1.9600339339092443,-0.7440194261087756
Cutoff +1m,1,129,2024 Q1,2024 Q3,gdp_growth,2,1.151227206609826,MF-VAR,2024-09-30,Other,1.7249375962080649,-0.5737103895982387
Cutoff +1m,1,129,2024 Q1,2024 Q3,gdp_growth,2,1.8911444430209003,MIDAS (trend),2024-09-30,Other,1.7249375962080649,0.16620684681283548
Cutoff +1m,1,129,2024 Q1,2024 Q3,gdp_growth,2,2.2377267124301508,MIDAS,2024-09-30,Other,1.7249375962080649,0.5127891162220859
Cutoff +1m,1,129,2024 Q1,2024 Q3,gdp_growth,2,4.54689266938916,MIDAS-Latent (trend),2024-09-30,Other,1.7249375962080649,2.821955073181095
Cutoff +1m,1,129,2024 Q1,2024 Q3,gdp_growth,2,4.655388703334544,MIDAS-Latent,2024-09-30,Other,1.7249375962080649,2.930451107126479
Cutoff +1m,1,129,2024 Q1,2024 Q3,gdp_growth,2,2.365285613039066,AR(2),2024-09-30,Other,1.7249375962080649,0.640348016831001
Cutoff +1m,1,129,2024 Q1,2024 Q4,gdp_growth,3,2.8638614074584527,MF-VAR,2024-12-31,Other,1.3156274812899935,1.548233926168459
Cutoff +1m,1,129,2024 Q1,2024 Q4,gdp_growth,3,1.8739908808893044,MIDAS (trend),2024-12-31,Other,1.3156274812899935,0.5583633995993107
Cutoff +1m,1,129,2024 Q1,2024 Q4,gdp_growth,3,2.2347043887738134,MIDAS,2024-12-31,Other,1.3156274812899935,0.9190769074838196
Cutoff +1m,1,129,2024 Q1,2024 Q4,gdp_growth,3,4.560972361761696,MIDAS-Latent (trend),2024-12-31,Other,1.3156274812899935,3.245344880471702
Cutoff +1m,1,129,2024 Q1,2024 Q4,gdp_growth,3,4.679800683962217,MIDAS-Latent,2024-12-31,Other,1.3156274812899935,3.364173202672223
Cutoff +1m,1,129,2024 Q1,2024 Q4,gdp_growth,3,1.4741099874016987,AR(2),2024-12-31,Other,1.3156274812899935,0.158482506111705
Cutoff +1m,1,129,2024 Q1,2025 Q1,gdp_growth,4,-0.5739448140219644,MF-VAR,2025-03-31,1-year ahead,2.2430073144406037,-2.8169521284625683
Cutoff +1m,1,129,2024 Q1,2025 Q1,gdp_growth,4,1.8227926151977272,MIDAS (trend),2025-03-31,1-year ahead,2.2430073144406037,-0.4202146992428766
Cutoff +1m,1,129,2024 Q1,2025 Q1,gdp_growth,4,2.1894918254340743,MIDAS,2025-03-31,1-year ahead,2.2430073144406037,-0.05351548900652947
Cutoff +1m,1,129,2024 Q1,2025 Q1,gdp_growth,4,4.580061729023833,MIDAS-Latent (trend),2025-03-31,1-year ahead,2.2430073144406037,2.3370544145832293
Cutoff +1m,1,129,2024 Q1,2025 Q1,gdp_growth,4,4.700797710366049,MIDAS-Latent,2025-03-31,1-year ahead,2.2430073144406037,2.4577903959254455
Cutoff +1m,1,129,2024 Q1,2025 Q1,gdp_growth,4,1.3151645831546026,AR(2),2025-03-31,1-year ahead,2.2430073144406037,-0.9278427312860013
Cutoff +1m,1,129,2024 Q1,2024 Q2,inflation,1,1.239197276535233,MF-VAR,2024-06-30,1-step ahead,1.3948747405589046,-0.15567746402367155
Cutoff +1m,1,129,2024 Q1,2024 Q2,inflation,1,0.9745479753642036,MIDAS (trend),2024-06-30,1-step ahead,1.3948747405589046,-0.42032676519470114
Cutoff +1m,1,129,2024 Q1,2024 Q2,inflation,1,1.169150434416801,MIDAS,2024-06-30,1-step ahead,1.3948747405589046,-0.2257243061421033
Cutoff +1m,1,129,2024 Q1,2024 Q2,inflation,1,0.9340769761860716,MIDAS-Latent (trend),2024-06-30,1-step ahead,1.3948747405589046,-0.46079776437283304
Cutoff +1m,1,129,2024 Q1,2024 Q2,inflation,1,1.2309822682964184,MIDAS-Latent,2024-06-30,1-step ahead,1.3948747405589046,-0.16389247226248616
Cutoff +1m,1,129,2024 Q1,2024 Q2,inflation,1,0.8927455056655198,AR(2),2024-06-30,1-step ahead,1.3948747405589046,-0.5021292348933848
Cutoff +1m,1,129,2024 Q1,2024 Q3,inflation,2,1.1680124099658626,MF-VAR,2024-09-30,Other,0.04584411512098541,1.1221682948448772
Cutoff +1m,1,129,2024 Q1,2024 Q3,inflation,2,0.7338488631524208,MIDAS (trend),2024-09-30,Other,0.04584411512098541,0.6880047480314354
Cutoff +1m,1,129,2024 Q1,2024 Q3,inflation,2,0.926879175595858,MIDAS,2024-09-30,Other,0.04584411512098541,0.8810350604748726
Cutoff +1m,1,129,2024 Q1,2024 Q3,inflation,2,0.9160650227220828,MIDAS-Latent (trend),2024-09-30,Other,0.04584411512098541,0.8702209076010975
Cutoff +1m,1,129,2024 Q1,2024 Q3,inflation,2,1.2056298969321122,MIDAS-Latent,2024-09-30,Other,0.04584411512098541,1.1597857818111268
Cutoff +1m,1,129,2024 Q1,2024 Q3,inflation,2,0.6352290140782517,AR(2),2024-09-30,Other,0.04584411512098541,0.5893848989572663
Cutoff +1m,1,129,2024 Q1,2024 Q4,inflation,3,0.9945624269869362,MF-VAR,2024-12-31,Other,-0.02527507775411663,1.0198375047410528
Cutoff +1m,1,129,2024 Q1,2024 Q4,inflation,3,0.6428710288513264,MIDAS (trend),2024-12-31,Other,-0.02527507775411663,0.668146106605443
Cutoff +1m,1,129,2024 Q1,2024 Q4,inflation,3,0.9137280821195822,MIDAS,2024-12-31,Other,-0.02527507775411663,0.9390031598736988
Cutoff +1m,1,129,2024 Q1,2024 Q4,inflation,3,0.9010771357365456,MIDAS-Latent (trend),2024-12-31,Other,-0.02527507775411663,0.926352213490662
Cutoff +1m,1,129,2024 Q1,2024 Q4,inflation,3,1.2077876383992272,MIDAS-Latent,2024-12-31,Other,-0.02527507775411663,1.2330627161533438
Cutoff +1m,1,129,2024 Q1,2024 Q4,inflation,3,0.5340035858625332,AR(2),2024-12-31,Other,-0.02527507775411663,0.5592786636166498
Cutoff +1m,1,129,2024 Q1,2025 Q1,inflation,4,0.6469080802887858,MF-VAR,2025-03-31,1-year ahead,0.02047944028120696,0.6264286400075788
Cutoff +1m,1,129,2024 Q1,2025 Q1,inflation,4,0.5466297292811679,MIDAS (trend),2025-03-31,1-year ahead,0.02047944028120696,0.526150288999961
Cutoff +1m,1,129,2024 Q1,2025 Q1,inflation,4,0.8157743383323236,MIDAS,2025-03-31,1-year ahead,0.02047944028120696,0.7952948980511166
Cutoff +1m,1,129,2024 Q1,2025 Q1,inflation,4,0.8959275442154254,MIDAS-Latent (trend),2025-03-31,1-year ahead,0.02047944028120696,0.8754481039342185
Cutoff +1m,1,129,2024 Q1,2025 Q1,inflation,4,1.205920926475028,MIDAS-Latent,2025-03-31,1-year ahead,0.02047944028120696,1.1854414861938212
Cutoff +1m,1,129,2024 Q1,2025 Q1,inflation,4,0.4600243548012952,AR(2),2025-03-31,1-year ahead,0.02047944028120696,0.43954491452008826
Cutoff +1m,1,130,2024 Q2,2024 Q3,exch_rate,1,-0.03319323133222656,MF-VAR,2024-09-30,1-step ahead,-0.04995881779363455,0.01676558646140799
Cutoff +1m,1,130,2024 Q2,2024 Q3,exch_rate,1,-0.06439977649829672,MIDAS (trend),2024-09-30,1-step ahead,-0.04995881779363455,-0.01444095870466215
Cutoff +1m,1,130,2024 Q2,2024 Q3,exch_rate,1,-0.06654567847750538,MIDAS,2024-09-30,1-step ahead,-0.04995881779363455,-0.01658686068387082
Cutoff +1m,1,130,2024 Q2,2024 Q3,exch_rate,1,-0.03101843059107131,MIDAS-Latent (trend),2024-09-30,1-step ahead,-0.04995881779363455,0.01894038720256324
Cutoff +1m,1,130,2024 Q2,2024 Q3,exch_rate,1,-0.05868909509194212,MIDAS-Latent,2024-09-30,1-step ahead,-0.04995881779363455,-0.00873027729830756
Cutoff +1m,1,130,2024 Q2,2024 Q3,exch_rate,1,-0.02804934971127886,AR(2),2024-09-30,1-step ahead,-0.04995881779363455,0.02190946808235569
Cutoff +1m,1,130,2024 Q2,2024 Q4,exch_rate,2,-0.03532990105374484,MF-VAR,2024-12-31,Other,-0.06616821551812571,0.03083831446438086
Cutoff +1m,1,130,2024 Q2,2024 Q4,exch_rate,2,-0.03752704277413821,MIDAS (trend),2024-12-31,Other,-0.06616821551812571,0.02864117274398749
Cutoff +1m,1,130,2024 Q2,2024 Q4,exch_rate,2,-0.03688613484093654,MIDAS,2024-12-31,Other,-0.06616821551812571,0.02928208067718916
Cutoff +1m,1,130,2024 Q2,2024 Q4,exch_rate,2,-0.03659256306890338,MIDAS-Latent (trend),2024-12-31,Other,-0.06616821551812571,0.02957565244922233
Cutoff +1m,1,130,2024 Q2,2024 Q4,exch_rate,2,-0.03374433370407812,MIDAS-Latent,2024-12-31,Other,-0.06616821551812571,0.03242388181404759
Cutoff +1m,1,130,2024 Q2,2024 Q4,exch_rate,2,-0.02685188474183177,AR(2),2024-12-31,Other,-0.06616821551812571,0.03931633077629394
Cutoff +1m,1,130,2024 Q2,2025 Q1,exch_rate,3,-0.03124989579889246,MF-VAR,2025-03-31,Other,-0.05563092558217351,0.02438102978328105
Cutoff +1m,1,130,2024 Q2,2025 Q1,exch_rate,3,-0.07207433523908861,MIDAS (trend),2025-03-31,Other,-0.05563092558217351,-0.01644340965691509
Cutoff +1m,1,130,2024 Q2,2025 Q1,exch_rate,3,-0.07631581126993127,MIDAS,2025-03-31,Other,-0.05563092558217351,-0.02068488568775775
Cutoff +1m,1,130,2024 Q2,2025 Q1,exch_rate,3,-0.04128383637870082,MIDAS-Latent (trend),2025-03-31,Other,-0.05563092558217351,0.01434708920347269
Cutoff +1m,1,130,2024 Q2,2025 Q1,exch_rate,3,-0.06519403547473966,MIDAS-Latent,2025-03-31,Other,-0.05563092558217351,-0.00956310989256614
Cutoff +1m,1,130,2024 Q2,2025 Q1,exch_rate,3,-0.02993679209833067,AR(2),2025-03-31,Other,-0.05563092558217351,0.02569413348384283
Cutoff +1m,1,130,2024 Q2,2025 Q2,exch_rate,4,-0.02434264850718366,MF-VAR,2025-06-30,1-year ahead,-0.06491370262045415,0.04057105411327048
Cutoff +1m,1,130,2024 Q2,2025 Q2,exch_rate,4,-0.04817288457009704,MIDAS (trend),2025-06-30,1-year ahead,-0.06491370262045415,0.01674081805035711
Cutoff +1m,1,130,2024 Q2,2025 Q2,exch_rate,4,-0.04689414514558722,MIDAS,2025-06-30,1-year ahead,-0.06491370262045415,0.01801955747486693
Cutoff +1m,1,130,2024 Q2,2025 Q2,exch_rate,4,-0.0459346434735113,MIDAS-Latent (trend),2025-06-30,1-year ahead,-0.06491370262045415,0.01897905914694284
Cutoff +1m,1,130,2024 Q2,2025 Q2,exch_rate,4,-0.04059513608132358,MIDAS-Latent,2025-06-30,1-year ahead,-0.06491370262045415,0.02431856653913056
Cutoff +1m,1,130,2024 Q2,2025 Q2,exch_rate,4,-0.03033472763930766,AR(2),2025-06-30,1-year ahead,-0.06491370262045415,0.03457897498114648
Cutoff +1m,1,130,2024 Q2,2024 Q3,gdp_growth,1,1.3875546306136526,MF-VAR,2024-09-30,1-step ahead,1.7249375962080649,-0.3373829655944123
Cutoff +1m,1,130,2024 Q2,2024 Q3,gdp_growth,1,0.5267134990492001,MIDAS (trend),2024-09-30,1-step ahead,1.7249375962080649,-1.198224097158865
Cutoff +1m,1,130,2024 Q2,2024 Q3,gdp_growth,1,0.9306252385692124,MIDAS,2024-09-30,1-step ahead,1.7249375962080649,-0.7943123576388523
Cutoff +1m,1,130,2024 Q2,2024 Q3,gdp_growth,1,5.4901998080568095,MIDAS-Latent (trend),2024-09-30,1-step ahead,1.7249375962080649,3.7652622118487447
Cutoff +1m,1,130,2024 Q2,2024 Q3,gdp_growth,1,5.633141523871631,MIDAS-Latent,2024-09-30,1-step ahead,1.7249375962080649,3.908203927663566
Cutoff +1m,1,130,2024 Q2,2024 Q3,gdp_growth,1,2.3203087360214525,AR(2),2024-09-30,1-step ahead,1.7249375962080649,0.5953711398133876
Cutoff +1m,1,130,2024 Q2,2024 Q4,gdp_growth,2,0.4070847475713414,MF-VAR,2024-12-31,Other,1.3156274812899935,-0.9085427337186524
Cutoff +1m,1,130,2024 Q2,2024 Q4,gdp_growth,2,1.4700465644196008,MIDAS (trend),2024-12-31,Other,1.3156274812899935,0.15441908312960706
Cutoff +1m,1,130,2024 Q2,2024 Q4,gdp_growth,2,1.874385729096134,MIDAS,2024-12-31,Other,1.3156274812899935,0.5587582478061401
Cutoff +1m,1,130,2024 Q2,2024 Q4,gdp_growth,2,5.3107934357597175,MIDAS-Latent (trend),2024-12-31,Other,1.3156274812899935,3.995165954469724
Cutoff +1m,1,130,2024 Q2,2024 Q4,gdp_growth,2,5.455208196541271,MIDAS-Latent,2024-12-31,Other,1.3156274812899935,4.139580715251277
Cutoff +1m,1,130,2024 Q2,2024 Q4,gdp_growth,2,1.440215868502611,AR(2),2024-12-31,Other,1.3156274812899935,0.12458838721261722
Cutoff +1m,1,130,2024 Q2,2025 Q1,gdp_growth,3,1.714354453433061,MF-VAR,2025-03-31,Other,2.2430073144406037,-0.5286528610075427
Cutoff +1m,1,130,2024 Q2,2025 Q1,gdp_growth,3,1.4263855497133051,MIDAS (trend),2025-03-31,Other,2.2430073144406037,-0.8166217647272986
Cutoff +1m,1,130,2024 Q2,2025 Q1,gdp_growth,3,1.8476832333544355,MIDAS,2025-03-31,Other,2.2430073144406037,-0.395324081086168
Cutoff +1m,1,130,2024 Q2,2025 Q1,gdp_growth,3,5.601251586460848,MIDAS-Latent (trend),2025-03-31,Other,2.2430073144406037,3.358244272020245
Cutoff +1m,1,130,2024 Q2,2025 Q1,gdp_growth,3,5.760943686738091,MIDAS-Latent,2025-03-31,Other,2.2430073144406037,3.5179363722974877
Cutoff +1m,1,130,2024 Q2,2025 Q1,gdp_growth,3,1.3250892100214715,AR(2),2025-03-31,Other,2.2430073144406037,-0.9179181044191322
Cutoff +1m,1,130,2024 Q2,2025 Q2,gdp_growth,4,0.5447016758101476,MF-VAR,2025-06-30,1-year ahead,-0.09620412701139004,0.6409058028215376
Cutoff +1m,1,130,2024 Q2,2025 Q2,gdp_growth,4,1.4448081723433517,MIDAS (trend),2025-06-30,1-year ahead,-0.09620412701139004,1.5410122993547417
Cutoff +1m,1,130,2024 Q2,2025 Q2,gdp_growth,4,1.8721640450996229,MIDAS,2025-06-30,1-year ahead,-0.09620412701139004,1.968368172111013
Cutoff +1m,1,130,2024 Q2,2025 Q2,gdp_growth,4,5.584186773544903,MIDAS-Latent (trend),2025-06-30,1-year ahead,-0.09620412701139004,5.680390900556293
Cutoff +1m,1,130,2024 Q2,2025 Q2,gdp_growth,4,5.746133194063615,MIDAS-Latent,2025-06-30,1-year ahead,-0.09620412701139004,5.842337321075005
Cutoff +1m,1,130,2024 Q2,2025 Q2,gdp_growth,4,1.3707860075882334,AR(2),2025-06-30,1-year ahead,-0.09620412701139004,1.4669901345996237
Cutoff +1m,1,130,2024 Q2,2024 Q3,inflation,1,0.4178104990797825,MF-VAR,2024-09-30,1-step ahead,0.04584411512098541,0.3719663839587971
Cutoff +1m,1,130,2024 Q2,2024 Q3,inflation,1,0.7012455586225016,MIDAS (trend),2024-09-30,1-step ahead,0.04584411512098541,0.6554014435015162
Cutoff +1m,1,130,2024 Q2,2024 Q3,inflation,1,0.8805827002602792,MIDAS,2024-09-30,1-step ahead,0.04584411512098541,0.8347385851392938
Cutoff +1m,1,130,2024 Q2,2024 Q3,inflation,1,1.3615193163117818,MIDAS-Latent (trend),2024-09-30,1-step ahead,0.04584411512098541,1.3156752011907964
Cutoff +1m,1,130,2024 Q2,2024 Q3,inflation,1,1.636592007631558,MIDAS-Latent,2024-09-30,1-step ahead,0.04584411512098541,1.5907478925105727
Cutoff +1m,1,130,2024 Q2,2024 Q3,inflation,1,0.8823740221320735,AR(2),2024-09-30,1-step ahead,0.04584411512098541,0.8365299070110881
Cutoff +1m,1,130,2024 Q2,2024 Q4,inflation,2,0.4469796518012577,MF-VAR,2024-12-31,Other,-0.02527507775411663,0.47225472955537434
Cutoff +1m,1,130,2024 Q2,2024 Q4,inflation,2,0.8332696135834012,MIDAS (trend),2024-12-31,Other,-0.02527507775411663,0.8585446913375179
Cutoff +1m,1,130,2024 Q2,2024 Q4,inflation,2,1.0167097935740692,MIDAS,2024-12-31,Other,-0.02527507775411663,1.0419848713281858
Cutoff +1m,1,130,2024 Q2,2024 Q4,inflation,2,1.363282401207219,MIDAS-Latent (trend),2024-12-31,Other,-0.02527507775411663,1.3885574789613355
Cutoff +1m,1,130,2024 Q2,2024 Q4,inflation,2,1.649531717455994,MIDAS-Latent,2024-12-31,Other,-0.02527507775411663,1.6748067952101109
Cutoff +1m,1,130,2024 Q2,2024 Q4,inflation,2,0.7172473085039242,AR(2),2024-12-31,Other,-0.02527507775411663,0.7425223862580408
Cutoff +1m,1,130,2024 Q2,2025 Q1,inflation,3,0.44209915431091584,MF-VAR,2025-03-31,Other,0.02047944028120696,0.4216197140297089
Cutoff +1m,1,130,2024 Q2,2025 Q1,inflation,3,0.5595620195746989,MIDAS (trend),2025-03-31,Other,0.02047944028120696,0.5390825792934919
Cutoff +1m,1,130,2024 Q2,2025 Q1,inflation,3,0.8082832655657184,MIDAS,2025-03-31,Other,0.02047944028120696,0.7878038252845114
Cutoff +1m,1,130,2024 Q2,2025 Q1,inflation,3,1.3577012302810645,MIDAS-Latent (trend),2025-03-31,Other,0.02047944028120696,1.3372217899998573
Cutoff +1m,1,130,2024 Q2,2025 Q1,inflation,3,1.66572112400421,MIDAS-Latent,2025-03-31,Other,0.02047944028120696,1.645241683723003
Cutoff +1m,1,130,2024 Q2,2025 Q1,inflation,3,0.5817660137853098,AR(2),2025-03-31,Other,0.02047944028120696,0.5612865735041028
Cutoff +1m,1,130,2024 Q2,2025 Q2,inflation,4,0.32197656313216194,MF-VAR,2025-06-30,1-year ahead,0.08229123314116293,0.239685329990999
Cutoff +1m,1,130,2024 Q2,2025 Q2,inflation,4,0.6084534369275966,MIDAS (trend),2025-06-30,1-year ahead,0.08229123314116293,0.5261622037864336
Cutoff +1m,1,130,2024 Q2,2025 Q2,inflation,4,0.8634513319639218,MIDAS,2025-06-30,1-year ahead,0.08229123314116293,0.7811600988227588
Cutoff +1m,1,130,2024 Q2,2025 Q2,inflation,4,1.3532585104559367,MIDAS-Latent (trend),2025-06-30,1-year ahead,0.08229123314116293,1.2709672773147738
Cutoff +1m,1,130,2024 Q2,2025 Q2,inflation,4,1.6665877820857808,MIDAS-Latent,2025-06-30,1-year ahead,0.08229123314116293,1.584296548944618
Cutoff +1m,1,130,2024 Q2,2025 Q2,inflation,4,0.4926904838378004,AR(2),2025-06-30,1-year ahead,0.08229123314116293,0.41039925069663746
Cutoff +1m,1,131,2024 Q3,2024 Q4,exch_rate,1,-0.05872041850496287,MF-VAR,2024-12-31,1-step ahead,-0.06616821551812571,0.00744779701316284
Cutoff +1m,1,131,2024 Q3,2024 Q4,exch_rate,1,-0.04525693763718176,MIDAS (trend),2024-12-31,1-step ahead,-0.06616821551812571,0.02091127788094395
Cutoff +1m,1,131,2024 Q3,2024 Q4,exch_rate,1,-0.04499150398285916,MIDAS,2024-12-31,1-step ahead,-0.06616821551812571,0.02117671153526654
Cutoff +1m,1,131,2024 Q3,2024 Q4,exch_rate,1,-0.04195009967364885,MIDAS-Latent (trend),2024-12-31,1-step ahead,-0.06616821551812571,0.02421811584447686
Cutoff +1m,1,131,2024 Q3,2024 Q4,exch_rate,1,-0.0333974561678652,MIDAS-Latent,2024-12-31,1-step ahead,-0.06616821551812571,0.03277075935026051
Cutoff +1m,1,131,2024 Q3,2024 Q4,exch_rate,1,-0.05157433688216628,AR(2),2024-12-31,1-step ahead,-0.06616821551812571,0.01459387863595942
Cutoff +1m,1,131,2024 Q3,2025 Q1,exch_rate,2,-0.0639426022521474,MF-VAR,2025-03-31,Other,-0.05563092558217351,-0.00831167666997388
Cutoff +1m,1,131,2024 Q3,2025 Q1,exch_rate,2,-0.06123749982363674,MIDAS (trend),2025-03-31,Other,-0.05563092558217351,-0.00560657424146322
Cutoff +1m,1,131,2024 Q3,2025 Q1,exch_rate,2,-0.06228886351622343,MIDAS,2025-03-31,Other,-0.05563092558217351,-0.00665793793404991
Cutoff +1m,1,131,2024 Q3,2025 Q1,exch_rate,2,-0.04618766506672431,MIDAS-Latent (trend),2025-03-31,Other,-0.05563092558217351,0.0094432605154492
Cutoff +1m,1,131,2024 Q3,2025 Q1,exch_rate,2,-0.05619910756820277,MIDAS-Latent,2025-03-31,Other,-0.05563092558217351,-5.681819860292592e-4
Cutoff +1m,1,131,2024 Q3,2025 Q1,exch_rate,2,-0.05385504213055087,AR(2),2025-03-31,Other,-0.05563092558217351,0.00177588345162264
Cutoff +1m,1,131,2024 Q3,2025 Q2,exch_rate,3,-0.05772705936048593,MF-VAR,2025-06-30,Other,-0.06491370262045415,0.00718664325996822
Cutoff +1m,1,131,2024 Q3,2025 Q2,exch_rate,3,-0.05744007844695303,MIDAS (trend),2025-06-30,Other,-0.06491370262045415,0.00747362417350112
Cutoff +1m,1,131,2024 Q3,2025 Q2,exch_rate,3,-0.05736598423080738,MIDAS,2025-06-30,Other,-0.06491370262045415,0.00754771838964676
Cutoff +1m,1,131,2024 Q3,2025 Q2,exch_rate,3,-0.05117724351292171,MIDAS-Latent (trend),2025-06-30,Other,-0.06491370262045415,0.01373645910753244
Cutoff +1m,1,131,2024 Q3,2025 Q2,exch_rate,3,-0.03989512834376674,MIDAS-Latent,2025-06-30,Other,-0.06491370262045415,0.02501857427668741
Cutoff +1m,1,131,2024 Q3,2025 Q2,exch_rate,3,-0.05283056499483761,AR(2),2025-06-30,Other,-0.06491370262045415,0.01208313762561653
Cutoff +1m,1,131,2024 Q3,2025 Q3,exch_rate,4,-0.05905905149638445,MF-VAR,2025-09-30,1-year ahead,-0.06684019298606815,0.00778114148968369
Cutoff +1m,1,131,2024 Q3,2025 Q3,exch_rate,4,-0.07237160319965762,MIDAS (trend),2025-09-30,1-year ahead,-0.06684019298606815,-0.00553141021358946
Cutoff +1m,1,131,2024 Q3,2025 Q3,exch_rate,4,-0.07450861225532927,MIDAS,2025-09-30,1-year ahead,-0.06684019298606815,-0.00766841926926112
Cutoff +1m,1,131,2024 Q3,2025 Q3,exch_rate,4,-0.05587136901208654,MIDAS-Latent (trend),2025-09-30,1-year ahead,-0.06684019298606815,0.0109688239739816
Cutoff +1m,1,131,2024 Q3,2025 Q3,exch_rate,4,-0.06234241614016897,MIDAS-Latent,2025-09-30,1-year ahead,-0.06684019298606815,0.00449777684589917
Cutoff +1m,1,131,2024 Q3,2025 Q3,exch_rate,4,-0.05887865658051002,AR(2),2025-09-30,1-year ahead,-0.06684019298606815,0.00796153640555812
Cutoff +1m,1,131,2024 Q3,2024 Q4,gdp_growth,1,-0.8527681906440087,MF-VAR,2024-12-31,1-step ahead,1.3156274812899935,-2.1683956719340025
Cutoff +1m,1,131,2024 Q3,2024 Q4,gdp_growth,1,0.02440260182803228,MIDAS (trend),2024-12-31,1-step ahead,1.3156274812899935,-1.2912248794619614
Cutoff +1m,1,131,2024 Q3,2024 Q4,gdp_growth,1,0.4152560714317445,MIDAS,2024-12-31,1-step ahead,1.3156274812899935,-0.9003714098582493
Cutoff +1m,1,131,2024 Q3,2024 Q4,gdp_growth,1,0.6011730277214523,MIDAS-Latent (trend),2024-12-31,1-step ahead,1.3156274812899935,-0.7144544535685414
Cutoff +1m,1,131,2024 Q3,2024 Q4,gdp_growth,1,0.7282274169101977,MIDAS-Latent,2024-12-31,1-step ahead,1.3156274812899935,-0.5874000643797961
Cutoff +1m,1,131,2024 Q3,2024 Q4,gdp_growth,1,1.4729353917720749,AR(2),2024-12-31,1-step ahead,1.3156274812899935,0.15730791048208115
Cutoff +1m,1,131,2024 Q3,2025 Q1,gdp_growth,2,-1.0437478303989214,MF-VAR,2025-03-31,Other,2.2430073144406037,-3.286755144839525
Cutoff +1m,1,131,2024 Q3,2025 Q1,gdp_growth,2,1.2627220029496191,MIDAS (trend),2025-03-31,Other,2.2430073144406037,-0.9802853114909844
Cutoff +1m,1,131,2024 Q3,2025 Q1,gdp_growth,2,1.6530316533791378,MIDAS,2025-03-31,Other,2.2430073144406037,-0.5899756610614659
Cutoff +1m,1,131,2024 Q3,2025 Q1,gdp_growth,2,0.5803096586928179,MIDAS-Latent (trend),2025-03-31,Other,2.2430073144406037,-1.662697655747786
Cutoff +1m,1,131,2024 Q3,2025 Q1,gdp_growth,2,0.7092979710865346,MIDAS-Latent,2025-03-31,Other,2.2430073144406037,-1.5337093433540692
Cutoff +1m,1,131,2024 Q3,2025 Q1,gdp_growth,2,1.3502842171332174,AR(2),2025-03-31,Other,2.2430073144406037,-0.8927230973073863
Cutoff +1m,1,131,2024 Q3,2025 Q2,gdp_growth,3,1.1508124716184325,MF-VAR,2025-06-30,Other,-0.09620412701139004,1.2470165986298225
Cutoff +1m,1,131,2024 Q3,2025 Q2,gdp_growth,3,1.211598878748409,MIDAS (trend),2025-06-30,Other,-0.09620412701139004,1.3078030057597994
Cutoff +1m,1,131,2024 Q3,2025 Q2,gdp_growth,3,1.6188352174164935,MIDAS,2025-06-30,Other,-0.09620412701139004,1.7150393444278835
Cutoff +1m,1,131,2024 Q3,2025 Q2,gdp_growth,3,0.4880609326659113,MIDAS-Latent (trend),2025-06-30,Other,-0.09620412701139004,0.5842650596773014
Cutoff +1m,1,131,2024 Q3,2025 Q2,gdp_growth,3,0.6290450350969734,MIDAS-Latent,2025-06-30,Other,-0.09620412701139004,0.7252491621083634
Cutoff +1m,1,131,2024 Q3,2025 Q2,gdp_growth,3,1.3603955818547768,AR(2),2025-06-30,Other,-0.09620412701139004,1.4565997088661669
Cutoff +1m,1,131,2024 Q3,2025 Q3,gdp_growth,4,1.12347521622663,MF-VAR,2025-09-30,1-year ahead,-0.3289627178062915,1.4524379340329214
Cutoff +1m,1,131,2024 Q3,2025 Q3,gdp_growth,4,1.238546078286125,MIDAS (trend),2025-09-30,1-year ahead,-0.3289627178062915,1.5675087960924166
Cutoff +1m,1,131,2024 Q3,2025 Q3,gdp_growth,4,1.6511541534505172,MIDAS,2025-09-30,1-year ahead,-0.3289627178062915,1.980116871256809
Cutoff +1m,1,131,2024 Q3,2025 Q3,gdp_growth,4,0.48440656967541623,MIDAS-Latent (trend),2025-09-30,1-year ahead,-0.3289627178062915,0.8133692874817078
Cutoff +1m,1,131,2024 Q3,2025 Q3,gdp_growth,4,0.6275208772870526,MIDAS-Latent,2025-09-30,1-year ahead,-0.3289627178062915,0.956483595093344
Cutoff +1m,1,131,2024 Q3,2025 Q3,gdp_growth,4,2.4990426714488465,AR(2),2025-09-30,1-year ahead,-0.3289627178062915,2.828005389255138
Cutoff +1m,1,131,2024 Q3,2024 Q4,inflation,1,-1.3550384322109417,MF-VAR,2024-12-31,1-step ahead,-0.02527507775411663,-1.329763354456825
Cutoff +1m,1,131,2024 Q3,2024 Q4,inflation,1,0.7417393055798273,MIDAS (trend),2024-12-31,1-step ahead,-0.02527507775411663,0.7670143833339439
Cutoff +1m,1,131,2024 Q3,2024 Q4,inflation,1,0.942274005267408,MIDAS,2024-12-31,1-step ahead,-0.02527507775411663,0.9675490830215244
Cutoff +1m,1,131,2024 Q3,2024 Q4,inflation,1,0.7437819614608931,MIDAS-Latent (trend),2024-12-31,1-step ahead,-0.02527507775411663,0.7690570392150098
Cutoff +1m,1,131,2024 Q3,2024 Q4,inflation,1,1.06843625016667,MIDAS-Latent,2024-12-31,1-step ahead,-0.02527507775411663,1.0937113279207866
Cutoff +1m,1,131,2024 Q3,2024 Q4,inflation,1,0.31545276807402567,AR(2),2024-12-31,1-step ahead,-0.02527507775411663,0.3407278458281423
Cutoff +1m,1,131,2024 Q3,2025 Q1,inflation,2,-1.3356727161955544,MF-VAR,2025-03-31,Other,0.02047944028120696,-1.3561521564767614
Cutoff +1m,1,131,2024 Q3,2025 Q1,inflation,2,0.29012807160312815,MIDAS (trend),2025-03-31,Other,0.02047944028120696,0.2696486313219212
Cutoff +1m,1,131,2024 Q3,2025 Q1,inflation,2,0.47103854632146247,MIDAS,2025-03-31,Other,0.02047944028120696,0.4505591060402555
Cutoff +1m,1,131,2024 Q3,2025 Q1,inflation,2,0.7025511198131053,MIDAS-Latent (trend),2025-03-31,Other,0.02047944028120696,0.6820716795318983
Cutoff +1m,1,131,2024 Q3,2025 Q1,inflation,2,0.9820631937411264,MIDAS-Latent,2025-03-31,Other,0.02047944028120696,0.9615837534599196
Cutoff +1m,1,131,2024 Q3,2025 Q1,inflation,2,0.28895837688022913,AR(2),2025-03-31,Other,0.02047944028120696,0.26847893659902217
Cutoff +1m,1,131,2024 Q3,2025 Q2,inflation,3,-0.7402378099151805,MF-VAR,2025-06-30,Other,0.08229123314116293,-0.8225290430563434
Cutoff +1m,1,131,2024 Q3,2025 Q2,inflation,3,0.5573875912816645,MIDAS (trend),2025-06-30,Other,0.08229123314116293,0.4750963581405015
Cutoff +1m,1,131,2024 Q3,2025 Q2,inflation,3,0.8331459167686018,MIDAS,2025-06-30,Other,0.08229123314116293,0.7508546836274389
Cutoff +1m,1,131,2024 Q3,2025 Q2,inflation,3,0.7165807210374775,MIDAS-Latent (trend),2025-06-30,Other,0.08229123314116293,0.6342894878963146
Cutoff +1m,1,131,2024 Q3,2025 Q2,inflation,3,1.047535694153744,MIDAS-Latent,2025-06-30,Other,0.08229123314116293,0.9652444610125812
Cutoff +1m,1,131,2024 Q3,2025 Q2,inflation,3,0.30382417422044655,AR(2),2025-06-30,Other,0.08229123314116293,0.2215329410792836
Cutoff +1m,1,131,2024 Q3,2025 Q3,inflation,4,-0.7139236700556024,MF-VAR,2025-09-30,1-year ahead,0.6122884651894367,-1.3262121352450391
Cutoff +1m,1,131,2024 Q3,2025 Q3,inflation,4,0.37906711939198257,MIDAS (trend),2025-09-30,1-year ahead,0.6122884651894367,-0.23322134579745413
Cutoff +1m,1,131,2024 Q3,2025 Q3,inflation,4,0.6427932357881682,MIDAS,2025-09-30,1-year ahead,0.6122884651894367,0.03050477059873146
Cutoff +1m,1,131,2024 Q3,2025 Q3,inflation,4,0.7106555503058569,MIDAS-Latent (trend),2025-09-30,1-year ahead,0.6122884651894367,0.09836708511642024
Cutoff +1m,1,131,2024 Q3,2025 Q3,inflation,4,1.0420055714599998,MIDAS-Latent,2025-09-30,1-year ahead,0.6122884651894367,0.42971710627056314
Cutoff +1m,1,131,2024 Q3,2025 Q3,inflation,4,0.23832747999870577,AR(2),2025-09-30,1-year ahead,0.6122884651894367,-0.37396098519073095
Cutoff +2m,2,122,2022 Q2,2022 Q3,exch_rate,1,-0.01571930820189922,MF-VAR,2022-09-30,1-step ahead,-0.02673991612199204,0.01102060792009282
Cutoff +2m,2,122,2022 Q2,2022 Q3,exch_rate,1,0.01768128553679585,MIDAS (trend),2022-09-30,1-step ahead,-0.02673991612199204,0.04442120165878791
Cutoff +2m,2,122,2022 Q2,2022 Q3,exch_rate,1,0.01862214138159697,MIDAS,2022-09-30,1-step ahead,-0.02673991612199204,0.04536205750358903
Cutoff +2m,2,122,2022 Q2,2022 Q3,exch_rate,1,0.01732857771295679,MIDAS-Latent (trend),2022-09-30,1-step ahead,-0.02673991612199204,0.04406849383494884
Cutoff +2m,2,122,2022 Q2,2022 Q3,exch_rate,1,0.03072561661956436,MIDAS-Latent,2022-09-30,1-step ahead,-0.02673991612199204,0.0574655327415564
Cutoff +2m,2,122,2022 Q2,2022 Q3,exch_rate,1,0.01794364712837148,AR(2),2022-09-30,1-step ahead,-0.02673991612199204,0.04468356325036353
Cutoff +2m,2,122,2022 Q2,2022 Q4,exch_rate,2,-0.01774478326447924,MF-VAR,2022-12-31,Other,-0.01686369046465063,-8.810927998286096e-4
Cutoff +2m,2,122,2022 Q2,2022 Q4,exch_rate,2,0.02733841554314759,MIDAS (trend),2022-12-31,Other,-0.01686369046465063,0.04420210600779822
Cutoff +2m,2,122,2022 Q2,2022 Q4,exch_rate,2,0.02948270194195678,MIDAS,2022-12-31,Other,-0.01686369046465063,0.04634639240660741
Cutoff +2m,2,122,2022 Q2,2022 Q4,exch_rate,2,0.01280776767677345,MIDAS-Latent (trend),2022-12-31,Other,-0.01686369046465063,0.02967145814142409
Cutoff +2m,2,122,2022 Q2,2022 Q4,exch_rate,2,0.02174746070107411,MIDAS-Latent,2022-12-31,Other,-0.01686369046465063,0.03861115116572474
Cutoff +2m,2,122,2022 Q2,2022 Q4,exch_rate,2,0.01714007707088672,AR(2),2022-12-31,Other,-0.01686369046465063,0.03400376753553735
Cutoff +2m,2,122,2022 Q2,2023 Q1,exch_rate,3,-0.03214919239687831,MF-VAR,2023-03-31,Other,-0.00764627711431255,-0.02450291528256575
Cutoff +2m,2,122,2022 Q2,2023 Q1,exch_rate,3,0.0183524619491874,MIDAS (trend),2023-03-31,Other,-0.00764627711431255,0.02599873906349995
Cutoff +2m,2,122,2022 Q2,2023 Q1,exch_rate,3,0.02108525118486691,MIDAS,2023-03-31,Other,-0.00764627711431255,0.02873152829917946
Cutoff +2m,2,122,2022 Q2,2023 Q1,exch_rate,3,0.0083109046334053,MIDAS-Latent (trend),2023-03-31,Other,-0.00764627711431255,0.01595718174771786
Cutoff +2m,2,122,2022 Q2,2023 Q1,exch_rate,3,0.02525702052280845,MIDAS-Latent,2023-03-31,Other,-0.00764627711431255,0.03290329763712101
Cutoff +2m,2,122,2022 Q2,2023 Q1,exch_rate,3,0.01341022426091578,AR(2),2023-03-31,Other,-0.00764627711431255,0.02105650137522834
Cutoff +2m,2,122,2022 Q2,2023 Q2,exch_rate,4,-0.03334760733322596,MF-VAR,2023-06-30,1-year ahead,-0.02150963188471731,-0.01183797544850864
Cutoff +2m,2,122,2022 Q2,2023 Q2,exch_rate,4,0.02662532522080138,MIDAS (trend),2023-06-30,1-year ahead,-0.02150963188471731,0.0481349571055187
Cutoff +2m,2,122,2022 Q2,2023 Q2,exch_rate,4,0.03177508243889676,MIDAS,2023-06-30,1-year ahead,-0.02150963188471731,0.05328471432361408
Cutoff +2m,2,122,2022 Q2,2023 Q2,exch_rate,4,0.00362927578184761,MIDAS-Latent (trend),2023-06-30,1-year ahead,-0.02150963188471731,0.02513890766656493
Cutoff +2m,2,122,2022 Q2,2023 Q2,exch_rate,4,0.01643557769408482,MIDAS-Latent,2023-06-30,1-year ahead,-0.02150963188471731,0.03794520957880214
Cutoff +2m,2,122,2022 Q2,2023 Q2,exch_rate,4,0.01269023892425916,AR(2),2023-06-30,1-year ahead,-0.02150963188471731,0.03419987080897647
Cutoff +2m,2,122,2022 Q2,2022 Q3,gdp_growth,1,1.328235536107223,MF-VAR,2022-09-30,1-step ahead,-1.4984497864681146,2.8266853225753374
Cutoff +2m,2,122,2022 Q2,2022 Q3,gdp_growth,1,-0.6786681022379394,MIDAS (trend),2022-09-30,1-step ahead,-1.4984497864681146,0.8197816842301752
Cutoff +2m,2,122,2022 Q2,2022 Q3,gdp_growth,1,-0.42375544674349847,MIDAS,2022-09-30,1-step ahead,-1.4984497864681146,1.074694339724616
Cutoff +2m,2,122,2022 Q2,2022 Q3,gdp_growth,1,6.999418966932742,MIDAS-Latent (trend),2022-09-30,1-step ahead,-1.4984497864681146,8.497868753400857
Cutoff +2m,2,122,2022 Q2,2022 Q3,gdp_growth,1,7.079801182453466,MIDAS-Latent,2022-09-30,1-step ahead,-1.4984497864681146,8.57825096892158
Cutoff +2m,2,122,2022 Q2,2022 Q3,gdp_growth,1,2.3006805969450115,AR(2),2022-09-30,1-step ahead,-1.4984497864681146,3.799130383413126
Cutoff +2m,2,122,2022 Q2,2022 Q4,gdp_growth,2,0.27585169177319646,MF-VAR,2022-12-31,Other,-0.00329960589198208,0.27915129766517854
Cutoff +2m,2,122,2022 Q2,2022 Q4,gdp_growth,2,2.553948830236178,MIDAS (trend),2022-12-31,Other,-0.00329960589198208,2.55724843612816
Cutoff +2m,2,122,2022 Q2,2022 Q4,gdp_growth,2,2.822316766959319,MIDAS,2022-12-31,Other,-0.00329960589198208,2.8256163728513015
Cutoff +2m,2,122,2022 Q2,2022 Q4,gdp_growth,2,7.162682956617244,MIDAS-Latent (trend),2022-12-31,Other,-0.00329960589198208,7.165982562509226
Cutoff +2m,2,122,2022 Q2,2022 Q4,gdp_growth,2,7.24390420075074,MIDAS-Latent,2022-12-31,Other,-0.00329960589198208,7.247203806642722
Cutoff +2m,2,122,2022 Q2,2022 Q4,gdp_growth,2,1.4011179223045118,AR(2),2022-12-31,Other,-0.00329960589198208,1.404417528196494
Cutoff +2m,2,122,2022 Q2,2023 Q1,gdp_growth,3,1.3834199734480856,MF-VAR,2023-03-31,Other,-1.4211511197238735,2.804571093171959
Cutoff +2m,2,122,2022 Q2,2023 Q1,gdp_growth,3,2.384324656467521,MIDAS (trend),2023-03-31,Other,-1.4211511197238735,3.805475776191394
Cutoff +2m,2,122,2022 Q2,2023 Q1,gdp_growth,3,2.6723438038867258,MIDAS,2023-03-31,Other,-1.4211511197238735,4.093494923610599
Cutoff +2m,2,122,2022 Q2,2023 Q1,gdp_growth,3,7.395990533402218,MIDAS-Latent (trend),2023-03-31,Other,-1.4211511197238735,8.817141653126091
Cutoff +2m,2,122,2022 Q2,2023 Q1,gdp_growth,3,7.485537099900021,MIDAS-Latent,2023-03-31,Other,-1.4211511197238735,8.906688219623895
Cutoff +2m,2,122,2022 Q2,2023 Q1,gdp_growth,3,1.4531080628906867,AR(2),2023-03-31,Other,-1.4211511197238735,2.8742591826145603
Cutoff +2m,2,122,2022 Q2,2023 Q2,gdp_growth,4,-0.5602624968827542,MF-VAR,2023-06-30,1-year ahead,-1.9508697250607552,1.390607228178001
Cutoff +2m,2,122,2022 Q2,2023 Q2,gdp_growth,4,2.4815943781454832,MIDAS (trend),2023-06-30,1-year ahead,-1.9508697250607552,4.432464103206239
Cutoff +2m,2,122,2022 Q2,2023 Q2,gdp_growth,4,2.76985947330037,MIDAS,2023-06-30,1-year ahead,-1.9508697250607552,4.720729198361125
Cutoff +2m,2,122,2022 Q2,2023 Q2,gdp_growth,4,7.410333325025164,MIDAS-Latent (trend),2023-06-30,1-year ahead,-1.9508697250607552,9.36120305008592
Cutoff +2m,2,122,2022 Q2,2023 Q2,gdp_growth,4,7.501326794126892,MIDAS-Latent,2023-06-30,1-year ahead,-1.9508697250607552,9.452196519187648
Cutoff +2m,2,122,2022 Q2,2023 Q2,gdp_growth,4,1.4860590564519338,AR(2),2023-06-30,1-year ahead,-1.9508697250607552,3.436928781512689
Cutoff +2m,2,122,2022 Q2,2022 Q3,inflation,1,2.6755621633155267,MF-VAR,2022-09-30,1-step ahead,3.320870259523545,-0.6453080962080184
Cutoff +2m,2,122,2022 Q2,2022 Q3,inflation,1,0.8092893261963547,MIDAS (trend),2022-09-30,1-step ahead,3.320870259523545,-2.51158093332719
Cutoff +2m,2,122,2022 Q2,2022 Q3,inflation,1,1.2366314016591176,MIDAS,2022-09-30,1-step ahead,3.320870259523545,-2.0842388578644275
Cutoff +2m,2,122,2022 Q2,2022 Q3,inflation,1,2.733375524301465,MIDAS-Latent (trend),2022-09-30,1-step ahead,3.320870259523545,-0.5874947352220801
Cutoff +2m,2,122,2022 Q2,2022 Q3,inflation,1,3.0847734966874607,MIDAS-Latent,2022-09-30,1-step ahead,3.320870259523545,-0.2360967628360844
Cutoff +2m,2,122,2022 Q2,2022 Q3,inflation,1,2.309332250415841,AR(2),2022-09-30,1-step ahead,3.320870259523545,-1.0115380091077042
Cutoff +2m,2,122,2022 Q2,2022 Q4,inflation,2,2.6921911817765434,MF-VAR,2022-12-31,Other,1.4337160386958203,1.258475143080723
Cutoff +2m,2,122,2022 Q2,2022 Q4,inflation,2,1.5613152745872916,MIDAS (trend),2022-12-31,Other,1.4337160386958203,0.12759923589147126
Cutoff +2m,2,122,2022 Q2,2022 Q4,inflation,2,2.158418109775046,MIDAS,2022-12-31,Other,1.4337160386958203,0.7247020710792258
Cutoff +2m,2,122,2022 Q2,2022 Q4,inflation,2,2.798214252113743,MIDAS-Latent (trend),2022-12-31,Other,1.4337160386958203,1.3644982134179229
Cutoff +2m,2,122,2022 Q2,2022 Q4,inflation,2,3.254405499167798,MIDAS-Latent,2022-12-31,Other,1.4337160386958203,1.8206894604719777
Cutoff +2m,2,122,2022 Q2,2022 Q4,inflation,2,1.5185450588592335,AR(2),2022-12-31,Other,1.4337160386958203,0.0848290201634132
Cutoff +2m,2,122,2022 Q2,2023 Q1,inflation,3,0.9063021036949273,MF-VAR,2023-03-31,Other,3.17581391503019,-2.2695118113352626
Cutoff +2m,2,122,2022 Q2,2023 Q1,inflation,3,0.3341570872588215,MIDAS (trend),2023-03-31,Other,3.17581391503019,-2.8416568277713687
Cutoff +2m,2,122,2022 Q2,2023 Q1,inflation,3,0.8841944211901562,MIDAS,2023-03-31,Other,3.17581391503019,-2.2916194938400336
Cutoff +2m,2,122,2022 Q2,2023 Q1,inflation,3,2.7334525747549288,MIDAS-Latent (trend),2023-03-31,Other,3.17581391503019,-0.4423613402752613
Cutoff +2m,2,122,2022 Q2,2023 Q1,inflation,3,3.1369436644671445,MIDAS-Latent,2023-03-31,Other,3.17581391503019,-0.0388702505630456
Cutoff +2m,2,122,2022 Q2,2023 Q1,inflation,3,0.9973676589704724,AR(2),2023-03-31,Other,3.17581391503019,-2.1784462560597175
Cutoff +2m,2,122,2022 Q2,2023 Q2,inflation,4,-0.09976604368782854,MF-VAR,2023-06-30,1-year ahead,0.5501119867577842,-0.6498780304456127
Cutoff +2m,2,122,2022 Q2,2023 Q2,inflation,4,0.5760192003823267,MIDAS (trend),2023-06-30,1-year ahead,0.5501119867577842,0.02590721362454251
Cutoff +2m,2,122,2022 Q2,2023 Q2,inflation,4,1.242281398507294,MIDAS,2023-06-30,1-year ahead,0.5501119867577842,0.6921694117495099
Cutoff +2m,2,122,2022 Q2,2023 Q2,inflation,4,2.7308844308993,MIDAS-Latent (trend),2023-06-30,1-year ahead,0.5501119867577842,2.1807724441415157
Cutoff +2m,2,122,2022 Q2,2023 Q2,inflation,4,3.1508583424923784,MIDAS-Latent,2023-06-30,1-year ahead,0.5501119867577842,2.6007463557345942
Cutoff +2m,2,122,2022 Q2,2023 Q2,inflation,4,0.6988475954173927,AR(2),2023-06-30,1-year ahead,0.5501119867577842,0.14873560865960855
Cutoff +2m,2,123,2022 Q3,2022 Q4,exch_rate,1,-0.01646710413231155,MF-VAR,2022-12-31,1-step ahead,-0.01686369046465063,3.965863323390738e-4
Cutoff +2m,2,123,2022 Q3,2022 Q4,exch_rate,1,0.02534308858481036,MIDAS (trend),2022-12-31,1-step ahead,-0.01686369046465063,0.04220677904946099
Cutoff +2m,2,123,2022 Q3,2022 Q4,exch_rate,1,0.02747080008957105,MIDAS,2022-12-31,1-step ahead,-0.01686369046465063,0.04433449055422168
Cutoff +2m,2,123,2022 Q3,2022 Q4,exch_rate,1,-0.02077883829012031,MIDAS-Latent (trend),2022-12-31,1-step ahead,-0.01686369046465063,-0.00391514782546967
Cutoff +2m,2,123,2022 Q3,2022 Q4,exch_rate,1,0.01964765747811417,MIDAS-Latent,2022-12-31,1-step ahead,-0.01686369046465063,0.03651134794276479
Cutoff +2m,2,123,2022 Q3,2022 Q4,exch_rate,1,-0.03151574313276253,AR(2),2022-12-31,1-step ahead,-0.01686369046465063,-0.01465205266811189
Cutoff +2m,2,123,2022 Q3,2023 Q1,exch_rate,2,-0.02193737624869777,MF-VAR,2023-03-31,Other,-0.00764627711431255,-0.01429109913438522
Cutoff +2m,2,123,2022 Q3,2023 Q1,exch_rate,2,-0.02896613806568648,MIDAS (trend),2023-03-31,Other,-0.00764627711431255,-0.02131986095137392
Cutoff +2m,2,123,2022 Q3,2023 Q1,exch_rate,2,-0.03130785135379581,MIDAS,2023-03-31,Other,-0.00764627711431255,-0.02366157423948325
Cutoff +2m,2,123,2022 Q3,2023 Q1,exch_rate,2,-0.02396162271258488,MIDAS-Latent (trend),2023-03-31,Other,-0.00764627711431255,-0.01631534559827233
Cutoff +2m,2,123,2022 Q3,2023 Q1,exch_rate,2,-0.03332613189375475,MIDAS-Latent,2023-03-31,Other,-0.00764627711431255,-0.0256798547794422
Cutoff +2m,2,123,2022 Q3,2023 Q1,exch_rate,2,-0.03296813704854884,AR(2),2023-03-31,Other,-0.00764627711431255,-0.02532185993423628
Cutoff +2m,2,123,2022 Q3,2023 Q2,exch_rate,3,-0.00771516044487363,MF-VAR,2023-06-30,Other,-0.02150963188471731,0.01379447143984367
Cutoff +2m,2,123,2022 Q3,2023 Q2,exch_rate,3,0.01775137238813375,MIDAS (trend),2023-06-30,Other,-0.02150963188471731,0.03926100427285107
Cutoff +2m,2,123,2022 Q3,2023 Q2,exch_rate,3,0.02226864031885984,MIDAS,2023-06-30,Other,-0.02150963188471731,0.04377827220357716
Cutoff +2m,2,123,2022 Q3,2023 Q2,exch_rate,3,-0.02896246790789318,MIDAS-Latent (trend),2023-06-30,Other,-0.02150963188471731,-0.00745283602317586
Cutoff +2m,2,123,2022 Q3,2023 Q2,exch_rate,3,0.01226971602602905,MIDAS-Latent,2023-06-30,Other,-0.02150963188471731,0.03377934791074637
Cutoff +2m,2,123,2022 Q3,2023 Q2,exch_rate,3,-0.03062764276325851,AR(2),2023-06-30,Other,-0.02150963188471731,-0.0091180108785412
Cutoff +2m,2,123,2022 Q3,2023 Q3,exch_rate,4,-0.00248290581386026,MF-VAR,2023-09-30,1-year ahead,-0.03937898253147601,0.03689607671761574
Cutoff +2m,2,123,2022 Q3,2023 Q3,exch_rate,4,-0.03186867084084899,MIDAS (trend),2023-09-30,1-year ahead,-0.03937898253147601,0.00751031169062701
Cutoff +2m,2,123,2022 Q3,2023 Q3,exch_rate,4,-0.03582234518473624,MIDAS,2023-09-30,1-year ahead,-0.03937898253147601,0.00355663734673976
Cutoff +2m,2,123,2022 Q3,2023 Q3,exch_rate,4,-0.03368557223499791,MIDAS-Latent (trend),2023-09-30,1-year ahead,-0.03937898253147601,0.00569341029647809
Cutoff +2m,2,123,2022 Q3,2023 Q3,exch_rate,4,-0.03979993660889266,MIDAS-Latent,2023-09-30,1-year ahead,-0.03937898253147601,-4.2095407741665064e-4
Cutoff +2m,2,123,2022 Q3,2023 Q3,exch_rate,4,-0.03537571190593926,AR(2),2023-09-30,1-year ahead,-0.03937898253147601,0.00400327062553675
Cutoff +2m,2,123,2022 Q3,2022 Q4,gdp_growth,1,7.926433237751752,MF-VAR,2022-12-31,1-step ahead,-0.00329960589198208,7.929732843643734
Cutoff +2m,2,123,2022 Q3,2022 Q4,gdp_growth,1,2.7908565124070797,MIDAS (trend),2022-12-31,1-step ahead,-0.00329960589198208,2.7941561182990617
Cutoff +2m,2,123,2022 Q3,2022 Q4,gdp_growth,1,3.0939167855781493,MIDAS,2022-12-31,1-step ahead,-0.00329960589198208,3.0972163914701314
Cutoff +2m,2,123,2022 Q3,2022 Q4,gdp_growth,1,0.7346089627298419,MIDAS-Latent (trend),2022-12-31,1-step ahead,-0.00329960589198208,0.737908568621824
Cutoff +2m,2,123,2022 Q3,2022 Q4,gdp_growth,1,0.7408541094835805,MIDAS-Latent,2022-12-31,1-step ahead,-0.00329960589198208,0.7441537153755626
Cutoff +2m,2,123,2022 Q3,2022 Q4,gdp_growth,1,1.6636455854759182,AR(2),2022-12-31,1-step ahead,-0.00329960589198208,1.6669451913679003
Cutoff +2m,2,123,2022 Q3,2023 Q1,gdp_growth,2,7.969744726240026,MF-VAR,2023-03-31,Other,-1.4211511197238735,9.3908958459639
Cutoff +2m,2,123,2022 Q3,2023 Q1,gdp_growth,2,1.815966060342703,MIDAS (trend),2023-03-31,Other,-1.4211511197238735,3.2371171800665763
Cutoff +2m,2,123,2022 Q3,2023 Q1,gdp_growth,2,2.126984678656753,MIDAS,2023-03-31,Other,-1.4211511197238735,3.5481357983806263
Cutoff +2m,2,123,2022 Q3,2023 Q1,gdp_growth,2,0.25051872095720046,MIDAS-Latent (trend),2023-03-31,Other,-1.4211511197238735,1.671669840681074
Cutoff +2m,2,123,2022 Q3,2023 Q1,gdp_growth,2,0.25702179711457546,MIDAS-Latent,2023-03-31,Other,-1.4211511197238735,1.678172916838449
Cutoff +2m,2,123,2022 Q3,2023 Q1,gdp_growth,2,1.6403674336707763,AR(2),2023-03-31,Other,-1.4211511197238735,3.06151855339465
Cutoff +2m,2,123,2022 Q3,2023 Q2,gdp_growth,3,0.23681641314581223,MF-VAR,2023-06-30,Other,-1.9508697250607552,2.187686138206568
Cutoff +2m,2,123,2022 Q3,2023 Q2,gdp_growth,3,1.946266179567687,MIDAS (trend),2023-06-30,Other,-1.9508697250607552,3.8971359046284424
Cutoff +2m,2,123,2022 Q3,2023 Q2,gdp_growth,3,2.264393695745263,MIDAS,2023-06-30,Other,-1.9508697250607552,4.215263420806018
Cutoff +2m,2,123,2022 Q3,2023 Q2,gdp_growth,3,0.4285569149489917,MIDAS-Latent (trend),2023-06-30,Other,-1.9508697250607552,2.379426640009747
Cutoff +2m,2,123,2022 Q3,2023 Q2,gdp_growth,3,0.4356037429957014,MIDAS-Latent,2023-06-30,Other,-1.9508697250607552,2.3864734680564568
Cutoff +2m,2,123,2022 Q3,2023 Q2,gdp_growth,3,1.4154921850856148,AR(2),2023-06-30,Other,-1.9508697250607552,3.36636191014637
Cutoff +2m,2,123,2022 Q3,2023 Q3,gdp_growth,4,5.164268501680174,MF-VAR,2023-09-30,1-year ahead,0.28204712749158034,4.882221374188593
Cutoff +2m,2,123,2022 Q3,2023 Q3,gdp_growth,4,1.9105416841774232,MIDAS (trend),2023-09-30,1-year ahead,0.28204712749158034,1.628494556685843
Cutoff +2m,2,123,2022 Q3,2023 Q3,gdp_growth,4,2.2354619481769955,MIDAS,2023-09-30,1-year ahead,0.28204712749158034,1.9534148206854152
Cutoff +2m,2,123,2022 Q3,2023 Q3,gdp_growth,4,0.3898360845820746,MIDAS-Latent (trend),2023-09-30,1-year ahead,0.28204712749158034,0.10778895709049424
Cutoff +2m,2,123,2022 Q3,2023 Q3,gdp_growth,4,0.3970186648474315,MIDAS-Latent,2023-09-30,1-year ahead,0.28204712749158034,0.11497153735585114
Cutoff +2m,2,123,2022 Q3,2023 Q3,gdp_growth,4,2.56723074725958,AR(2),2023-09-30,1-year ahead,0.28204712749158034,2.2851836197679996
Cutoff +2m,2,123,2022 Q3,2022 Q4,inflation,1,1.0575716114378724,MF-VAR,2022-12-31,1-step ahead,1.4337160386958203,-0.37614442725794794
Cutoff +2m,2,123,2022 Q3,2022 Q4,inflation,1,1.822020322409468,MIDAS (trend),2022-12-31,1-step ahead,1.4337160386958203,0.38830428371364745
Cutoff +2m,2,123,2022 Q3,2022 Q4,inflation,1,2.2650501515544126,MIDAS,2022-12-31,1-step ahead,1.4337160386958203,0.8313341128585923
Cutoff +2m,2,123,2022 Q3,2022 Q4,inflation,1,3.2240168984185846,MIDAS-Latent (trend),2022-12-31,1-step ahead,1.4337160386958203,1.7903008597227643
Cutoff +2m,2,123,2022 Q3,2022 Q4,inflation,1,3.677060846186345,MIDAS-Latent,2022-12-31,1-step ahead,1.4337160386958203,2.2433448074905247
Cutoff +2m,2,123,2022 Q3,2022 Q4,inflation,1,2.034486050019379,AR(2),2022-12-31,1-step ahead,1.4337160386958203,0.6007700113235588
Cutoff +2m,2,123,2022 Q3,2023 Q1,inflation,2,1.056062926247441,MF-VAR,2023-03-31,Other,3.17581391503019,-2.119750988782749
Cutoff +2m,2,123,2022 Q3,2023 Q1,inflation,2,1.381773463729164,MIDAS (trend),2023-03-31,Other,3.17581391503019,-1.7940404513010262
Cutoff +2m,2,123,2022 Q3,2023 Q1,inflation,2,1.767297085282595,MIDAS,2023-03-31,Other,3.17581391503019,-1.4085168297475947
Cutoff +2m,2,123,2022 Q3,2023 Q1,inflation,2,3.153947671694882,MIDAS-Latent (trend),2023-03-31,Other,3.17581391503019,-0.02186624333530806
Cutoff +2m,2,123,2022 Q3,2023 Q1,inflation,2,3.5514811065330822,MIDAS-Latent,2023-03-31,Other,3.17581391503019,0.3756671915028922
Cutoff +2m,2,123,2022 Q3,2023 Q1,inflation,2,1.3278439681389915,AR(2),2023-03-31,Other,3.17581391503019,-1.8479699468911983
Cutoff +2m,2,123,2022 Q3,2023 Q2,inflation,3,0.00918961815470958,MF-VAR,2023-06-30,Other,0.5501119867577842,-0.5409223686030746
Cutoff +2m,2,123,2022 Q3,2023 Q2,inflation,3,0.8360648951811858,MIDAS (trend),2023-06-30,Other,0.5501119867577842,0.2859529084234016
Cutoff +2m,2,123,2022 Q3,2023 Q2,inflation,3,1.3413996543155076,MIDAS,2023-06-30,Other,0.5501119867577842,0.7912876675577234
Cutoff +2m,2,123,2022 Q3,2023 Q2,inflation,3,3.1435956825446594,MIDAS-Latent (trend),2023-06-30,Other,0.5501119867577842,2.593483695786875
Cutoff +2m,2,123,2022 Q3,2023 Q2,inflation,3,3.588885264074128,MIDAS-Latent,2023-06-30,Other,0.5501119867577842,3.038773277316344
Cutoff +2m,2,123,2022 Q3,2023 Q2,inflation,3,0.905959134737612,AR(2),2023-06-30,Other,0.5501119867577842,0.35584714797982775
Cutoff +2m,2,123,2022 Q3,2023 Q3,inflation,4,-0.03017139860243092,MF-VAR,2023-09-30,1-year ahead,1.2606093578710895,-1.2907807564735208
Cutoff +2m,2,123,2022 Q3,2023 Q3,inflation,4,0.6726458483893604,MIDAS (trend),2023-09-30,1-year ahead,1.2606093578710895,-0.5879635094817294
Cutoff +2m,2,123,2022 Q3,2023 Q3,inflation,4,1.1406156849810694,MIDAS,2023-09-30,1-year ahead,1.2606093578710895,-0.1199936728900204
Cutoff +2m,2,123,2022 Q3,2023 Q3,inflation,4,3.1346990688666123,MIDAS-Latent (trend),2023-09-30,1-year ahead,1.2606093578710895,1.8740897109955224
Cutoff +2m,2,123,2022 Q3,2023 Q3,inflation,4,3.575697929703608,MIDAS-Latent,2023-09-30,1-year ahead,1.2606093578710895,2.315088571832518
Cutoff +2m,2,123,2022 Q3,2023 Q3,inflation,4,0.5899286742213115,AR(2),2023-09-30,1-year ahead,1.2606093578710895,-0.6706806836497783
Cutoff +2m,2,124,2022 Q4,2023 Q1,exch_rate,1,-4.452393218855064e-4,MF-VAR,2023-03-31,1-step ahead,-0.00764627711431255,0.00720103779242704
Cutoff +2m,2,124,2022 Q4,2023 Q1,exch_rate,1,-0.02547941049224955,MIDAS (trend),2023-03-31,1-step ahead,-0.00764627711431255,-0.017833133377937
Cutoff +2m,2,124,2022 Q4,2023 Q1,exch_rate,1,-0.02805713529440336,MIDAS,2023-03-31,1-step ahead,-0.00764627711431255,-0.02041085818009081
Cutoff +2m,2,124,2022 Q4,2023 Q1,exch_rate,1,-0.02852024239901863,MIDAS-Latent (trend),2023-03-31,1-step ahead,-0.00764627711431255,-0.02087396528470608
Cutoff +2m,2,124,2022 Q4,2023 Q1,exch_rate,1,-0.03511521441179911,MIDAS-Latent,2023-03-31,1-step ahead,-0.00764627711431255,-0.02746893729748656
Cutoff +2m,2,124,2022 Q4,2023 Q1,exch_rate,1,-0.01634603011376184,AR(2),2023-03-31,1-step ahead,-0.00764627711431255,-0.00869975299944929
Cutoff +2m,2,124,2022 Q4,2023 Q2,exch_rate,2,-0.00286550659407223,MF-VAR,2023-06-30,Other,-0.02150963188471731,0.01864412529064508
Cutoff +2m,2,124,2022 Q4,2023 Q2,exch_rate,2,-0.02351381874021088,MIDAS (trend),2023-06-30,Other,-0.02150963188471731,-0.00200418685549357
Cutoff +2m,2,124,2022 Q4,2023 Q2,exch_rate,2,-0.02481090551547541,MIDAS,2023-06-30,Other,-0.02150963188471731,-0.00330127363075809
Cutoff +2m,2,124,2022 Q4,2023 Q2,exch_rate,2,-0.03362395975778111,MIDAS-Latent (trend),2023-06-30,Other,-0.02150963188471731,-0.01211432787306379
Cutoff +2m,2,124,2022 Q4,2023 Q2,exch_rate,2,-0.02537668522452102,MIDAS-Latent,2023-06-30,Other,-0.02150963188471731,-0.0038670533398037
Cutoff +2m,2,124,2022 Q4,2023 Q2,exch_rate,2,-0.01438077755920957,AR(2),2023-06-30,Other,-0.02150963188471731,0.00712885432550774
Cutoff +2m,2,124,2022 Q4,2023 Q3,exch_rate,3,-6.350928420900074e-6,MF-VAR,2023-09-30,Other,-0.03937898253147601,0.03937263160305511
Cutoff +2m,2,124,2022 Q4,2023 Q3,exch_rate,3,-0.03178668104987858,MIDAS (trend),2023-09-30,Other,-0.03937898253147601,0.00759230148159742
Cutoff +2m,2,124,2022 Q4,2023 Q3,exch_rate,3,-0.03591798860960111,MIDAS,2023-09-30,Other,-0.03937898253147601,0.00346099392187489
Cutoff +2m,2,124,2022 Q4,2023 Q3,exch_rate,3,-0.03809220372855018,MIDAS-Latent (trend),2023-09-30,Other,-0.03937898253147601,0.00128677880292583
Cutoff +2m,2,124,2022 Q4,2023 Q3,exch_rate,3,-0.04337374248490132,MIDAS-Latent,2023-09-30,Other,-0.03937898253147601,-0.00399475995342531
Cutoff +2m,2,124,2022 Q4,2023 Q3,exch_rate,3,-0.01992059399203452,AR(2),2023-09-30,Other,-0.03937898253147601,0.01945838853944148
Cutoff +2m,2,124,2022 Q4,2023 Q4,exch_rate,4,0.01560973315640482,MF-VAR,2023-12-31,1-year ahead,-0.04688081588673817,0.062490549043143
Cutoff +2m,2,124,2022 Q4,2023 Q4,exch_rate,4,-0.03045312311174851,MIDAS (trend),2023-12-31,1-year ahead,-0.04688081588673817,0.01642769277498966
Cutoff +2m,2,124,2022 Q4,2023 Q4,exch_rate,4,-0.03269680474300992,MIDAS,2023-12-31,1-year ahead,-0.04688081588673817,0.01418401114372825
Cutoff +2m,2,124,2022 Q4,2023 Q4,exch_rate,4,-0.04275383436162906,MIDAS-Latent (trend),2023-12-31,1-year ahead,-0.04688081588673817,0.00412698152510911
Cutoff +2m,2,124,2022 Q4,2023 Q4,exch_rate,4,-0.03377098997377684,MIDAS-Latent,2023-12-31,1-year ahead,-0.04688081588673817,0.01310982591296133
Cutoff +2m,2,124,2022 Q4,2023 Q4,exch_rate,4,-0.01879073239411212,AR(2),2023-12-31,1-year ahead,-0.04688081588673817,0.02809008349262605
Cutoff +2m,2,124,2022 Q4,2023 Q1,gdp_growth,1,9.011887524922097,MF-VAR,2023-03-31,1-step ahead,-1.4211511197238735,10.43303864464597
Cutoff +2m,2,124,2022 Q4,2023 Q1,gdp_growth,1,3.526498793330268,MIDAS (trend),2023-03-31,1-step ahead,-1.4211511197238735,4.947649913054141
Cutoff +2m,2,124,2022 Q4,2023 Q1,gdp_growth,1,3.887925142389868,MIDAS,2023-03-31,1-step ahead,-1.4211511197238735,5.3090762621137415
Cutoff +2m,2,124,2022 Q4,2023 Q1,gdp_growth,1,-0.6488867910255653,MIDAS-Latent (trend),2023-03-31,1-step ahead,-1.4211511197238735,0.7722643286983082
Cutoff +2m,2,124,2022 Q4,2023 Q1,gdp_growth,1,-0.7017006846525591,MIDAS-Latent,2023-03-31,1-step ahead,-1.4211511197238735,0.7194504350713145
Cutoff +2m,2,124,2022 Q4,2023 Q1,gdp_growth,1,1.7626944432826557,AR(2),2023-03-31,1-step ahead,-1.4211511197238735,3.183845563006529
Cutoff +2m,2,124,2022 Q4,2023 Q2,gdp_growth,2,9.037747214169189,MF-VAR,2023-06-30,Other,-1.9508697250607552,10.988616939229942
Cutoff +2m,2,124,2022 Q4,2023 Q2,gdp_growth,2,1.6415708905456037,MIDAS (trend),2023-06-30,Other,-1.9508697250607552,3.592440615606358
Cutoff +2m,2,124,2022 Q4,2023 Q2,gdp_growth,2,2.0290038497638587,MIDAS,2023-06-30,Other,-1.9508697250607552,3.979873574824614
Cutoff +2m,2,124,2022 Q4,2023 Q2,gdp_growth,2,-0.5178027111974963,MIDAS-Latent (trend),2023-06-30,Other,-1.9508697250607552,1.433067013863259
Cutoff +2m,2,124,2022 Q4,2023 Q2,gdp_growth,2,-0.5711270620011824,MIDAS-Latent,2023-06-30,Other,-1.9508697250607552,1.379742663059573
Cutoff +2m,2,124,2022 Q4,2023 Q2,gdp_growth,2,1.5021958026339806,AR(2),2023-06-30,Other,-1.9508697250607552,3.453065527694736
Cutoff +2m,2,124,2022 Q4,2023 Q3,gdp_growth,3,0.34742515244189276,MF-VAR,2023-09-30,Other,0.28204712749158034,0.06537802495031242
Cutoff +2m,2,124,2022 Q4,2023 Q3,gdp_growth,3,1.7351613827815495,MIDAS (trend),2023-09-30,Other,0.28204712749158034,1.4531142552899694
Cutoff +2m,2,124,2022 Q4,2023 Q3,gdp_growth,3,2.1292659123726465,MIDAS,2023-09-30,Other,0.28204712749158034,1.8472187848810664
Cutoff +2m,2,124,2022 Q4,2023 Q3,gdp_growth,3,-0.5731940854660953,MIDAS-Latent (trend),2023-09-30,Other,0.28204712749158034,-0.8552412129576756
Cutoff +2m,2,124,2022 Q4,2023 Q3,gdp_growth,3,-0.6321194359460247,MIDAS-Latent,2023-09-30,Other,0.28204712749158034,-0.914166563437605
Cutoff +2m,2,124,2022 Q4,2023 Q3,gdp_growth,3,2.5376280020022772,AR(2),2023-09-30,Other,0.28204712749158034,2.255580874510697
Cutoff +2m,2,124,2022 Q4,2023 Q4,gdp_growth,4,6.921764245960971,MF-VAR,2023-12-31,1-year ahead,0.930949540396142,5.990814705564829
Cutoff +2m,2,124,2022 Q4,2023 Q4,gdp_growth,4,1.6756821818839798,MIDAS (trend),2023-12-31,1-year ahead,0.930949540396142,0.7447326414878377
Cutoff +2m,2,124,2022 Q4,2023 Q4,gdp_growth,4,2.0813685805342907,MIDAS,2023-12-31,1-year ahead,0.930949540396142,1.1504190401381489
Cutoff +2m,2,124,2022 Q4,2023 Q4,gdp_growth,4,-0.5609311415836478,MIDAS-Latent (trend),2023-12-31,1-year ahead,0.930949540396142,-1.4918806819797898
Cutoff +2m,2,124,2022 Q4,2023 Q4,gdp_growth,4,-0.6207162530726265,MIDAS-Latent,2023-12-31,1-year ahead,0.930949540396142,-1.5516657934687683
Cutoff +2m,2,124,2022 Q4,2023 Q4,gdp_growth,4,1.5107846541180232,AR(2),2023-12-31,1-year ahead,0.930949540396142,0.5798351137218811
Cutoff +2m,2,124,2022 Q4,2023 Q1,inflation,1,3.682452349031253,MF-VAR,2023-03-31,1-step ahead,3.17581391503019,0.5066384340010628
Cutoff +2m,2,124,2022 Q4,2023 Q1,inflation,1,1.4672955489360755,MIDAS (trend),2023-03-31,1-step ahead,3.17581391503019,-1.7085183660941143
Cutoff +2m,2,124,2022 Q4,2023 Q1,inflation,1,1.8384531545607732,MIDAS,2023-03-31,1-step ahead,3.17581391503019,-1.3373607604694169
Cutoff +2m,2,124,2022 Q4,2023 Q1,inflation,1,1.1894495408368408,MIDAS-Latent (trend),2023-03-31,1-step ahead,3.17581391503019,-1.9863643741933492
Cutoff +2m,2,124,2022 Q4,2023 Q1,inflation,1,1.5734822111153457,MIDAS-Latent,2023-03-31,1-step ahead,3.17581391503019,-1.6023317039148444
Cutoff +2m,2,124,2022 Q4,2023 Q1,inflation,1,1.0683873024854933,AR(2),2023-03-31,1-step ahead,3.17581391503019,-2.107426612544697
Cutoff +2m,2,124,2022 Q4,2023 Q2,inflation,2,3.672598135875237,MF-VAR,2023-06-30,Other,0.5501119867577842,3.122486149117453
Cutoff +2m,2,124,2022 Q4,2023 Q2,inflation,2,0.6779104384201656,MIDAS (trend),2023-06-30,Other,0.5501119867577842,0.12779845166238146
Cutoff +2m,2,124,2022 Q4,2023 Q2,inflation,2,0.995435478068834,MIDAS,2023-06-30,Other,0.5501119867577842,0.44532349131105
Cutoff +2m,2,124,2022 Q4,2023 Q2,inflation,2,1.1523629670859934,MIDAS-Latent (trend),2023-06-30,Other,0.5501119867577842,0.6022509803282092
Cutoff +2m,2,124,2022 Q4,2023 Q2,inflation,2,1.460809835769798,MIDAS-Latent,2023-06-30,Other,0.5501119867577842,0.910697849012014
Cutoff +2m,2,124,2022 Q4,2023 Q2,inflation,2,0.7664957370947214,AR(2),2023-06-30,Other,0.5501119867577842,0.21638375033693724
Cutoff +2m,2,124,2022 Q4,2023 Q3,inflation,3,1.448177433627937,MF-VAR,2023-09-30,Other,1.2606093578710895,0.1875680757568472
Cutoff +2m,2,124,2022 Q4,2023 Q3,inflation,3,0.6850050864379711,MIDAS (trend),2023-09-30,Other,1.2606093578710895,-0.5756042714331187
Cutoff +2m,2,124,2022 Q4,2023 Q3,inflation,3,1.152554924137837,MIDAS,2023-09-30,Other,1.2606093578710895,-0.10805443373325274
Cutoff +2m,2,124,2022 Q4,2023 Q3,inflation,3,1.143468367661941,MIDAS-Latent (trend),2023-09-30,Other,1.2606093578710895,-0.1171409902091487
Cutoff +2m,2,124,2022 Q4,2023 Q3,inflation,3,1.4691545626954845,MIDAS-Latent,2023-09-30,Other,1.2606093578710895,0.20854520482439456
Cutoff +2m,2,124,2022 Q4,2023 Q3,inflation,3,0.5218617956733073,AR(2),2023-09-30,Other,1.2606093578710895,-0.7387475621977825
Cutoff +2m,2,124,2022 Q4,2023 Q4,inflation,4,1.457747190174007,MF-VAR,2023-12-31,1-year ahead,1.5459954544169818,-0.08824826424297516
Cutoff +2m,2,124,2022 Q4,2023 Q4,inflation,4,0.4026362035173344,MIDAS (trend),2023-12-31,1-year ahead,1.5459954544169818,-1.1433592508996475
Cutoff +2m,2,124,2022 Q4,2023 Q4,inflation,4,0.8252944254960791,MIDAS,2023-12-31,1-year ahead,1.5459954544169818,-0.7207010289209027
Cutoff +2m,2,124,2022 Q4,2023 Q4,inflation,4,1.1381289783839168,MIDAS-Latent (trend),2023-12-31,1-year ahead,1.5459954544169818,-0.40786647603306503
Cutoff +2m,2,124,2022 Q4,2023 Q4,inflation,4,1.4624274685206162,MIDAS-Latent,2023-12-31,1-year ahead,1.5459954544169818,-0.0835679858963656
Cutoff +2m,2,124,2022 Q4,2023 Q4,inflation,4,0.43936985522693633,AR(2),2023-12-31,1-year ahead,1.5459954544169818,-1.1066255991900456
Cutoff +2m,2,125,2023 Q1,2023 Q2,exch_rate,1,-0.01347240344997501,MF-VAR,2023-06-30,1-step ahead,-0.02150963188471731,0.00803722843474229
Cutoff +2m,2,125,2023 Q1,2023 Q2,exch_rate,1,-0.03338237325694922,MIDAS (trend),2023-06-30,1-step ahead,-0.02150963188471731,-0.0118727413722319
Cutoff +2m,2,125,2023 Q1,2023 Q2,exch_rate,1,-0.03508269744446696,MIDAS,2023-06-30,1-step ahead,-0.02150963188471731,-0.01357306555974965
Cutoff +2m,2,125,2023 Q1,2023 Q2,exch_rate,1,-0.00891669612880928,MIDAS-Latent (trend),2023-06-30,1-step ahead,-0.02150963188471731,0.01259293575590803
Cutoff +2m,2,125,2023 Q1,2023 Q2,exch_rate,1,-0.02359664310497316,MIDAS-Latent,2023-06-30,1-step ahead,-0.02150963188471731,-0.00208701122025585
Cutoff +2m,2,125,2023 Q1,2023 Q2,exch_rate,1,-0.00446414051434545,AR(2),2023-06-30,1-step ahead,-0.02150963188471731,0.01704549137037186
Cutoff +2m,2,125,2023 Q1,2023 Q3,exch_rate,2,-0.02250302333225847,MF-VAR,2023-09-30,Other,-0.03937898253147601,0.01687595919921753
Cutoff +2m,2,125,2023 Q1,2023 Q3,exch_rate,2,0.00736700202778866,MIDAS (trend),2023-09-30,Other,-0.03937898253147601,0.04674598455926467
Cutoff +2m,2,125,2023 Q1,2023 Q3,exch_rate,2,0.00923913559264282,MIDAS,2023-09-30,Other,-0.03937898253147601,0.04861811812411883
Cutoff +2m,2,125,2023 Q1,2023 Q3,exch_rate,2,-0.01401123434077492,MIDAS-Latent (trend),2023-09-30,Other,-0.03937898253147601,0.02536774819070108
Cutoff +2m,2,125,2023 Q1,2023 Q3,exch_rate,2,-0.01451510501179049,MIDAS-Latent,2023-09-30,Other,-0.03937898253147601,0.02486387751968551
Cutoff +2m,2,125,2023 Q1,2023 Q3,exch_rate,2,-0.01040079690004035,AR(2),2023-09-30,Other,-0.03937898253147601,0.02897818563143565
Cutoff +2m,2,125,2023 Q1,2023 Q4,exch_rate,3,-0.013901199317628,MF-VAR,2023-12-31,Other,-0.04688081588673817,0.03297961656911017
Cutoff +2m,2,125,2023 Q1,2023 Q4,exch_rate,3,-0.0163964947850385,MIDAS (trend),2023-12-31,Other,-0.04688081588673817,0.03048432110169967
Cutoff +2m,2,125,2023 Q1,2023 Q4,exch_rate,3,-0.01793755394225633,MIDAS,2023-12-31,Other,-0.04688081588673817,0.02894326194448184
Cutoff +2m,2,125,2023 Q1,2023 Q4,exch_rate,3,-0.0187911967106418,MIDAS-Latent (trend),2023-12-31,Other,-0.04688081588673817,0.02808961917609637
Cutoff +2m,2,125,2023 Q1,2023 Q4,exch_rate,3,-0.03023034429191639,MIDAS-Latent,2023-12-31,Other,-0.04688081588673817,0.01665047159482178
Cutoff +2m,2,125,2023 Q1,2023 Q4,exch_rate,3,-0.00997421353040488,AR(2),2023-12-31,Other,-0.04688081588673817,0.03690660235633329
Cutoff +2m,2,125,2023 Q1,2024 Q1,exch_rate,4,-0.00200149543075147,MF-VAR,2024-03-31,1-year ahead,-0.05209269485890586,0.0500911994281544
Cutoff +2m,2,125,2023 Q1,2024 Q1,exch_rate,4,0.02005566515689777,MIDAS (trend),2024-03-31,1-year ahead,-0.05209269485890586,0.07214836001580364
Cutoff +2m,2,125,2023 Q1,2024 Q1,exch_rate,4,0.02596470012633739,MIDAS,2024-03-31,1-year ahead,-0.05209269485890586,0.07805739498524326
Cutoff +2m,2,125,2023 Q1,2024 Q1,exch_rate,4,-0.02345645706440253,MIDAS-Latent (trend),2024-03-31,1-year ahead,-0.05209269485890586,0.02863623779450333
Cutoff +2m,2,125,2023 Q1,2024 Q1,exch_rate,4,-0.02128267849857286,MIDAS-Latent,2024-03-31,1-year ahead,-0.05209269485890586,0.030810016360333
Cutoff +2m,2,125,2023 Q1,2024 Q1,exch_rate,4,-0.01296861849415753,AR(2),2024-03-31,1-year ahead,-0.05209269485890586,0.03912407636474833
Cutoff +2m,2,125,2023 Q1,2023 Q2,gdp_growth,1,4.2133177569095,MF-VAR,2023-06-30,1-step ahead,-1.9508697250607552,6.164187481970256
Cutoff +2m,2,125,2023 Q1,2023 Q2,gdp_growth,1,-2.699459843745628,MIDAS (trend),2023-06-30,1-step ahead,-1.9508697250607552,-0.7485901186848727
Cutoff +2m,2,125,2023 Q1,2023 Q2,gdp_growth,1,-2.2470885591099923,MIDAS,2023-06-30,1-step ahead,-1.9508697250607552,-0.2962188340492369
Cutoff +2m,2,125,2023 Q1,2023 Q2,gdp_growth,1,1.1522118418887493,MIDAS-Latent (trend),2023-06-30,1-step ahead,-1.9508697250607552,3.1030815669495047
Cutoff +2m,2,125,2023 Q1,2023 Q2,gdp_growth,1,1.137277697720125,MIDAS-Latent,2023-06-30,1-step ahead,-1.9508697250607552,3.0881474227808807
Cutoff +2m,2,125,2023 Q1,2023 Q2,gdp_growth,1,1.7108303282121722,AR(2),2023-06-30,1-step ahead,-1.9508697250607552,3.661700053272928
Cutoff +2m,2,125,2023 Q1,2023 Q3,gdp_growth,2,5.327218109480125,MF-VAR,2023-09-30,Other,0.28204712749158034,5.045170981988544
Cutoff +2m,2,125,2023 Q1,2023 Q3,gdp_growth,2,3.3231395981960943,MIDAS (trend),2023-09-30,Other,0.28204712749158034,3.041092470704514
Cutoff +2m,2,125,2023 Q1,2023 Q3,gdp_growth,2,3.7893738983417258,MIDAS,2023-09-30,Other,0.28204712749158034,3.5073267708501454
Cutoff +2m,2,125,2023 Q1,2023 Q3,gdp_growth,2,1.0414119307498335,MIDAS-Latent (trend),2023-09-30,Other,0.28204712749158034,0.7593648032582532
Cutoff +2m,2,125,2023 Q1,2023 Q3,gdp_growth,2,1.0261828842425305,MIDAS-Latent,2023-09-30,Other,0.28204712749158034,0.7441357567509501
Cutoff +2m,2,125,2023 Q1,2023 Q3,gdp_growth,2,2.6918856628449683,AR(2),2023-09-30,Other,0.28204712749158034,2.409838535353388
Cutoff +2m,2,125,2023 Q1,2023 Q4,gdp_growth,3,-0.19764603331448236,MF-VAR,2023-12-31,Other,0.930949540396142,-1.1285955737106244
Cutoff +2m,2,125,2023 Q1,2023 Q4,gdp_growth,3,3.275601142349441,MIDAS (trend),2023-12-31,Other,0.930949540396142,2.344651601953299
Cutoff +2m,2,125,2023 Q1,2023 Q4,gdp_growth,3,3.765646494311,MIDAS,2023-12-31,Other,0.930949540396142,2.8346969539148583
Cutoff +2m,2,125,2023 Q1,2023 Q4,gdp_growth,3,1.2431903929172323,MIDAS-Latent (trend),2023-12-31,Other,0.930949540396142,0.31224085252109046
Cutoff +2m,2,125,2023 Q1,2023 Q4,gdp_growth,3,1.226646874651152,MIDAS-Latent,2023-12-31,Other,0.930949540396142,0.29569733425500977
Cutoff +2m,2,125,2023 Q1,2023 Q4,gdp_growth,3,1.4610854643034432,AR(2),2023-12-31,Other,0.930949540396142,0.5301359239073011
Cutoff +2m,2,125,2023 Q1,2024 Q1,gdp_growth,4,2.316382869967086,MF-VAR,2024-03-31,1-year ahead,4.0977257494837716,-1.7813428795166857
Cutoff +2m,2,125,2023 Q1,2024 Q1,gdp_growth,4,3.457228761846755,MIDAS (trend),2024-03-31,1-year ahead,4.0977257494837716,-0.6404969876370163
Cutoff +2m,2,125,2023 Q1,2024 Q1,gdp_growth,4,3.939061061582245,MIDAS,2024-03-31,1-year ahead,4.0977257494837716,-0.15866468790152677
Cutoff +2m,2,125,2023 Q1,2024 Q1,gdp_growth,4,1.2347543277482032,MIDAS-Latent (trend),2024-03-31,1-year ahead,4.0977257494837716,-2.862971421735568
Cutoff +2m,2,125,2023 Q1,2024 Q1,gdp_growth,4,1.2179421143421785,MIDAS-Latent,2024-03-31,1-year ahead,4.0977257494837716,-2.8797836351415933
Cutoff +2m,2,125,2023 Q1,2024 Q1,gdp_growth,4,1.336713352673199,AR(2),2024-03-31,1-year ahead,4.0977257494837716,-2.761012396810573
Cutoff +2m,2,125,2023 Q1,2023 Q2,inflation,1,2.356792231022733,MF-VAR,2023-06-30,1-step ahead,0.5501119867577842,1.8066802442649488
Cutoff +2m,2,125,2023 Q1,2023 Q2,inflation,1,0.4700717169444299,MIDAS (trend),2023-06-30,1-step ahead,0.5501119867577842,-0.08004026981335427
Cutoff +2m,2,125,2023 Q1,2023 Q2,inflation,1,0.7069327527895034,MIDAS,2023-06-30,1-step ahead,0.5501119867577842,0.15682076603171924
Cutoff +2m,2,125,2023 Q1,2023 Q2,inflation,1,2.2785910918464065,MIDAS-Latent (trend),2023-06-30,1-step ahead,0.5501119867577842,1.7284791050886223
Cutoff +2m,2,125,2023 Q1,2023 Q2,inflation,1,2.537188439031699,MIDAS-Latent,2023-06-30,1-step ahead,0.5501119867577842,1.9870764522739153
Cutoff +2m,2,125,2023 Q1,2023 Q2,inflation,1,1.8187000387300312,AR(2),2023-06-30,1-step ahead,0.5501119867577842,1.268588051972247
Cutoff +2m,2,125,2023 Q1,2023 Q3,inflation,2,2.292473535548761,MF-VAR,2023-09-30,Other,1.2606093578710895,1.0318641776776714
Cutoff +2m,2,125,2023 Q1,2023 Q3,inflation,2,1.345119172179088,MIDAS (trend),2023-09-30,Other,1.2606093578710895,0.08450981430799831
Cutoff +2m,2,125,2023 Q1,2023 Q3,inflation,2,1.6504052623665642,MIDAS,2023-09-30,Other,1.2606093578710895,0.3897959044954744
Cutoff +2m,2,125,2023 Q1,2023 Q3,inflation,2,2.3128228525558576,MIDAS-Latent (trend),2023-09-30,Other,1.2606093578710895,1.052213494684768
Cutoff +2m,2,125,2023 Q1,2023 Q3,inflation,2,2.63977439487812,MIDAS-Latent,2023-09-30,Other,1.2606093578710895,1.3791650370070303
Cutoff +2m,2,125,2023 Q1,2023 Q3,inflation,2,1.2783851640463086,AR(2),2023-09-30,Other,1.2606093578710895,0.0177758061752189
Cutoff +2m,2,125,2023 Q1,2023 Q4,inflation,3,1.1531684965342115,MF-VAR,2023-12-31,Other,1.5459954544169818,-0.3928269578827701
Cutoff +2m,2,125,2023 Q1,2023 Q4,inflation,3,0.3066524634504008,MIDAS (trend),2023-12-31,Other,1.5459954544169818,-1.239342990966581
Cutoff +2m,2,125,2023 Q1,2023 Q4,inflation,3,0.6444196693988353,MIDAS,2023-12-31,Other,1.5459954544169818,-0.9015757850181464
Cutoff +2m,2,125,2023 Q1,2023 Q4,inflation,3,2.2884662662803374,MIDAS-Latent (trend),2023-12-31,Other,1.5459954544169818,0.7424708118633556
Cutoff +2m,2,125,2023 Q1,2023 Q4,inflation,3,2.60216800905264,MIDAS-Latent,2023-12-31,Other,1.5459954544169818,1.056172554635658
Cutoff +2m,2,125,2023 Q1,2023 Q4,inflation,3,0.9350245072051908,AR(2),2023-12-31,Other,1.5459954544169818,-0.6109709472117911
Cutoff +2m,2,125,2023 Q1,2024 Q1,inflation,4,1.0084764763661052,MF-VAR,2024-03-31,1-year ahead,1.20167733791412,-0.19320086154801475
Cutoff +2m,2,125,2023 Q1,2024 Q1,inflation,4,0.6376009009287766,MIDAS (trend),2024-03-31,1-year ahead,1.20167733791412,-0.5640764369853433
Cutoff +2m,2,125,2023 Q1,2024 Q1,inflation,4,1.028852815275422,MIDAS,2024-03-31,1-year ahead,1.20167733791412,-0.17282452263869796
Cutoff +2m,2,125,2023 Q1,2024 Q1,inflation,4,2.284786358049983,MIDAS-Latent (trend),2024-03-31,1-year ahead,1.20167733791412,1.083109020135863
Cutoff +2m,2,125,2023 Q1,2024 Q1,inflation,4,2.6082089315977424,MIDAS-Latent,2024-03-31,1-year ahead,1.20167733791412,1.4065315936836225
Cutoff +2m,2,125,2023 Q1,2024 Q1,inflation,4,0.7170599101616097,AR(2),2024-03-31,1-year ahead,1.20167733791412,-0.48461742775251015
Cutoff +2m,2,126,2023 Q2,2023 Q3,exch_rate,1,-0.03753094254290044,MF-VAR,2023-09-30,1-step ahead,-0.03937898253147601,0.00184803998857556
Cutoff +2m,2,126,2023 Q2,2023 Q3,exch_rate,1,-0.01355075250286867,MIDAS (trend),2023-09-30,1-step ahead,-0.03937898253147601,0.02582823002860734
Cutoff +2m,2,126,2023 Q2,2023 Q3,exch_rate,1,-0.01307140948673515,MIDAS,2023-09-30,1-step ahead,-0.03937898253147601,0.02630757304474085
Cutoff +2m,2,126,2023 Q2,2023 Q3,exch_rate,1,-0.02428979460394628,MIDAS-Latent (trend),2023-09-30,1-step ahead,-0.03937898253147601,0.01508918792752973
Cutoff +2m,2,126,2023 Q2,2023 Q3,exch_rate,1,-0.01458795307867746,MIDAS-Latent,2023-09-30,1-step ahead,-0.03937898253147601,0.02479102945279854
Cutoff +2m,2,126,2023 Q2,2023 Q3,exch_rate,1,-0.02968394844986121,AR(2),2023-09-30,1-step ahead,-0.03937898253147601,0.00969503408161479
Cutoff +2m,2,126,2023 Q2,2023 Q4,exch_rate,2,-0.03966244787866922,MF-VAR,2023-12-31,Other,-0.04688081588673817,0.00721836800806895
Cutoff +2m,2,126,2023 Q2,2023 Q4,exch_rate,2,-0.03054949116828829,MIDAS (trend),2023-12-31,Other,-0.04688081588673817,0.01633132471844988
Cutoff +2m,2,126,2023 Q2,2023 Q4,exch_rate,2,-0.03142835496120418,MIDAS,2023-12-31,Other,-0.04688081588673817,0.01545246092553399
Cutoff +2m,2,126,2023 Q2,2023 Q4,exch_rate,2,-0.02870540161951514,MIDAS-Latent (trend),2023-12-31,Other,-0.04688081588673817,0.01817541426722303
Cutoff +2m,2,126,2023 Q2,2023 Q4,exch_rate,2,-0.02822823766554348,MIDAS-Latent,2023-12-31,Other,-0.04688081588673817,0.01865257822119469
Cutoff +2m,2,126,2023 Q2,2023 Q4,exch_rate,2,-0.02862720840734458,AR(2),2023-12-31,Other,-0.04688081588673817,0.01825360747939359
Cutoff +2m,2,126,2023 Q2,2024 Q1,exch_rate,3,-0.03289402172993284,MF-VAR,2024-03-31,Other,-0.05209269485890586,0.01919867312897302
Cutoff +2m,2,126,2023 Q2,2024 Q1,exch_rate,3,-0.02381078245202692,MIDAS (trend),2024-03-31,Other,-0.05209269485890586,0.02828191240687894
Cutoff +2m,2,126,2023 Q2,2024 Q1,exch_rate,3,-0.02308256340066381,MIDAS,2024-03-31,Other,-0.05209269485890586,0.02901013145824205
Cutoff +2m,2,126,2023 Q2,2024 Q1,exch_rate,3,-0.03343753653057198,MIDAS-Latent (trend),2024-03-31,Other,-0.05209269485890586,0.01865515832833388
Cutoff +2m,2,126,2023 Q2,2024 Q1,exch_rate,3,-0.0214179330677837,MIDAS-Latent,2024-03-31,Other,-0.05209269485890586,0.03067476179112216
Cutoff +2m,2,126,2023 Q2,2024 Q1,exch_rate,3,-0.03049338859662776,AR(2),2024-03-31,Other,-0.05209269485890586,0.02159930626227809
Cutoff +2m,2,126,2023 Q2,2024 Q2,exch_rate,4,-0.01819516798851135,MF-VAR,2024-06-30,1-year ahead,-0.02679720863629812,0.00860204064778676
Cutoff +2m,2,126,2023 Q2,2024 Q2,exch_rate,4,-0.03963443989518672,MIDAS (trend),2024-06-30,1-year ahead,-0.02679720863629812,-0.0128372312588886
Cutoff +2m,2,126,2023 Q2,2024 Q2,exch_rate,4,-0.04123843005034572,MIDAS,2024-06-30,1-year ahead,-0.02679720863629812,-0.01444122141404759
Cutoff +2m,2,126,2023 Q2,2024 Q2,exch_rate,4,-0.038122964343266,MIDAS-Latent (trend),2024-06-30,1-year ahead,-0.02679720863629812,-0.01132575570696788
Cutoff +2m,2,126,2023 Q2,2024 Q2,exch_rate,4,-0.03483873681204671,MIDAS-Latent,2024-06-30,1-year ahead,-0.02679720863629812,-0.00804152817574858
Cutoff +2m,2,126,2023 Q2,2024 Q2,exch_rate,4,-0.02946842949699747,AR(2),2024-06-30,1-year ahead,-0.02679720863629812,-0.00267122086069935
Cutoff +2m,2,126,2023 Q2,2023 Q3,gdp_growth,1,1.819932165291664,MF-VAR,2023-09-30,1-step ahead,0.28204712749158034,1.5378850378000837
Cutoff +2m,2,126,2023 Q2,2023 Q3,gdp_growth,1,1.4048589947892354,MIDAS (trend),2023-09-30,1-step ahead,0.28204712749158034,1.122811867297655
Cutoff +2m,2,126,2023 Q2,2023 Q3,gdp_growth,1,1.928272757866112,MIDAS,2023-09-30,1-step ahead,0.28204712749158034,1.6462256303745315
Cutoff +2m,2,126,2023 Q2,2023 Q3,gdp_growth,1,2.1555507886402796,MIDAS-Latent (trend),2023-09-30,1-step ahead,0.28204712749158034,1.8735036611486993
Cutoff +2m,2,126,2023 Q2,2023 Q3,gdp_growth,1,2.2154884033669915,MIDAS-Latent,2023-09-30,1-step ahead,0.28204712749158034,1.9334412758754111
Cutoff +2m,2,126,2023 Q2,2023 Q3,gdp_growth,1,2.9151724942317063,AR(2),2023-09-30,1-step ahead,0.28204712749158034,2.633125366740126
Cutoff +2m,2,126,2023 Q2,2023 Q4,gdp_growth,2,0.8281041199962739,MF-VAR,2023-12-31,Other,0.930949540396142,-0.1028454203998682
Cutoff +2m,2,126,2023 Q2,2023 Q4,gdp_growth,2,1.1452309653096586,MIDAS (trend),2023-12-31,Other,0.930949540396142,0.21428142491351657
Cutoff +2m,2,126,2023 Q2,2023 Q4,gdp_growth,2,1.6492508792405818,MIDAS,2023-12-31,Other,0.930949540396142,0.7183013388444397
Cutoff +2m,2,126,2023 Q2,2023 Q4,gdp_growth,2,2.1158567889481943,MIDAS-Latent (trend),2023-12-31,Other,0.930949540396142,1.1849072485520522
Cutoff +2m,2,126,2023 Q2,2023 Q4,gdp_growth,2,2.1768005755280675,MIDAS-Latent,2023-12-31,Other,0.930949540396142,1.2458510351319254
Cutoff +2m,2,126,2023 Q2,2023 Q4,gdp_growth,2,1.6277345639611045,AR(2),2023-12-31,Other,0.930949540396142,0.6967850235649622
Cutoff +2m,2,126,2023 Q2,2024 Q1,gdp_growth,3,-2.6178141449077046,MF-VAR,2024-03-31,Other,4.0977257494837716,-6.715539894391476
Cutoff +2m,2,126,2023 Q2,2024 Q1,gdp_growth,3,1.2481781599481288,MIDAS (trend),2024-03-31,Other,4.0977257494837716,-2.849547589535643
Cutoff +2m,2,126,2023 Q2,2024 Q1,gdp_growth,3,1.7689431400179487,MIDAS,2024-03-31,Other,4.0977257494837716,-2.328782609465823
Cutoff +2m,2,126,2023 Q2,2024 Q1,gdp_growth,3,2.4151600489177976,MIDAS-Latent (trend),2024-03-31,Other,4.0977257494837716,-1.682565700565974
Cutoff +2m,2,126,2023 Q2,2024 Q1,gdp_growth,3,2.481089200401658,MIDAS-Latent,2024-03-31,Other,4.0977257494837716,-1.6166365490821142
Cutoff +2m,2,126,2023 Q2,2024 Q1,gdp_growth,3,1.28192509161011,AR(2),2024-03-31,Other,4.0977257494837716,-2.8158006578736616
Cutoff +2m,2,126,2023 Q2,2024 Q2,gdp_growth,4,0.6960592860731117,MF-VAR,2024-06-30,1-year ahead,1.9600339339092443,-1.2639746478361324
Cutoff +2m,2,126,2023 Q2,2024 Q2,gdp_growth,4,1.2316918411401463,MIDAS (trend),2024-06-30,1-year ahead,1.9600339339092443,-0.7283420927690978
Cutoff +2m,2,126,2023 Q2,2024 Q2,gdp_growth,4,1.7603338250453675,MIDAS,2024-06-30,1-year ahead,1.9600339339092443,-0.1997001088638768
Cutoff +2m,2,126,2023 Q2,2024 Q2,gdp_growth,4,2.4112969408825737,MIDAS-Latent (trend),2024-06-30,1-year ahead,1.9600339339092443,0.45126300697332944
Cutoff +2m,2,126,2023 Q2,2024 Q2,gdp_growth,4,2.47826364734799,MIDAS-Latent,2024-06-30,1-year ahead,1.9600339339092443,0.5182297134387457
Cutoff +2m,2,126,2023 Q2,2024 Q2,gdp_growth,4,1.367178701710282,AR(2),2024-06-30,1-year ahead,1.9600339339092443,-0.5928552321989624
Cutoff +2m,2,126,2023 Q2,2023 Q3,inflation,1,0.540624212633283,MF-VAR,2023-09-30,1-step ahead,1.2606093578710895,-0.7199851452378068
Cutoff +2m,2,126,2023 Q2,2023 Q3,inflation,1,1.3975865125896247,MIDAS (trend),2023-09-30,1-step ahead,1.2606093578710895,0.136977154718535
Cutoff +2m,2,126,2023 Q2,2023 Q3,inflation,1,1.7031952937555304,MIDAS,2023-09-30,1-step ahead,1.2606093578710895,0.4425859358844406
Cutoff +2m,2,126,2023 Q2,2023 Q3,inflation,1,0.979988574690446,MIDAS-Latent (trend),2023-09-30,1-step ahead,1.2606093578710895,-0.28062078318064376
Cutoff +2m,2,126,2023 Q2,2023 Q3,inflation,1,1.3448507433528856,MIDAS-Latent,2023-09-30,1-step ahead,1.2606093578710895,0.08424138548179583
Cutoff +2m,2,126,2023 Q2,2023 Q3,inflation,1,0.663739629202619,AR(2),2023-09-30,1-step ahead,1.2606093578710895,-0.5968697286684708
Cutoff +2m,2,126,2023 Q2,2023 Q4,inflation,2,0.5639362694413977,MF-VAR,2023-12-31,Other,1.5459954544169818,-0.982059184975584
Cutoff +2m,2,126,2023 Q2,2023 Q4,inflation,2,0.4392843895999935,MIDAS (trend),2023-12-31,Other,1.5459954544169818,-1.1067110648169882
Cutoff +2m,2,126,2023 Q2,2023 Q4,inflation,2,0.6676074874325314,MIDAS,2023-12-31,Other,1.5459954544169818,-0.8783879669844504
Cutoff +2m,2,126,2023 Q2,2023 Q4,inflation,2,0.9264753687196624,MIDAS-Latent (trend),2023-12-31,Other,1.5459954544169818,-0.6195200856973193
Cutoff +2m,2,126,2023 Q2,2023 Q4,inflation,2,1.1950465522032327,MIDAS-Latent,2023-12-31,Other,1.5459954544169818,-0.3509489022137491
Cutoff +2m,2,126,2023 Q2,2023 Q4,inflation,2,0.5086645523641343,AR(2),2023-12-31,Other,1.5459954544169818,-1.0373309020528474
Cutoff +2m,2,126,2023 Q2,2024 Q1,inflation,3,-0.17985345091009874,MF-VAR,2024-03-31,Other,1.20167733791412,-1.3815307888242183
Cutoff +2m,2,126,2023 Q2,2024 Q1,inflation,3,0.7591233497311168,MIDAS (trend),2024-03-31,Other,1.20167733791412,-0.44255398818300307
Cutoff +2m,2,126,2023 Q2,2024 Q1,inflation,3,1.1366366834106765,MIDAS,2024-03-31,Other,1.20167733791412,-0.06504065450344365
Cutoff +2m,2,126,2023 Q2,2024 Q1,inflation,3,0.92993211071632,MIDAS-Latent (trend),2024-03-31,Other,1.20167733791412,-0.27174522719780003
Cutoff +2m,2,126,2023 Q2,2024 Q1,inflation,3,1.2403887882449844,MIDAS-Latent,2024-03-31,Other,1.20167733791412,0.03871145033086454
Cutoff +2m,2,126,2023 Q2,2024 Q1,inflation,3,0.448487120511411,AR(2),2024-03-31,Other,1.20167733791412,-0.753190217402709
Cutoff +2m,2,126,2023 Q2,2024 Q2,inflation,4,-0.11427694443871234,MF-VAR,2024-06-30,1-year ahead,1.3948747405589046,-1.509151684997617
Cutoff +2m,2,126,2023 Q2,2024 Q2,inflation,4,0.3894565340829378,MIDAS (trend),2024-06-30,1-year ahead,1.3948747405589046,-1.0054182064759667
Cutoff +2m,2,126,2023 Q2,2024 Q2,inflation,4,0.7154000622431161,MIDAS,2024-06-30,1-year ahead,1.3948747405589046,-0.6794746783157884
Cutoff +2m,2,126,2023 Q2,2024 Q2,inflation,4,0.9243762577949868,MIDAS-Latent (trend),2024-06-30,1-year ahead,1.3948747405589046,-0.4704984827639178
Cutoff +2m,2,126,2023 Q2,2024 Q2,inflation,4,1.2318420086412665,MIDAS-Latent,2024-06-30,1-year ahead,1.3948747405589046,-0.16303273191763812
Cutoff +2m,2,126,2023 Q2,2024 Q2,inflation,4,0.39940107938213504,AR(2),2024-06-30,1-year ahead,1.3948747405589046,-0.9954736611767696
Cutoff +2m,2,127,2023 Q3,2023 Q4,exch_rate,1,-0.03973415414711507,MF-VAR,2023-12-31,1-step ahead,-0.04688081588673817,0.0071466617396231
Cutoff +2m,2,127,2023 Q3,2023 Q4,exch_rate,1,-0.02342131963029658,MIDAS (trend),2023-12-31,1-step ahead,-0.04688081588673817,0.02345949625644159
Cutoff +2m,2,127,2023 Q3,2023 Q4,exch_rate,1,-0.02301573503042145,MIDAS,2023-12-31,1-step ahead,-0.04688081588673817,0.02386508085631672
Cutoff +2m,2,127,2023 Q3,2023 Q4,exch_rate,1,-0.03845598053901672,MIDAS-Latent (trend),2023-12-31,1-step ahead,-0.04688081588673817,0.00842483534772145
Cutoff +2m,2,127,2023 Q3,2023 Q4,exch_rate,1,-0.02959282675131519,MIDAS-Latent,2023-12-31,1-step ahead,-0.04688081588673817,0.01728798913542298
Cutoff +2m,2,127,2023 Q3,2023 Q4,exch_rate,1,-0.0394931169593991,AR(2),2023-12-31,1-step ahead,-0.04688081588673817,0.00738769892733907
Cutoff +2m,2,127,2023 Q3,2024 Q1,exch_rate,2,-0.04483674119335428,MF-VAR,2024-03-31,Other,-0.05209269485890586,0.00725595366555158
Cutoff +2m,2,127,2023 Q3,2024 Q1,exch_rate,2,-0.02525467657611301,MIDAS (trend),2024-03-31,Other,-0.05209269485890586,0.02683801828279285
Cutoff +2m,2,127,2023 Q3,2024 Q1,exch_rate,2,-0.02530797710391604,MIDAS,2024-03-31,Other,-0.05209269485890586,0.02678471775498982
Cutoff +2m,2,127,2023 Q3,2024 Q1,exch_rate,2,-0.04272600307034665,MIDAS-Latent (trend),2024-03-31,Other,-0.05209269485890586,0.00936669178855921
Cutoff +2m,2,127,2023 Q3,2024 Q1,exch_rate,2,-0.04720625745202597,MIDAS-Latent,2024-03-31,Other,-0.05209269485890586,0.00488643740687989
Cutoff +2m,2,127,2023 Q3,2024 Q1,exch_rate,2,-0.04091398937124056,AR(2),2024-03-31,Other,-0.05209269485890586,0.0111787054876653
Cutoff +2m,2,127,2023 Q3,2024 Q2,exch_rate,3,-0.02978341408896126,MF-VAR,2024-06-30,Other,-0.02679720863629812,-0.00298620545266314
Cutoff +2m,2,127,2023 Q3,2024 Q2,exch_rate,3,-0.01125226404341659,MIDAS (trend),2024-06-30,Other,-0.02679720863629812,0.01554494459288152
Cutoff +2m,2,127,2023 Q3,2024 Q2,exch_rate,3,-0.00908479955409804,MIDAS,2024-06-30,Other,-0.02679720863629812,0.01771240908220008
Cutoff +2m,2,127,2023 Q3,2024 Q2,exch_rate,3,-0.04758020438776469,MIDAS-Latent (trend),2024-06-30,Other,-0.02679720863629812,-0.02078299575146657
Cutoff +2m,2,127,2023 Q3,2024 Q2,exch_rate,3,-0.03756025631479447,MIDAS-Latent,2024-06-30,Other,-0.02679720863629812,-0.01076304767849634
Cutoff +2m,2,127,2023 Q3,2024 Q2,exch_rate,3,-0.03917939232606886,AR(2),2024-06-30,Other,-0.02679720863629812,-0.01238218368977073
Cutoff +2m,2,127,2023 Q3,2024 Q3,exch_rate,4,-0.02324952786954319,MF-VAR,2024-09-30,1-year ahead,-0.04995881779363455,0.02670928992409136
Cutoff +2m,2,127,2023 Q3,2024 Q3,exch_rate,4,-0.01337110660123314,MIDAS (trend),2024-09-30,1-year ahead,-0.04995881779363455,0.03658771119240141
Cutoff +2m,2,127,2023 Q3,2024 Q3,exch_rate,4,-0.0113574199580288,MIDAS,2024-09-30,1-year ahead,-0.04995881779363455,0.03860139783560575
Cutoff +2m,2,127,2023 Q3,2024 Q3,exch_rate,4,-0.05227297542443641,MIDAS-Latent (trend),2024-09-30,1-year ahead,-0.04995881779363455,-0.00231415763080185
Cutoff +2m,2,127,2023 Q3,2024 Q3,exch_rate,4,-0.05492143228483533,MIDAS-Latent,2024-09-30,1-year ahead,-0.04995881779363455,-0.00496261449120077
Cutoff +2m,2,127,2023 Q3,2024 Q3,exch_rate,4,-0.04459023175210823,AR(2),2024-09-30,1-year ahead,-0.04995881779363455,0.00536858604152632
Cutoff +2m,2,127,2023 Q3,2023 Q4,gdp_growth,1,-3.770125159840021,MF-VAR,2023-12-31,1-step ahead,0.930949540396142,-4.701074700236163
Cutoff +2m,2,127,2023 Q3,2023 Q4,gdp_growth,1,-0.28985468644997403,MIDAS (trend),2023-12-31,1-step ahead,0.930949540396142,-1.220804226846116
Cutoff +2m,2,127,2023 Q3,2023 Q4,gdp_growth,1,0.21759392703376665,MIDAS,2023-12-31,1-step ahead,0.930949540396142,-0.7133556133623755
Cutoff +2m,2,127,2023 Q3,2023 Q4,gdp_growth,1,-1.4583357502472476,MIDAS-Latent (trend),2023-12-31,1-step ahead,0.930949540396142,-2.3892852906433895
Cutoff +2m,2,127,2023 Q3,2023 Q4,gdp_growth,1,-1.3357463422909823,MIDAS-Latent,2023-12-31,1-step ahead,0.930949540396142,-2.2666958826871246
Cutoff +2m,2,127,2023 Q3,2023 Q4,gdp_growth,1,1.776880169170293,AR(2),2023-12-31,1-step ahead,0.930949540396142,0.8459306287741506
Cutoff +2m,2,127,2023 Q3,2024 Q1,gdp_growth,2,-3.9794103985652662,MF-VAR,2024-03-31,Other,4.0977257494837716,-8.07713614804904
Cutoff +2m,2,127,2023 Q3,2024 Q1,gdp_growth,2,3.229911273605851,MIDAS (trend),2024-03-31,Other,4.0977257494837716,-0.8678144758779207
Cutoff +2m,2,127,2023 Q3,2024 Q1,gdp_growth,2,3.7179457996184264,MIDAS,2024-03-31,Other,4.0977257494837716,-0.37977994986534513
Cutoff +2m,2,127,2023 Q3,2024 Q1,gdp_growth,2,-1.275987167189134,MIDAS-Latent (trend),2024-03-31,Other,4.0977257494837716,-5.373712916672906
Cutoff +2m,2,127,2023 Q3,2024 Q1,gdp_growth,2,-1.1513893380660518,MIDAS-Latent,2024-03-31,Other,4.0977257494837716,-5.249115087549823
Cutoff +2m,2,127,2023 Q3,2024 Q1,gdp_growth,2,1.39741678703541,AR(2),2024-03-31,Other,4.0977257494837716,-2.7003089624483616
Cutoff +2m,2,127,2023 Q3,2024 Q2,gdp_growth,3,0.6041725885180963,MF-VAR,2024-06-30,Other,1.9600339339092443,-1.355861345391148
Cutoff +2m,2,127,2023 Q3,2024 Q2,gdp_growth,3,3.2038508428794157,MIDAS (trend),2024-06-30,Other,1.9600339339092443,1.2438169089701714
Cutoff +2m,2,127,2023 Q3,2024 Q2,gdp_growth,3,3.71596922592754,MIDAS,2024-06-30,Other,1.9600339339092443,1.7559352920182958
Cutoff +2m,2,127,2023 Q3,2024 Q2,gdp_growth,3,-1.421648017631269,MIDAS-Latent (trend),2024-06-30,Other,1.9600339339092443,-3.3816819515405134
Cutoff +2m,2,127,2023 Q3,2024 Q2,gdp_growth,3,-1.2849597203231664,MIDAS-Latent,2024-06-30,Other,1.9600339339092443,-3.2449936542324105
Cutoff +2m,2,127,2023 Q3,2024 Q2,gdp_growth,3,1.3316934101407871,AR(2),2024-06-30,Other,1.9600339339092443,-0.6283405237684572
Cutoff +2m,2,127,2023 Q3,2024 Q3,gdp_growth,4,-1.6478900567363348,MF-VAR,2024-09-30,1-year ahead,1.7249375962080649,-3.3728276529444
Cutoff +2m,2,127,2023 Q3,2024 Q3,gdp_growth,4,3.3095279040211474,MIDAS (trend),2024-09-30,1-year ahead,1.7249375962080649,1.5845903078130823
Cutoff +2m,2,127,2023 Q3,2024 Q3,gdp_growth,4,3.8233138321076914,MIDAS,2024-09-30,1-year ahead,1.7249375962080649,2.0983762358996265
Cutoff +2m,2,127,2023 Q3,2024 Q3,gdp_growth,4,-1.4085808334323089,MIDAS-Latent (trend),2024-09-30,1-year ahead,1.7249375962080649,-3.1335184296403735
Cutoff +2m,2,127,2023 Q3,2024 Q3,gdp_growth,4,-1.2697385960041208,MIDAS-Latent,2024-09-30,1-year ahead,1.7249375962080649,-2.994676192212186
Cutoff +2m,2,127,2023 Q3,2024 Q3,gdp_growth,4,2.4895691756087466,AR(2),2024-09-30,1-year ahead,1.7249375962080649,0.7646315794006817
Cutoff +2m,2,127,2023 Q3,2023 Q4,inflation,1,-0.582369383999702,MF-VAR,2023-12-31,1-step ahead,1.5459954544169818,-2.128364838416684
Cutoff +2m,2,127,2023 Q3,2023 Q4,inflation,1,0.15284975325087308,MIDAS (trend),2023-12-31,1-step ahead,1.5459954544169818,-1.3931457011661088
Cutoff +2m,2,127,2023 Q3,2023 Q4,inflation,1,0.3967414989845213,MIDAS,2023-12-31,1-step ahead,1.5459954544169818,-1.1492539554324606
Cutoff +2m,2,127,2023 Q3,2023 Q4,inflation,1,1.0013567764047042,MIDAS-Latent (trend),2023-12-31,1-step ahead,1.5459954544169818,-0.5446386780122776
Cutoff +2m,2,127,2023 Q3,2023 Q4,inflation,1,1.2735823705368228,MIDAS-Latent,2023-12-31,1-step ahead,1.5459954544169818,-0.27241308388015906
Cutoff +2m,2,127,2023 Q3,2023 Q4,inflation,1,0.794390362458707,AR(2),2023-12-31,1-step ahead,1.5459954544169818,-0.7516050919582749
Cutoff +2m,2,127,2023 Q3,2024 Q1,inflation,2,-0.5771471669341487,MF-VAR,2024-03-31,Other,1.20167733791412,-1.7788245048482687
Cutoff +2m,2,127,2023 Q3,2024 Q1,inflation,2,0.6136184047622133,MIDAS (trend),2024-03-31,Other,1.20167733791412,-0.5880589331519066
Cutoff +2m,2,127,2023 Q3,2024 Q1,inflation,2,0.8725708079117078,MIDAS,2024-03-31,Other,1.20167733791412,-0.3291065300024121
Cutoff +2m,2,127,2023 Q3,2024 Q1,inflation,2,1.010321865078272,MIDAS-Latent (trend),2024-03-31,Other,1.20167733791412,-0.19135547283584797
Cutoff +2m,2,127,2023 Q3,2024 Q1,inflation,2,1.31191264103486,MIDAS-Latent,2024-03-31,Other,1.20167733791412,0.11023530312074016
Cutoff +2m,2,127,2023 Q3,2024 Q1,inflation,2,0.662922790423922,AR(2),2024-03-31,Other,1.20167733791412,-0.5387545474901979
Cutoff +2m,2,127,2023 Q3,2024 Q2,inflation,3,-0.3763692555249814,MF-VAR,2024-06-30,Other,1.3948747405589046,-1.771243996083886
Cutoff +2m,2,127,2023 Q3,2024 Q2,inflation,3,0.1861798167753117,MIDAS (trend),2024-06-30,Other,1.3948747405589046,-1.208694923783593
Cutoff +2m,2,127,2023 Q3,2024 Q2,inflation,3,0.5235001830495191,MIDAS,2024-06-30,Other,1.3948747405589046,-0.8713745575093855
Cutoff +2m,2,127,2023 Q3,2024 Q2,inflation,3,1.000661971358073,MIDAS-Latent (trend),2024-06-30,Other,1.3948747405589046,-0.39421276920083126
Cutoff +2m,2,127,2023 Q3,2024 Q2,inflation,3,1.3126125156647588,MIDAS-Latent,2024-06-30,Other,1.3948747405589046,-0.08226222489414581
Cutoff +2m,2,127,2023 Q3,2024 Q2,inflation,3,0.5405165295109489,AR(2),2024-06-30,Other,1.3948747405589046,-0.8543582110479557
Cutoff +2m,2,127,2023 Q3,2024 Q3,inflation,4,-0.6804381014623427,MF-VAR,2024-09-30,1-year ahead,0.04584411512098541,-0.7262822165833281
Cutoff +2m,2,127,2023 Q3,2024 Q3,inflation,4,0.358689380237438,MIDAS (trend),2024-09-30,1-year ahead,0.04584411512098541,0.3128452651164526
Cutoff +2m,2,127,2023 Q3,2024 Q3,inflation,4,0.7157726845511245,MIDAS,2024-09-30,1-year ahead,0.04584411512098541,0.6699285694301391
Cutoff +2m,2,127,2023 Q3,2024 Q3,inflation,4,0.9961534564760636,MIDAS-Latent (trend),2024-09-30,1-year ahead,0.04584411512098541,0.9503093413550784
Cutoff +2m,2,127,2023 Q3,2024 Q3,inflation,4,1.314680376428481,MIDAS-Latent,2024-09-30,1-year ahead,0.04584411512098541,1.2688362613074953
Cutoff +2m,2,127,2023 Q3,2024 Q3,inflation,4,0.397334108010309,AR(2),2024-09-30,1-year ahead,0.04584411512098541,0.3514899928893236
Cutoff +2m,2,128,2023 Q4,2024 Q1,exch_rate,1,-0.05693883186191497,MF-VAR,2024-03-31,1-step ahead,-0.05209269485890586,-0.0048461370030091
Cutoff +2m,2,128,2023 Q4,2024 Q1,exch_rate,1,-0.05334768019043448,MIDAS (trend),2024-03-31,1-step ahead,-0.05209269485890586,-0.00125498533152861
Cutoff +2m,2,128,2023 Q4,2024 Q1,exch_rate,1,-0.05501605096545762,MIDAS,2024-03-31,1-step ahead,-0.05209269485890586,-0.00292335610655175
Cutoff +2m,2,128,2023 Q4,2024 Q1,exch_rate,1,-0.04664497551026539,MIDAS-Latent (trend),2024-03-31,1-step ahead,-0.05209269485890586,0.00544771934864047
Cutoff +2m,2,128,2023 Q4,2024 Q1,exch_rate,1,-0.04805156335244581,MIDAS-Latent,2024-03-31,1-step ahead,-0.05209269485890586,0.00404113150646005
Cutoff +2m,2,128,2023 Q4,2024 Q1,exch_rate,1,-0.04921770042620833,AR(2),2024-03-31,1-step ahead,-0.05209269485890586,0.00287499443269752
Cutoff +2m,2,128,2023 Q4,2024 Q2,exch_rate,2,-0.0591168453604539,MF-VAR,2024-06-30,Other,-0.02679720863629812,-0.03231963672415578
Cutoff +2m,2,128,2023 Q4,2024 Q2,exch_rate,2,-0.04165913920830769,MIDAS (trend),2024-06-30,Other,-0.02679720863629812,-0.01486193057200957
Cutoff +2m,2,128,2023 Q4,2024 Q2,exch_rate,2,-0.04258481070577464,MIDAS,2024-06-30,Other,-0.02679720863629812,-0.01578760206947652
Cutoff +2m,2,128,2023 Q4,2024 Q2,exch_rate,2,-0.0512492455433064,MIDAS-Latent (trend),2024-06-30,Other,-0.02679720863629812,-0.02445203690700827
Cutoff +2m,2,128,2023 Q4,2024 Q2,exch_rate,2,-0.05545606753851583,MIDAS-Latent,2024-06-30,Other,-0.02679720863629812,-0.02865885890221771
Cutoff +2m,2,128,2023 Q4,2024 Q2,exch_rate,2,-0.04715585643031273,AR(2),2024-06-30,Other,-0.02679720863629812,-0.02035864779401461
Cutoff +2m,2,128,2023 Q4,2024 Q3,exch_rate,3,-0.06223430294668845,MF-VAR,2024-09-30,Other,-0.04995881779363455,-0.01227548515305389
Cutoff +2m,2,128,2023 Q4,2024 Q3,exch_rate,3,-0.04799007225648027,MIDAS (trend),2024-09-30,Other,-0.04995881779363455,0.00196874553715428
Cutoff +2m,2,128,2023 Q4,2024 Q3,exch_rate,3,-0.05066780492974255,MIDAS,2024-09-30,Other,-0.04995881779363455,-7.089871361079941e-4
Cutoff +2m,2,128,2023 Q4,2024 Q3,exch_rate,3,-0.05606596589951812,MIDAS-Latent (trend),2024-09-30,Other,-0.04995881779363455,-0.00610714810588356
Cutoff +2m,2,128,2023 Q4,2024 Q3,exch_rate,3,-0.05661162566679419,MIDAS-Latent,2024-09-30,Other,-0.04995881779363455,-0.00665280787315963
Cutoff +2m,2,128,2023 Q4,2024 Q3,exch_rate,3,-0.05203250766474324,AR(2),2024-09-30,Other,-0.04995881779363455,-0.00207368987110868
Cutoff +2m,2,128,2023 Q4,2024 Q4,exch_rate,4,-0.05802424048353345,MF-VAR,2024-12-31,1-year ahead,-0.06616821551812571,0.00814397503459225
Cutoff +2m,2,128,2023 Q4,2024 Q4,exch_rate,4,-0.03783378504208358,MIDAS (trend),2024-12-31,1-year ahead,-0.06616821551812571,0.02833443047604213
Cutoff +2m,2,128,2023 Q4,2024 Q4,exch_rate,4,-0.03831639255585556,MIDAS,2024-12-31,1-year ahead,-0.06616821551812571,0.02785182296227015
Cutoff +2m,2,128,2023 Q4,2024 Q4,exch_rate,4,-0.06074979321108442,MIDAS-Latent (trend),2024-12-31,1-year ahead,-0.06616821551812571,0.00541842230704128
Cutoff +2m,2,128,2023 Q4,2024 Q4,exch_rate,4,-0.06392006343728535,MIDAS-Latent,2024-12-31,1-year ahead,-0.06616821551812571,0.00224815208084036
Cutoff +2m,2,128,2023 Q4,2024 Q4,exch_rate,4,-0.05016330306732387,AR(2),2024-12-31,1-year ahead,-0.06616821551812571,0.01600491245080184
Cutoff +2m,2,128,2023 Q4,2024 Q1,gdp_growth,1,-0.24404585225527076,MF-VAR,2024-03-31,1-step ahead,4.0977257494837716,-4.341771601739042
Cutoff +2m,2,128,2023 Q4,2024 Q1,gdp_growth,1,-1.677981744849068,MIDAS (trend),2024-03-31,1-step ahead,4.0977257494837716,-5.77570749433284
Cutoff +2m,2,128,2023 Q4,2024 Q1,gdp_growth,1,-1.1940442225386187,MIDAS,2024-03-31,1-step ahead,4.0977257494837716,-5.29176997202239
Cutoff +2m,2,128,2023 Q4,2024 Q1,gdp_growth,1,0.6799771449400515,MIDAS-Latent (trend),2024-03-31,1-step ahead,4.0977257494837716,-3.41774860454372
Cutoff +2m,2,128,2023 Q4,2024 Q1,gdp_growth,1,0.8458415803354601,MIDAS-Latent,2024-03-31,1-step ahead,4.0977257494837716,-3.2518841691483114
Cutoff +2m,2,128,2023 Q4,2024 Q1,gdp_growth,1,1.448080703254949,AR(2),2024-03-31,1-step ahead,4.0977257494837716,-2.6496450462288226
Cutoff +2m,2,128,2023 Q4,2024 Q2,gdp_growth,2,-0.20090770571825167,MF-VAR,2024-06-30,Other,1.9600339339092443,-2.160941639627496
Cutoff +2m,2,128,2023 Q4,2024 Q2,gdp_growth,2,2.570168244476464,MIDAS (trend),2024-06-30,Other,1.9600339339092443,0.6101343105672199
Cutoff +2m,2,128,2023 Q4,2024 Q2,gdp_growth,2,3.0397577004593654,MIDAS,2024-06-30,Other,1.9600339339092443,1.0797237665501211
Cutoff +2m,2,128,2023 Q4,2024 Q2,gdp_growth,2,0.732612049445679,MIDAS-Latent (trend),2024-06-30,Other,1.9600339339092443,-1.2274218844635651
Cutoff +2m,2,128,2023 Q4,2024 Q2,gdp_growth,2,0.90130683162663,MIDAS-Latent,2024-06-30,Other,1.9600339339092443,-1.058727102282614
Cutoff +2m,2,128,2023 Q4,2024 Q2,gdp_growth,2,1.3695609276785037,AR(2),2024-06-30,Other,1.9600339339092443,-0.5904730062307406
Cutoff +2m,2,128,2023 Q4,2024 Q3,gdp_growth,3,1.5146977556126124,MF-VAR,2024-09-30,Other,1.7249375962080649,-0.2102398405954524
Cutoff +2m,2,128,2023 Q4,2024 Q3,gdp_growth,3,2.4811734992356533,MIDAS (trend),2024-09-30,Other,1.7249375962080649,0.7562359030275885
Cutoff +2m,2,128,2023 Q4,2024 Q3,gdp_growth,3,2.974853223030653,MIDAS,2024-09-30,Other,1.7249375962080649,1.2499156268225882
Cutoff +2m,2,128,2023 Q4,2024 Q3,gdp_growth,3,0.7085777173300344,MIDAS-Latent (trend),2024-09-30,Other,1.7249375962080649,-1.0163598788780304
Cutoff +2m,2,128,2023 Q4,2024 Q3,gdp_growth,3,0.8940321870918456,MIDAS-Latent,2024-09-30,Other,1.7249375962080649,-0.8309054091162192
Cutoff +2m,2,128,2023 Q4,2024 Q3,gdp_growth,3,2.4798229190592243,AR(2),2024-09-30,Other,1.7249375962080649,0.7548853228511594
Cutoff +2m,2,128,2023 Q4,2024 Q4,gdp_growth,4,-0.05048614186723096,MF-VAR,2024-12-31,1-year ahead,1.3156274812899935,-1.3661136231572246
Cutoff +2m,2,128,2023 Q4,2024 Q4,gdp_growth,4,2.6066419431991976,MIDAS (trend),2024-12-31,1-year ahead,1.3156274812899935,1.291014461909204
Cutoff +2m,2,128,2023 Q4,2024 Q4,gdp_growth,4,3.1041678149800216,MIDAS,2024-12-31,1-year ahead,1.3156274812899935,1.788540333690028
Cutoff +2m,2,128,2023 Q4,2024 Q4,gdp_growth,4,0.71041069442723,MIDAS-Latent (trend),2024-12-31,1-year ahead,1.3156274812899935,-0.6052167868627637
Cutoff +2m,2,128,2023 Q4,2024 Q4,gdp_growth,4,0.8987731065885421,MIDAS-Latent,2024-12-31,1-year ahead,1.3156274812899935,-0.4168543747014516
Cutoff +2m,2,128,2023 Q4,2024 Q4,gdp_growth,4,1.4331373487426358,AR(2),2024-12-31,1-year ahead,1.3156274812899935,0.11750986745264204
Cutoff +2m,2,128,2023 Q4,2024 Q1,inflation,1,1.6505366382833122,MF-VAR,2024-03-31,1-step ahead,1.20167733791412,0.4488593003691923
Cutoff +2m,2,128,2023 Q4,2024 Q1,inflation,1,0.483471536251997,MIDAS (trend),2024-03-31,1-step ahead,1.20167733791412,-0.7182058016621229
Cutoff +2m,2,128,2023 Q4,2024 Q1,inflation,1,0.6964257756789609,MIDAS,2024-03-31,1-step ahead,1.20167733791412,-0.505251562235159
Cutoff +2m,2,128,2023 Q4,2024 Q1,inflation,1,1.2821872876462672,MIDAS-Latent (trend),2024-03-31,1-step ahead,1.20167733791412,0.08050994973214731
Cutoff +2m,2,128,2023 Q4,2024 Q1,inflation,1,1.575556949186639,MIDAS-Latent,2024-03-31,1-step ahead,1.20167733791412,0.3738796112725191
Cutoff +2m,2,128,2023 Q4,2024 Q1,inflation,1,1.0239396853679548,AR(2),2024-03-31,1-step ahead,1.20167733791412,-0.17773765254616514
Cutoff +2m,2,128,2023 Q4,2024 Q2,inflation,2,1.6619931194324111,MF-VAR,2024-06-30,Other,1.3948747405589046,0.26711837887350653
Cutoff +2m,2,128,2023 Q4,2024 Q2,inflation,2,0.815147793728173,MIDAS (trend),2024-06-30,Other,1.3948747405589046,-0.5797269468307316
Cutoff +2m,2,128,2023 Q4,2024 Q2,inflation,2,1.034994160961021,MIDAS,2024-06-30,Other,1.3948747405589046,-0.35988057959788367
Cutoff +2m,2,128,2023 Q4,2024 Q2,inflation,2,1.2884568183144405,MIDAS-Latent (trend),2024-06-30,Other,1.3948747405589046,-0.10641792224446434
Cutoff +2m,2,128,2023 Q4,2024 Q2,inflation,2,1.5972713528388345,MIDAS-Latent,2024-06-30,Other,1.3948747405589046,0.20239661227992967
Cutoff +2m,2,128,2023 Q4,2024 Q2,inflation,2,0.8029636773089346,AR(2),2024-06-30,Other,1.3948747405589046,-0.59191106324997
Cutoff +2m,2,128,2023 Q4,2024 Q3,inflation,3,1.0994829551679841,MF-VAR,2024-09-30,Other,0.04584411512098541,1.0536388400469985
Cutoff +2m,2,128,2023 Q4,2024 Q3,inflation,3,0.402533837843237,MIDAS (trend),2024-09-30,Other,0.04584411512098541,0.3566897227222516
Cutoff +2m,2,128,2023 Q4,2024 Q3,inflation,3,0.6920221385277939,MIDAS,2024-09-30,Other,0.04584411512098541,0.6461780234068085
Cutoff +2m,2,128,2023 Q4,2024 Q3,inflation,3,1.2734874131886809,MIDAS-Latent (trend),2024-09-30,Other,0.04584411512098541,1.2276432980676957
Cutoff +2m,2,128,2023 Q4,2024 Q3,inflation,3,1.5995206222943537,MIDAS-Latent,2024-09-30,Other,0.04584411512098541,1.5536765071733682
Cutoff +2m,2,128,2023 Q4,2024 Q3,inflation,3,0.5677623528584292,AR(2),2024-09-30,Other,0.04584411512098541,0.5219182377374438
Cutoff +2m,2,128,2023 Q4,2024 Q4,inflation,4,0.8328116015790792,MF-VAR,2024-12-31,1-year ahead,-0.02527507775411663,0.8580866793331958
Cutoff +2m,2,128,2023 Q4,2024 Q4,inflation,4,0.5271937081435618,MIDAS (trend),2024-12-31,1-year ahead,-0.02527507775411663,0.5524687858976784
Cutoff +2m,2,128,2023 Q4,2024 Q4,inflation,4,0.8287024918151522,MIDAS,2024-12-31,1-year ahead,-0.02527507775411663,0.8539775695692688
Cutoff +2m,2,128,2023 Q4,2024 Q4,inflation,4,1.2689626963242968,MIDAS-Latent (trend),2024-12-31,1-year ahead,-0.02527507775411663,1.2942377740784134
Cutoff +2m,2,128,2023 Q4,2024 Q4,inflation,4,1.6011728237564338,MIDAS-Latent,2024-12-31,1-year ahead,-0.02527507775411663,1.6264479015105504
Cutoff +2m,2,128,2023 Q4,2024 Q4,inflation,4,0.4877687620752635,AR(2),2024-12-31,1-year ahead,-0.02527507775411663,0.5130438398293802
Cutoff +2m,2,129,2024 Q1,2024 Q2,exch_rate,1,-0.02730906689571488,MF-VAR,2024-06-30,1-step ahead,-0.02679720863629812,-5.118582594167628e-4
Cutoff +2m,2,129,2024 Q1,2024 Q2,exch_rate,1,-0.04064756862859855,MIDAS (trend),2024-06-30,1-step ahead,-0.02679720863629812,-0.01385035999230042
Cutoff +2m,2,129,2024 Q1,2024 Q2,exch_rate,1,-0.04150203661199295,MIDAS,2024-06-30,1-step ahead,-0.02679720863629812,-0.01470482797569483
Cutoff +2m,2,129,2024 Q1,2024 Q2,exch_rate,1,-0.06473298812063093,MIDAS-Latent (trend),2024-06-30,1-step ahead,-0.02679720863629812,-0.0379357794843328
Cutoff +2m,2,129,2024 Q1,2024 Q2,exch_rate,1,-0.05574027694410326,MIDAS-Latent,2024-06-30,1-step ahead,-0.02679720863629812,-0.02894306830780513
Cutoff +2m,2,129,2024 Q1,2024 Q2,exch_rate,1,-0.05042466283272644,AR(2),2024-06-30,1-step ahead,-0.02679720863629812,-0.02362745419642831
Cutoff +2m,2,129,2024 Q1,2024 Q3,exch_rate,2,-0.03611344798692392,MF-VAR,2024-09-30,Other,-0.04995881779363455,0.01384536980671063
Cutoff +2m,2,129,2024 Q1,2024 Q3,exch_rate,2,-0.05710480023678618,MIDAS (trend),2024-09-30,Other,-0.04995881779363455,-0.00714598244315162
Cutoff +2m,2,129,2024 Q1,2024 Q3,exch_rate,2,-0.05882564149862998,MIDAS,2024-09-30,Other,-0.04995881779363455,-0.00886682370499542
Cutoff +2m,2,129,2024 Q1,2024 Q3,exch_rate,2,-0.06939413415044761,MIDAS-Latent (trend),2024-09-30,Other,-0.04995881779363455,-0.01943531635681305
Cutoff +2m,2,129,2024 Q1,2024 Q3,exch_rate,2,-0.06087859884982589,MIDAS-Latent,2024-09-30,Other,-0.04995881779363455,-0.01091978105619134
Cutoff +2m,2,129,2024 Q1,2024 Q3,exch_rate,2,-0.05519639104874743,AR(2),2024-09-30,Other,-0.04995881779363455,-0.00523757325511287
Cutoff +2m,2,129,2024 Q1,2024 Q4,exch_rate,3,-0.02741251530003897,MF-VAR,2024-12-31,Other,-0.06616821551812571,0.03875570021808673
Cutoff +2m,2,129,2024 Q1,2024 Q4,exch_rate,3,-0.04717203633979945,MIDAS (trend),2024-12-31,Other,-0.06616821551812571,0.01899617917832626
Cutoff +2m,2,129,2024 Q1,2024 Q4,exch_rate,3,-0.04830632210448987,MIDAS,2024-12-31,Other,-0.06616821551812571,0.01786189341363584
Cutoff +2m,2,129,2024 Q1,2024 Q4,exch_rate,3,-0.0738098270218689,MIDAS-Latent (trend),2024-12-31,Other,-0.06616821551812571,-0.00764161150374319
Cutoff +2m,2,129,2024 Q1,2024 Q4,exch_rate,3,-0.06447470133635315,MIDAS-Latent,2024-12-31,Other,-0.06616821551812571,0.00169351418177256
Cutoff +2m,2,129,2024 Q1,2024 Q4,exch_rate,3,-0.05313400128983366,AR(2),2024-12-31,Other,-0.06616821551812571,0.01303421422829204
Cutoff +2m,2,129,2024 Q1,2025 Q1,exch_rate,4,-0.0248221217601814,MF-VAR,2025-03-31,1-year ahead,-0.05563092558217351,0.03080880382199211
Cutoff +2m,2,129,2024 Q1,2025 Q1,exch_rate,4,-0.06257237653963191,MIDAS (trend),2025-03-31,1-year ahead,-0.05563092558217351,-0.00694145095745839
Cutoff +2m,2,129,2024 Q1,2025 Q1,exch_rate,4,-0.0655132348961042,MIDAS,2025-03-31,1-year ahead,-0.05563092558217351,-0.00988230931393067
Cutoff +2m,2,129,2024 Q1,2025 Q1,exch_rate,4,-0.07848917062856582,MIDAS-Latent (trend),2025-03-31,1-year ahead,-0.05563092558217351,-0.0228582450463923
Cutoff +2m,2,129,2024 Q1,2025 Q1,exch_rate,4,-0.06954050431217478,MIDAS-Latent,2025-03-31,1-year ahead,-0.05563092558217351,-0.01390957873000126
Cutoff +2m,2,129,2024 Q1,2025 Q1,exch_rate,4,-0.05449260740538363,AR(2),2025-03-31,1-year ahead,-0.05563092558217351,0.00113831817678988
Cutoff +2m,2,129,2024 Q1,2024 Q2,gdp_growth,1,1.5719897399825338,MF-VAR,2024-06-30,1-step ahead,1.9600339339092443,-0.3880441939267105
Cutoff +2m,2,129,2024 Q1,2024 Q2,gdp_growth,1,3.8523474976415137,MIDAS (trend),2024-06-30,1-step ahead,1.9600339339092443,1.892313563732269
Cutoff +2m,2,129,2024 Q1,2024 Q2,gdp_growth,1,4.201902856781982,MIDAS,2024-06-30,1-step ahead,1.9600339339092443,2.2418689228727375
Cutoff +2m,2,129,2024 Q1,2024 Q2,gdp_growth,1,3.611756339721494,MIDAS-Latent (trend),2024-06-30,1-step ahead,1.9600339339092443,1.6517224058122495
Cutoff +2m,2,129,2024 Q1,2024 Q2,gdp_growth,1,3.728128054146731,MIDAS-Latent,2024-06-30,1-step ahead,1.9600339339092443,1.768094120237487
Cutoff +2m,2,129,2024 Q1,2024 Q2,gdp_growth,1,1.2160145078004687,AR(2),2024-06-30,1-step ahead,1.9600339339092443,-0.7440194261087756
Cutoff +2m,2,129,2024 Q1,2024 Q3,gdp_growth,2,2.725033762612828,MF-VAR,2024-09-30,Other,1.7249375962080649,1.000096166404763
Cutoff +2m,2,129,2024 Q1,2024 Q3,gdp_growth,2,1.8911444430209003,MIDAS (trend),2024-09-30,Other,1.7249375962080649,0.16620684681283548
Cutoff +2m,2,129,2024 Q1,2024 Q3,gdp_growth,2,2.2377267124301508,MIDAS,2024-09-30,Other,1.7249375962080649,0.5127891162220859
Cutoff +2m,2,129,2024 Q1,2024 Q3,gdp_growth,2,3.866644065595828,MIDAS-Latent (trend),2024-09-30,Other,1.7249375962080649,2.141706469387763
Cutoff +2m,2,129,2024 Q1,2024 Q3,gdp_growth,2,3.9856693440639464,MIDAS-Latent,2024-09-30,Other,1.7249375962080649,2.2607317478558815
Cutoff +2m,2,129,2024 Q1,2024 Q3,gdp_growth,2,2.365285613039066,AR(2),2024-09-30,Other,1.7249375962080649,0.640348016831001
Cutoff +2m,2,129,2024 Q1,2024 Q4,gdp_growth,3,2.4752541756671405,MF-VAR,2024-12-31,Other,1.3156274812899935,1.1596266943771467
Cutoff +2m,2,129,2024 Q1,2024 Q4,gdp_growth,3,1.879353154799404,MIDAS (trend),2024-12-31,Other,1.3156274812899935,0.56372567350941
Cutoff +2m,2,129,2024 Q1,2024 Q4,gdp_growth,3,2.240428311139614,MIDAS,2024-12-31,Other,1.3156274812899935,0.9248008298496204
Cutoff +2m,2,129,2024 Q1,2024 Q4,gdp_growth,3,3.825434258678762,MIDAS-Latent (trend),2024-12-31,Other,1.3156274812899935,2.509806777388768
Cutoff +2m,2,129,2024 Q1,2024 Q4,gdp_growth,3,3.9556114362981942,MIDAS-Latent,2024-12-31,Other,1.3156274812899935,2.639983955008201
Cutoff +2m,2,129,2024 Q1,2024 Q4,gdp_growth,3,1.4741099874016987,AR(2),2024-12-31,Other,1.3156274812899935,0.158482506111705
Cutoff +2m,2,129,2024 Q1,2025 Q1,gdp_growth,4,0.4895291086390273,MF-VAR,2025-03-31,1-year ahead,2.2430073144406037,-1.7534782058015763
Cutoff +2m,2,129,2024 Q1,2025 Q1,gdp_growth,4,1.8227926151977272,MIDAS (trend),2025-03-31,1-year ahead,2.2430073144406037,-0.4202146992428766
Cutoff +2m,2,129,2024 Q1,2025 Q1,gdp_growth,4,2.1894918254340743,MIDAS,2025-03-31,1-year ahead,2.2430073144406037,-0.05351548900652947
Cutoff +2m,2,129,2024 Q1,2025 Q1,gdp_growth,4,3.844279542617427,MIDAS-Latent (trend),2025-03-31,1-year ahead,2.2430073144406037,1.6012722281768237
Cutoff +2m,2,129,2024 Q1,2025 Q1,gdp_growth,4,3.976556243140524,MIDAS-Latent,2025-03-31,1-year ahead,2.2430073144406037,1.73354892869992
Cutoff +2m,2,129,2024 Q1,2025 Q1,gdp_growth,4,1.3151645831546026,AR(2),2025-03-31,1-year ahead,2.2430073144406037,-0.9278427312860013
Cutoff +2m,2,129,2024 Q1,2024 Q2,inflation,1,1.9142529493114415,MF-VAR,2024-06-30,1-step ahead,1.3948747405589046,0.5193782087525372
Cutoff +2m,2,129,2024 Q1,2024 Q2,inflation,1,0.9394366965832224,MIDAS (trend),2024-06-30,1-step ahead,1.3948747405589046,-0.4554380439756823
Cutoff +2m,2,129,2024 Q1,2024 Q2,inflation,1,1.1432964755543933,MIDAS,2024-06-30,1-step ahead,1.3948747405589046,-0.2515782650045113
Cutoff +2m,2,129,2024 Q1,2024 Q2,inflation,1,0.8749659784160173,MIDAS-Latent (trend),2024-06-30,1-step ahead,1.3948747405589046,-0.5199087621428873
Cutoff +2m,2,129,2024 Q1,2024 Q2,inflation,1,1.1709864147038531,MIDAS-Latent,2024-06-30,1-step ahead,1.3948747405589046,-0.22388832585505147
Cutoff +2m,2,129,2024 Q1,2024 Q2,inflation,1,0.8927455056655198,AR(2),2024-06-30,1-step ahead,1.3948747405589046,-0.5021292348933848
Cutoff +2m,2,129,2024 Q1,2024 Q3,inflation,2,1.842638917784511,MF-VAR,2024-09-30,Other,0.04584411512098541,1.7967948026635256
Cutoff +2m,2,129,2024 Q1,2024 Q3,inflation,2,0.7338488631524208,MIDAS (trend),2024-09-30,Other,0.04584411512098541,0.6880047480314354
Cutoff +2m,2,129,2024 Q1,2024 Q3,inflation,2,0.926879175595858,MIDAS,2024-09-30,Other,0.04584411512098541,0.8810350604748726
Cutoff +2m,2,129,2024 Q1,2024 Q3,inflation,2,0.8584897597676157,MIDAS-Latent (trend),2024-09-30,Other,0.04584411512098541,0.8126456446466302
Cutoff +2m,2,129,2024 Q1,2024 Q3,inflation,2,1.1473286536310436,MIDAS-Latent,2024-09-30,Other,0.04584411512098541,1.1014845385100582
Cutoff +2m,2,129,2024 Q1,2024 Q3,inflation,2,0.6352290140782517,AR(2),2024-09-30,Other,0.04584411512098541,0.5893848989572663
Cutoff +2m,2,129,2024 Q1,2024 Q4,inflation,3,1.5172327622292965,MF-VAR,2024-12-31,Other,-0.02527507775411663,1.5425078399834131
Cutoff +2m,2,129,2024 Q1,2024 Q4,inflation,3,0.6292519864208336,MIDAS (trend),2024-12-31,Other,-0.02527507775411663,0.6545270641749502
Cutoff +2m,2,129,2024 Q1,2024 Q4,inflation,3,0.9032749558403056,MIDAS,2024-12-31,Other,-0.02527507775411663,0.928550033594422
Cutoff +2m,2,129,2024 Q1,2024 Q4,inflation,3,0.8426313027320971,MIDAS-Latent (trend),2024-12-31,Other,-0.02527507775411663,0.8679063804862137
Cutoff +2m,2,129,2024 Q1,2024 Q4,inflation,3,1.1452199103102243,MIDAS-Latent,2024-12-31,Other,-0.02527507775411663,1.170494988064341
Cutoff +2m,2,129,2024 Q1,2024 Q4,inflation,3,0.5340035858625332,AR(2),2024-12-31,Other,-0.02527507775411663,0.5592786636166498
Cutoff +2m,2,129,2024 Q1,2025 Q1,inflation,4,1.045795694362287,MF-VAR,2025-03-31,1-year ahead,0.02047944028120696,1.02531625408108
Cutoff +2m,2,129,2024 Q1,2025 Q1,inflation,4,0.5466297292811679,MIDAS (trend),2025-03-31,1-year ahead,0.02047944028120696,0.526150288999961
Cutoff +2m,2,129,2024 Q1,2025 Q1,inflation,4,0.8157743383323236,MIDAS,2025-03-31,1-year ahead,0.02047944028120696,0.7952948980511166
Cutoff +2m,2,129,2024 Q1,2025 Q1,inflation,4,0.8376579485541048,MIDAS-Latent (trend),2025-03-31,1-year ahead,0.02047944028120696,0.8171785082728978
Cutoff +2m,2,129,2024 Q1,2025 Q1,inflation,4,1.1435944086820709,MIDAS-Latent,2025-03-31,1-year ahead,0.02047944028120696,1.1231149684008641
Cutoff +2m,2,129,2024 Q1,2025 Q1,inflation,4,0.4600243548012952,AR(2),2025-03-31,1-year ahead,0.02047944028120696,0.43954491452008826
Cutoff +2m,2,130,2024 Q2,2024 Q3,exch_rate,1,-0.04886813300934264,MF-VAR,2024-09-30,1-step ahead,-0.04995881779363455,0.00109068478429191
Cutoff +2m,2,130,2024 Q2,2024 Q3,exch_rate,1,-0.05894663319875995,MIDAS (trend),2024-09-30,1-step ahead,-0.04995881779363455,-0.00898781540512539
Cutoff +2m,2,130,2024 Q2,2024 Q3,exch_rate,1,-0.06015764231460464,MIDAS,2024-09-30,1-step ahead,-0.04995881779363455,-0.01019882452097008
Cutoff +2m,2,130,2024 Q2,2024 Q3,exch_rate,1,-0.0312386453998354,MIDAS-Latent (trend),2024-09-30,1-step ahead,-0.04995881779363455,0.01872017239379915
Cutoff +2m,2,130,2024 Q2,2024 Q3,exch_rate,1,-0.0587182085893501,MIDAS-Latent,2024-09-30,1-step ahead,-0.04995881779363455,-0.00875939079571554
Cutoff +2m,2,130,2024 Q2,2024 Q3,exch_rate,1,-0.02804934971127886,AR(2),2024-09-30,1-step ahead,-0.04995881779363455,0.02190946808235569
Cutoff +2m,2,130,2024 Q2,2024 Q4,exch_rate,2,-0.05089847092746544,MF-VAR,2024-12-31,Other,-0.06616821551812571,0.01526974459066027
Cutoff +2m,2,130,2024 Q2,2024 Q4,exch_rate,2,-0.03752704277413821,MIDAS (trend),2024-12-31,Other,-0.06616821551812571,0.02864117274398749
Cutoff +2m,2,130,2024 Q2,2024 Q4,exch_rate,2,-0.03688613484093654,MIDAS,2024-12-31,Other,-0.06616821551812571,0.02928208067718916
Cutoff +2m,2,130,2024 Q2,2024 Q4,exch_rate,2,-0.03675953289380945,MIDAS-Latent (trend),2024-12-31,Other,-0.06616821551812571,0.02940868262431625
Cutoff +2m,2,130,2024 Q2,2024 Q4,exch_rate,2,-0.03376866146378151,MIDAS-Latent,2024-12-31,Other,-0.06616821551812571,0.0323995540543442
Cutoff +2m,2,130,2024 Q2,2024 Q4,exch_rate,2,-0.02685188474183177,AR(2),2024-12-31,Other,-0.06616821551812571,0.03931633077629394
Cutoff +2m,2,130,2024 Q2,2025 Q1,exch_rate,3,-0.05643867555444131,MF-VAR,2025-03-31,Other,-0.05563092558217351,-8.077499722677975e-4
Cutoff +2m,2,130,2024 Q2,2025 Q1,exch_rate,3,-0.0671309016428721,MIDAS (trend),2025-03-31,Other,-0.05563092558217351,-0.01149997606069858
Cutoff +2m,2,130,2024 Q2,2025 Q1,exch_rate,3,-0.06997900887411249,MIDAS,2025-03-31,Other,-0.05563092558217351,-0.01434808329193897
Cutoff +2m,2,130,2024 Q2,2025 Q1,exch_rate,3,-0.04144530121532253,MIDAS-Latent (trend),2025-03-31,Other,-0.05563092558217351,0.01418562436685098
Cutoff +2m,2,130,2024 Q2,2025 Q1,exch_rate,3,-0.06525311231067413,MIDAS-Latent,2025-03-31,Other,-0.05563092558217351,-0.00962218672850061
Cutoff +2m,2,130,2024 Q2,2025 Q1,exch_rate,3,-0.02993679209833067,AR(2),2025-03-31,Other,-0.05563092558217351,0.02569413348384283
Cutoff +2m,2,130,2024 Q2,2025 Q2,exch_rate,4,-0.04922094704047383,MF-VAR,2025-06-30,1-year ahead,-0.06491370262045415,0.01569275557998031
Cutoff +2m,2,130,2024 Q2,2025 Q2,exch_rate,4,-0.04817288457009704,MIDAS (trend),2025-06-30,1-year ahead,-0.06491370262045415,0.01674081805035711
Cutoff +2m,2,130,2024 Q2,2025 Q2,exch_rate,4,-0.04689414514558722,MIDAS,2025-06-30,1-year ahead,-0.06491370262045415,0.01801955747486693
Cutoff +2m,2,130,2024 Q2,2025 Q2,exch_rate,4,-0.04610075469891055,MIDAS-Latent (trend),2025-06-30,1-year ahead,-0.06491370262045415,0.01881294792154359
Cutoff +2m,2,130,2024 Q2,2025 Q2,exch_rate,4,-0.04064477324602992,MIDAS-Latent,2025-06-30,1-year ahead,-0.06491370262045415,0.02426892937442423
Cutoff +2m,2,130,2024 Q2,2025 Q2,exch_rate,4,-0.03033472763930766,AR(2),2025-06-30,1-year ahead,-0.06491370262045415,0.03457897498114648
Cutoff +2m,2,130,2024 Q2,2024 Q3,gdp_growth,1,0.8156646829936205,MF-VAR,2024-09-30,1-step ahead,1.7249375962080649,-0.9092729132144444
Cutoff +2m,2,130,2024 Q2,2024 Q3,gdp_growth,1,0.8328240103711723,MIDAS (trend),2024-09-30,1-step ahead,1.7249375962080649,-0.8921135858368926
Cutoff +2m,2,130,2024 Q2,2024 Q3,gdp_growth,1,1.2615543464486152,MIDAS,2024-09-30,1-step ahead,1.7249375962080649,-0.46338324975944967
Cutoff +2m,2,130,2024 Q2,2024 Q3,gdp_growth,1,5.445187238000728,MIDAS-Latent (trend),2024-09-30,1-step ahead,1.7249375962080649,3.7202496417926634
Cutoff +2m,2,130,2024 Q2,2024 Q3,gdp_growth,1,5.571064662433582,MIDAS-Latent,2024-09-30,1-step ahead,1.7249375962080649,3.8461270662255167
Cutoff +2m,2,130,2024 Q2,2024 Q3,gdp_growth,1,2.3203087360214525,AR(2),2024-09-30,1-step ahead,1.7249375962080649,0.5953711398133876
Cutoff +2m,2,130,2024 Q2,2024 Q4,gdp_growth,2,-0.2839273273461188,MF-VAR,2024-12-31,Other,1.3156274812899935,-1.5995548086361129
Cutoff +2m,2,130,2024 Q2,2024 Q4,gdp_growth,2,1.4700465644196008,MIDAS (trend),2024-12-31,Other,1.3156274812899935,0.15441908312960706
Cutoff +2m,2,130,2024 Q2,2024 Q4,gdp_growth,2,1.874385729096134,MIDAS,2024-12-31,Other,1.3156274812899935,0.5587582478061401
Cutoff +2m,2,130,2024 Q2,2024 Q4,gdp_growth,2,5.254240441442802,MIDAS-Latent (trend),2024-12-31,Other,1.3156274812899935,3.938612960152808
Cutoff +2m,2,130,2024 Q2,2024 Q4,gdp_growth,2,5.381381441735173,MIDAS-Latent,2024-12-31,Other,1.3156274812899935,4.065753960445179
Cutoff +2m,2,130,2024 Q2,2024 Q4,gdp_growth,2,1.440215868502611,AR(2),2024-12-31,Other,1.3156274812899935,0.12458838721261722
Cutoff +2m,2,130,2024 Q2,2025 Q1,gdp_growth,3,0.9083021435638896,MF-VAR,2025-03-31,Other,2.2430073144406037,-1.334705170876714
Cutoff +2m,2,130,2024 Q2,2025 Q1,gdp_growth,3,1.4343818579542469,MIDAS (trend),2025-03-31,Other,2.2430073144406037,-0.8086254564863569
Cutoff +2m,2,130,2024 Q2,2025 Q1,gdp_growth,3,1.8562674168123336,MIDAS,2025-03-31,Other,2.2430073144406037,-0.3867398976282703
Cutoff +2m,2,130,2024 Q2,2025 Q1,gdp_growth,3,5.560482865124547,MIDAS-Latent (trend),2025-03-31,Other,2.2430073144406037,3.317475550683943
Cutoff +2m,2,130,2024 Q2,2025 Q1,gdp_growth,3,5.701798039505291,MIDAS-Latent,2025-03-31,Other,2.2430073144406037,3.458790725064687
Cutoff +2m,2,130,2024 Q2,2025 Q1,gdp_growth,3,1.3250892100214715,AR(2),2025-03-31,Other,2.2430073144406037,-0.9179181044191322
Cutoff +2m,2,130,2024 Q2,2025 Q2,gdp_growth,4,0.8847995812424715,MF-VAR,2025-06-30,1-year ahead,-0.09620412701139004,0.9810037082538616
Cutoff +2m,2,130,2024 Q2,2025 Q2,gdp_growth,4,1.4448081723433517,MIDAS (trend),2025-06-30,1-year ahead,-0.09620412701139004,1.5410122993547417
Cutoff +2m,2,130,2024 Q2,2025 Q2,gdp_growth,4,1.8721640450996229,MIDAS,2025-06-30,1-year ahead,-0.09620412701139004,1.968368172111013
Cutoff +2m,2,130,2024 Q2,2025 Q2,gdp_growth,4,5.541673237101652,MIDAS-Latent (trend),2025-06-30,1-year ahead,-0.09620412701139004,5.637877364113042
Cutoff +2m,2,130,2024 Q2,2025 Q2,gdp_growth,4,5.684966930384516,MIDAS-Latent,2025-06-30,1-year ahead,-0.09620412701139004,5.781171057395906
Cutoff +2m,2,130,2024 Q2,2025 Q2,gdp_growth,4,1.3707860075882334,AR(2),2025-06-30,1-year ahead,-0.09620412701139004,1.4669901345996237
Cutoff +2m,2,130,2024 Q2,2024 Q3,inflation,1,0.39126653681647106,MF-VAR,2024-09-30,1-step ahead,0.04584411512098541,0.34542242169548565
Cutoff +2m,2,130,2024 Q2,2024 Q3,inflation,1,0.6498248603052771,MIDAS (trend),2024-09-30,1-step ahead,0.04584411512098541,0.6039807451842917
Cutoff +2m,2,130,2024 Q2,2024 Q3,inflation,1,0.841389402300904,MIDAS,2024-09-30,1-step ahead,0.04584411512098541,0.7955452871799186
Cutoff +2m,2,130,2024 Q2,2024 Q3,inflation,1,1.3794723912774425,MIDAS-Latent (trend),2024-09-30,1-step ahead,0.04584411512098541,1.3336282761564568
Cutoff +2m,2,130,2024 Q2,2024 Q3,inflation,1,1.6518424263709346,MIDAS-Latent,2024-09-30,1-step ahead,0.04584411512098541,1.6059983112499492
Cutoff +2m,2,130,2024 Q2,2024 Q3,inflation,1,0.8823740221320735,AR(2),2024-09-30,1-step ahead,0.04584411512098541,0.8365299070110881
Cutoff +2m,2,130,2024 Q2,2024 Q4,inflation,2,0.4203939962162144,MF-VAR,2024-12-31,Other,-0.02527507775411663,0.445669073970331
Cutoff +2m,2,130,2024 Q2,2024 Q4,inflation,2,0.8332696135834012,MIDAS (trend),2024-12-31,Other,-0.02527507775411663,0.8585446913375179
Cutoff +2m,2,130,2024 Q2,2024 Q4,inflation,2,1.0167097935740692,MIDAS,2024-12-31,Other,-0.02527507775411663,1.0419848713281858
Cutoff +2m,2,130,2024 Q2,2024 Q4,inflation,2,1.382125469712202,MIDAS-Latent (trend),2024-12-31,Other,-0.02527507775411663,1.4074005474663187
Cutoff +2m,2,130,2024 Q2,2024 Q4,inflation,2,1.6655649004009945,MIDAS-Latent,2024-12-31,Other,-0.02527507775411663,1.690839978155111
Cutoff +2m,2,130,2024 Q2,2024 Q4,inflation,2,0.7172473085039242,AR(2),2024-12-31,Other,-0.02527507775411663,0.7425223862580408
Cutoff +2m,2,130,2024 Q2,2025 Q1,inflation,3,0.22282665294507023,MF-VAR,2025-03-31,Other,0.02047944028120696,0.2023472126638633
Cutoff +2m,2,130,2024 Q2,2025 Q1,inflation,3,0.5394709381141619,MIDAS (trend),2025-03-31,Other,0.02047944028120696,0.518991497832955
Cutoff +2m,2,130,2024 Q2,2025 Q1,inflation,3,0.79239944397259,MIDAS,2025-03-31,Other,0.02047944028120696,0.771920003691383
Cutoff +2m,2,130,2024 Q2,2025 Q1,inflation,3,1.3770931196582423,MIDAS-Latent (trend),2025-03-31,Other,0.02047944028120696,1.3566136793770356
Cutoff +2m,2,130,2024 Q2,2025 Q1,inflation,3,1.6838168662496424,MIDAS-Latent,2025-03-31,Other,0.02047944028120696,1.6633374259684357
Cutoff +2m,2,130,2024 Q2,2025 Q1,inflation,3,0.5817660137853098,AR(2),2025-03-31,Other,0.02047944028120696,0.5612865735041028
Cutoff +2m,2,130,2024 Q2,2025 Q2,inflation,4,0.19273376009242135,MF-VAR,2025-06-30,1-year ahead,0.08229123314116293,0.11044252695125842
Cutoff +2m,2,130,2024 Q2,2025 Q2,inflation,4,0.6084534369275966,MIDAS (trend),2025-06-30,1-year ahead,0.08229123314116293,0.5261622037864336
Cutoff +2m,2,130,2024 Q2,2025 Q2,inflation,4,0.8634513319639218,MIDAS,2025-06-30,1-year ahead,0.08229123314116293,0.7811600988227588
Cutoff +2m,2,130,2024 Q2,2025 Q2,inflation,4,1.372725984674123,MIDAS-Latent (trend),2025-06-30,1-year ahead,0.08229123314116293,1.2904347515329604
Cutoff +2m,2,130,2024 Q2,2025 Q2,inflation,4,1.6847915496093968,MIDAS-Latent,2025-06-30,1-year ahead,0.08229123314116293,1.602500316468234
Cutoff +2m,2,130,2024 Q2,2025 Q2,inflation,4,0.4926904838378004,AR(2),2025-06-30,1-year ahead,0.08229123314116293,0.41039925069663746
Cutoff +2m,2,131,2024 Q3,2024 Q4,exch_rate,1,-0.06090301121273219,MF-VAR,2024-12-31,1-step ahead,-0.06616821551812571,0.00526520430539351
Cutoff +2m,2,131,2024 Q3,2024 Q4,exch_rate,1,-0.04597220028376311,MIDAS (trend),2024-12-31,1-step ahead,-0.06616821551812571,0.02019601523436259
Cutoff +2m,2,131,2024 Q3,2024 Q4,exch_rate,1,-0.04582938175147558,MIDAS,2024-12-31,1-step ahead,-0.06616821551812571,0.02033883376665012
Cutoff +2m,2,131,2024 Q3,2024 Q4,exch_rate,1,-0.04146247253990021,MIDAS-Latent (trend),2024-12-31,1-step ahead,-0.06616821551812571,0.0247057429782255
Cutoff +2m,2,131,2024 Q3,2024 Q4,exch_rate,1,-0.03330875716071536,MIDAS-Latent,2024-12-31,1-step ahead,-0.06616821551812571,0.03285945835741034
Cutoff +2m,2,131,2024 Q3,2024 Q4,exch_rate,1,-0.05157433688216628,AR(2),2024-12-31,1-step ahead,-0.06616821551812571,0.01459387863595942
Cutoff +2m,2,131,2024 Q3,2025 Q1,exch_rate,2,-0.06621773154672371,MF-VAR,2025-03-31,Other,-0.05563092558217351,-0.01058680596455019
Cutoff +2m,2,131,2024 Q3,2025 Q1,exch_rate,2,-0.06123749982363674,MIDAS (trend),2025-03-31,Other,-0.05563092558217351,-0.00560657424146322
Cutoff +2m,2,131,2024 Q3,2025 Q1,exch_rate,2,-0.06228886351622343,MIDAS,2025-03-31,Other,-0.05563092558217351,-0.00665793793404991
Cutoff +2m,2,131,2024 Q3,2025 Q1,exch_rate,2,-0.04579323214983809,MIDAS-Latent (trend),2025-03-31,Other,-0.05563092558217351,0.00983769343233542
Cutoff +2m,2,131,2024 Q3,2025 Q1,exch_rate,2,-0.0561152267069516,MIDAS-Latent,2025-03-31,Other,-0.05563092558217351,-4.843011247780832e-4
Cutoff +2m,2,131,2024 Q3,2025 Q1,exch_rate,2,-0.05385504213055087,AR(2),2025-03-31,Other,-0.05563092558217351,0.00177588345162264
Cutoff +2m,2,131,2024 Q3,2025 Q2,exch_rate,3,-0.05964251952340344,MF-VAR,2025-06-30,Other,-0.06491370262045415,0.0052711830970507
Cutoff +2m,2,131,2024 Q3,2025 Q2,exch_rate,3,-0.0580877831693491,MIDAS (trend),2025-06-30,Other,-0.06491370262045415,0.00682591945110504
Cutoff +2m,2,131,2024 Q3,2025 Q2,exch_rate,3,-0.05819636686173452,MIDAS,2025-06-30,Other,-0.06491370262045415,0.00671733575871962
Cutoff +2m,2,131,2024 Q3,2025 Q2,exch_rate,3,-0.05072996691983034,MIDAS-Latent (trend),2025-06-30,Other,-0.06491370262045415,0.01418373570062381
Cutoff +2m,2,131,2024 Q3,2025 Q2,exch_rate,3,-0.03972046336438051,MIDAS-Latent,2025-06-30,Other,-0.06491370262045415,0.02519323925607364
Cutoff +2m,2,131,2024 Q3,2025 Q2,exch_rate,3,-0.05283056499483761,AR(2),2025-06-30,Other,-0.06491370262045415,0.01208313762561653
Cutoff +2m,2,131,2024 Q3,2025 Q3,exch_rate,4,-0.05999288063859108,MF-VAR,2025-09-30,1-year ahead,-0.06684019298606815,0.00684731234747706
Cutoff +2m,2,131,2024 Q3,2025 Q3,exch_rate,4,-0.07237160319965762,MIDAS (trend),2025-09-30,1-year ahead,-0.06684019298606815,-0.00553141021358946
Cutoff +2m,2,131,2024 Q3,2025 Q3,exch_rate,4,-0.07450861225532927,MIDAS,2025-09-30,1-year ahead,-0.06684019298606815,-0.00766841926926112
Cutoff +2m,2,131,2024 Q3,2025 Q3,exch_rate,4,-0.0554211739206601,MIDAS-Latent (trend),2025-09-30,1-year ahead,-0.06684019298606815,0.01141901906540805
Cutoff +2m,2,131,2024 Q3,2025 Q3,exch_rate,4,-0.06217723869592727,MIDAS-Latent,2025-09-30,1-year ahead,-0.06684019298606815,0.00466295429014088
Cutoff +2m,2,131,2024 Q3,2025 Q3,exch_rate,4,-0.05887865658051002,AR(2),2025-09-30,1-year ahead,-0.06684019298606815,0.00796153640555812
Cutoff +2m,2,131,2024 Q3,2024 Q4,gdp_growth,1,-1.787581863403416,MF-VAR,2024-12-31,1-step ahead,1.3156274812899935,-3.1032093446934095
Cutoff +2m,2,131,2024 Q3,2024 Q4,gdp_growth,1,-0.01597363018816394,MIDAS (trend),2024-12-31,1-step ahead,1.3156274812899935,-1.3316011114781576
Cutoff +2m,2,131,2024 Q3,2024 Q4,gdp_growth,1,0.37211180692643897,MIDAS,2024-12-31,1-step ahead,1.3156274812899935,-0.9435156743635548
Cutoff +2m,2,131,2024 Q3,2024 Q4,gdp_growth,1,1.3753369302280571,MIDAS-Latent (trend),2024-12-31,1-step ahead,1.3156274812899935,0.0597094489380634
Cutoff +2m,2,131,2024 Q3,2024 Q4,gdp_growth,1,1.5128663806951628,MIDAS-Latent,2024-12-31,1-step ahead,1.3156274812899935,0.19723889940516903
Cutoff +2m,2,131,2024 Q3,2024 Q4,gdp_growth,1,1.4729353917720749,AR(2),2024-12-31,1-step ahead,1.3156274812899935,0.15730791048208115
Cutoff +2m,2,131,2024 Q3,2025 Q1,gdp_growth,2,-1.9096213752758435,MF-VAR,2025-03-31,Other,2.2430073144406037,-4.1526286897164475
Cutoff +2m,2,131,2024 Q3,2025 Q1,gdp_growth,2,1.2627220029496191,MIDAS (trend),2025-03-31,Other,2.2430073144406037,-0.9802853114909844
Cutoff +2m,2,131,2024 Q3,2025 Q1,gdp_growth,2,1.6530316533791378,MIDAS,2025-03-31,Other,2.2430073144406037,-0.5899756610614659
Cutoff +2m,2,131,2024 Q3,2025 Q1,gdp_growth,2,1.3558459734121722,MIDAS-Latent (trend),2025-03-31,Other,2.2430073144406037,-0.8871613410284316
Cutoff +2m,2,131,2024 Q3,2025 Q1,gdp_growth,2,1.4954635717829654,MIDAS-Latent,2025-03-31,Other,2.2430073144406037,-0.7475437426576383
Cutoff +2m,2,131,2024 Q3,2025 Q1,gdp_growth,2,1.3502842171332174,AR(2),2025-03-31,Other,2.2430073144406037,-0.8927230973073863
Cutoff +2m,2,131,2024 Q3,2025 Q2,gdp_growth,3,1.6277193240987118,MF-VAR,2025-06-30,Other,-0.09620412701139004,1.7239234511101018
Cutoff +2m,2,131,2024 Q3,2025 Q2,gdp_growth,3,1.2105262888611092,MIDAS (trend),2025-06-30,Other,-0.09620412701139004,1.3067304158724993
Cutoff +2m,2,131,2024 Q3,2025 Q2,gdp_growth,3,1.617708699213098,MIDAS,2025-06-30,Other,-0.09620412701139004,1.713912826224488
Cutoff +2m,2,131,2024 Q3,2025 Q2,gdp_growth,3,1.3279016733241489,MIDAS-Latent (trend),2025-06-30,Other,-0.09620412701139004,1.424105800335539
Cutoff +2m,2,131,2024 Q3,2025 Q2,gdp_growth,3,1.4797651781991426,MIDAS-Latent,2025-06-30,Other,-0.09620412701139004,1.5759693052105326
Cutoff +2m,2,131,2024 Q3,2025 Q2,gdp_growth,3,1.3603955818547768,AR(2),2025-06-30,Other,-0.09620412701139004,1.4565997088661669
Cutoff +2m,2,131,2024 Q3,2025 Q3,gdp_growth,4,1.2138130693052565,MF-VAR,2025-09-30,1-year ahead,-0.3289627178062915,1.542775787111548
Cutoff +2m,2,131,2024 Q3,2025 Q3,gdp_growth,4,1.238546078286125,MIDAS (trend),2025-09-30,1-year ahead,-0.3289627178062915,1.5675087960924166
Cutoff +2m,2,131,2024 Q3,2025 Q3,gdp_growth,4,1.6511541534505172,MIDAS,2025-09-30,1-year ahead,-0.3289627178062915,1.980116871256809
Cutoff +2m,2,131,2024 Q3,2025 Q3,gdp_growth,4,1.3243278990579523,MIDAS-Latent (trend),2025-09-30,1-year ahead,-0.3289627178062915,1.6532906168642438
Cutoff +2m,2,131,2024 Q3,2025 Q3,gdp_growth,4,1.4784769498881625,MIDAS-Latent,2025-09-30,1-year ahead,-0.3289627178062915,1.807439667694454
Cutoff +2m,2,131,2024 Q3,2025 Q3,gdp_growth,4,2.4990426714488465,AR(2),2025-09-30,1-year ahead,-0.3289627178062915,2.828005389255138
Cutoff +2m,2,131,2024 Q3,2024 Q4,inflation,1,-1.3296784332437164,MF-VAR,2024-12-31,1-step ahead,-0.02527507775411663,-1.3044033554895995
Cutoff +2m,2,131,2024 Q3,2024 Q4,inflation,1,0.7490385517979269,MIDAS (trend),2024-12-31,1-step ahead,-0.02527507775411663,0.7743136295520435
Cutoff +2m,2,131,2024 Q3,2024 Q4,inflation,1,0.9479932211843016,MIDAS,2024-12-31,1-step ahead,-0.02527507775411663,0.9732682989384184
Cutoff +2m,2,131,2024 Q3,2024 Q4,inflation,1,0.8151130169328661,MIDAS-Latent (trend),2024-12-31,1-step ahead,-0.02527507775411663,0.8403880946869827
Cutoff +2m,2,131,2024 Q3,2024 Q4,inflation,1,1.1389911438298044,MIDAS-Latent,2024-12-31,1-step ahead,-0.02527507775411663,1.164266221583921
Cutoff +2m,2,131,2024 Q3,2024 Q4,inflation,1,0.31545276807402567,AR(2),2024-12-31,1-step ahead,-0.02527507775411663,0.3407278458281423
Cutoff +2m,2,131,2024 Q3,2025 Q1,inflation,2,-1.320889494115434,MF-VAR,2025-03-31,Other,0.02047944028120696,-1.3413689343966408
Cutoff +2m,2,131,2024 Q3,2025 Q1,inflation,2,0.29012807160312815,MIDAS (trend),2025-03-31,Other,0.02047944028120696,0.2696486313219212
Cutoff +2m,2,131,2024 Q3,2025 Q1,inflation,2,0.47103854632146247,MIDAS,2025-03-31,Other,0.02047944028120696,0.4505591060402555
Cutoff +2m,2,131,2024 Q3,2025 Q1,inflation,2,0.7738660471865548,MIDAS-Latent (trend),2025-03-31,Other,0.02047944028120696,0.7533866069053479
Cutoff +2m,2,131,2024 Q3,2025 Q1,inflation,2,1.0521817594356928,MIDAS-Latent,2025-03-31,Other,0.02047944028120696,1.0317023191544858
Cutoff +2m,2,131,2024 Q3,2025 Q1,inflation,2,0.28895837688022913,AR(2),2025-03-31,Other,0.02047944028120696,0.26847893659902217
Cutoff +2m,2,131,2024 Q3,2025 Q2,inflation,3,-0.6898195004546366,MF-VAR,2025-06-30,Other,0.08229123314116293,-0.7721107335957995
Cutoff +2m,2,131,2024 Q3,2025 Q2,inflation,3,0.5602219092419453,MIDAS (trend),2025-06-30,Other,0.08229123314116293,0.4779306761007823
Cutoff +2m,2,131,2024 Q3,2025 Q2,inflation,3,0.8354561590524101,MIDAS,2025-06-30,Other,0.08229123314116293,0.7531649259112472
Cutoff +2m,2,131,2024 Q3,2025 Q2,inflation,3,0.7897848975467444,MIDAS-Latent (trend),2025-06-30,Other,0.08229123314116293,0.7074936644055815
Cutoff +2m,2,131,2024 Q3,2025 Q2,inflation,3,1.1225251740513988,MIDAS-Latent,2025-06-30,Other,0.08229123314116293,1.040233940910236
Cutoff +2m,2,131,2024 Q3,2025 Q2,inflation,3,0.30382417422044655,AR(2),2025-06-30,Other,0.08229123314116293,0.2215329410792836
Cutoff +2m,2,131,2024 Q3,2025 Q3,inflation,4,-0.6224698381445335,MF-VAR,2025-09-30,1-year ahead,0.6122884651894367,-1.2347583033339702
Cutoff +2m,2,131,2024 Q3,2025 Q3,inflation,4,0.37906711939198257,MIDAS (trend),2025-09-30,1-year ahead,0.6122884651894367,-0.23322134579745413
Cutoff +2m,2,131,2024 Q3,2025 Q3,inflation,4,0.6427932357881682,MIDAS,2025-09-30,1-year ahead,0.6122884651894367,0.03050477059873146
Cutoff +2m,2,131,2024 Q3,2025 Q3,inflation,4,0.7838306351054055,MIDAS-Latent (trend),2025-09-30,1-year ahead,0.6122884651894367,0.17154216991596882
Cutoff +2m,2,131,2024 Q3,2025 Q3,inflation,4,1.1169390375495398,MIDAS-Latent,2025-09-30,1-year ahead,0.6122884651894367,0.5046505723601031
Cutoff +2m,2,131,2024 Q3,2025 Q3,inflation,4,0.23832747999870577,AR(2),2025-09-30,1-year ahead,0.6122884651894367,-0.37396098519073095
