variable,step_ahead,prediction,model,actual,fold,quarter_end,horizon,error
gdp_growth,1,NA,MF-VAR,3.74855691333309,8,1994-03-31,1-step ahead,NA
inflation,1,NA,MF-VAR,0.2316249540410098,8,1994-03-31,1-step ahead,NA
exch_rate,1,NA,MF-VAR,0.49062663469904627,8,1994-03-31,1-step ahead,NA
gdp_growth,1,1.5910361081233004,AR(2),3.74855691333309,8,1994-03-31,1-step ahead,-2.1575208052097894
inflation,1,3.0438353624665386,AR(2),0.2316249540410098,8,1994-03-31,1-step ahead,2.812210408425529
exch_rate,1,0.5413289121893547,AR(2),0.49062663469904627,8,1994-03-31,1-step ahead,0.05070227749030848
gdp_growth,1,4.277832129753516,RW-trend,3.74855691333309,8,1994-03-31,1-step ahead,0.5292752164204257
inflation,1,1.1163542706076632,RW-trend,0.2316249540410098,8,1994-03-31,1-step ahead,0.8847293165666534
exch_rate,1,0.4956928013539795,RW-trend,0.49062663469904627,8,1994-03-31,1-step ahead,0.005066166654933202
gdp_growth,1,NA,MIDAS (trend),3.74855691333309,8,1994-03-31,1-step ahead,NA
inflation,1,NA,MIDAS (trend),0.2316249540410098,8,1994-03-31,1-step ahead,NA
exch_rate,1,NA,MIDAS (trend),0.49062663469904627,8,1994-03-31,1-step ahead,NA
gdp_growth,1,11.158089949651803,MIDAS,3.74855691333309,8,1994-03-31,1-step ahead,7.409533036318713
inflation,1,6.256507632691643,MIDAS,0.2316249540410098,8,1994-03-31,1-step ahead,6.024882678650633
exch_rate,1,0.5047573398624825,MIDAS,0.49062663469904627,8,1994-03-31,1-step ahead,0.01413070516343623
gdp_growth,1,NA,MF-VAR,-2.2251281429603864,9,1994-06-30,1-step ahead,NA
inflation,1,NA,MF-VAR,-0.5447768581269941,9,1994-06-30,1-step ahead,NA
exch_rate,1,NA,MF-VAR,0.49302741517928506,9,1994-06-30,1-step ahead,NA
gdp_growth,1,2.0233460406370862,AR(2),-2.2251281429603864,9,1994-06-30,1-step ahead,4.248474183597473
inflation,1,1.748315580176308,AR(2),-0.5447768581269941,9,1994-06-30,1-step ahead,2.293092438303302
exch_rate,1,0.518851142546949,AR(2),0.49302741517928506,9,1994-06-30,1-step ahead,0.025823727367663918
gdp_growth,1,4.509289459629429,RW-trend,-2.2251281429603864,9,1994-06-30,1-step ahead,6.734417602589815
inflation,1,-0.2977610271773503,RW-trend,-0.5447768581269941,9,1994-06-30,1-step ahead,0.24701583094964374
exch_rate,1,0.4707491326987092,RW-trend,0.49302741517928506,9,1994-06-30,1-step ahead,-0.02227828248057584
gdp_growth,1,15.791587121875656,MIDAS (trend),-2.2251281429603864,9,1994-06-30,1-step ahead,18.016715264836044
inflation,1,-3.856807721864937,MIDAS (trend),-0.5447768581269941,9,1994-06-30,1-step ahead,-3.312030863737943
exch_rate,1,0.3863060123464083,MIDAS (trend),0.49302741517928506,9,1994-06-30,1-step ahead,-0.10672140283287673
gdp_growth,1,1.1365099909440242,MIDAS,-2.2251281429603864,9,1994-06-30,1-step ahead,3.3616381339044104
inflation,1,2.275767475369072,MIDAS,-0.5447768581269941,9,1994-06-30,1-step ahead,2.8205443334960663
exch_rate,1,0.4351037104652991,MIDAS,0.49302741517928506,9,1994-06-30,1-step ahead,-0.057923704713985946
exch_rate,1,0.4838944372109864,MF-VAR,0.4756075376991414,10,1994-09-30,1-step ahead,0.008286899511845025
gdp_growth,1,-1.0882837327725354,MF-VAR,4.353598153576144,10,1994-09-30,1-step ahead,-5.441881886348679
inflation,1,-0.6116856724696138,MF-VAR,1.1744264603709809,10,1994-09-30,1-step ahead,-1.7861121328405947
gdp_growth,1,-0.18597917349862692,AR(2),4.353598153576144,10,1994-09-30,1-step ahead,-4.53957732707477
inflation,1,0.7698392074864351,AR(2),1.1744264603709809,10,1994-09-30,1-step ahead,-0.4045872528845458
exch_rate,1,0.5057742315634928,AR(2),0.4756075376991414,10,1994-09-30,1-step ahead,0.03016669386435139
gdp_growth,1,-2.3061977969877745,RW-trend,4.353598153576144,10,1994-09-30,1-step ahead,-6.659795950563918
inflation,1,-1.1050398182140597,RW-trend,1.1744264603709809,10,1994-09-30,1-step ahead,-2.2794662785850406
exch_rate,1,0.47593469848902,RW-trend,0.4756075376991414,10,1994-09-30,1-step ahead,3.271607898786e-4
gdp_growth,1,4.6352125294337245,MIDAS (trend),4.353598153576144,10,1994-09-30,1-step ahead,0.28161437585758087
inflation,1,-1.602003202194877,MIDAS (trend),1.1744264603709809,10,1994-09-30,1-step ahead,-2.7764296625658575
exch_rate,1,0.49058171449538107,MIDAS (trend),0.4756075376991414,10,1994-09-30,1-step ahead,0.014974176796239691
gdp_growth,1,-3.162824242336836,MIDAS,4.353598153576144,10,1994-09-30,1-step ahead,-7.516422395912979
inflation,1,-0.7091723363364786,MIDAS,1.1744264603709809,10,1994-09-30,1-step ahead,-1.8835987967074594
exch_rate,1,0.49347087710211246,MIDAS,0.4756075376991414,10,1994-09-30,1-step ahead,0.01786333940297108
exch_rate,1,0.4734806348081485,MF-VAR,0.47438893119561715,11,1994-12-31,1-step ahead,-9.082963874686434e-4
gdp_growth,1,3.297800371429353,MF-VAR,3.3420615140443033,11,1994-12-31,1-step ahead,-0.04426114261495018
inflation,1,1.2006803536457686,MF-VAR,1.055330291338663,11,1994-12-31,1-step ahead,0.14535006230710557
gdp_growth,1,1.5341601825755462,AR(2),3.3420615140443033,11,1994-12-31,1-step ahead,-1.807901331468757
inflation,1,1.8800159476765004,AR(2),1.055330291338663,11,1994-12-31,1-step ahead,0.8246856563378373
exch_rate,1,0.4917334736425764,AR(2),0.47438893119561715,11,1994-12-31,1-step ahead,0.017344542446959266
gdp_growth,1,5.012505827389191,RW-trend,3.3420615140443033,11,1994-12-31,1-step ahead,1.6704443133448876
inflation,1,0.8674375312378085,RW-trend,1.055330291338663,11,1994-12-31,1-step ahead,-0.18789276010085454
exch_rate,1,0.4584784698100009,RW-trend,0.47438893119561715,11,1994-12-31,1-step ahead,-0.015910461385616248
gdp_growth,1,8.81788537943484,MIDAS (trend),3.3420615140443033,11,1994-12-31,1-step ahead,5.475823865390536
inflation,1,-0.293342853799173,MIDAS (trend),1.055330291338663,11,1994-12-31,1-step ahead,-1.3486731451378362
exch_rate,1,0.44272229649879613,MIDAS (trend),0.47438893119561715,11,1994-12-31,1-step ahead,-0.03166663469682102
gdp_growth,1,2.5037913622484114,MIDAS,3.3420615140443033,11,1994-12-31,1-step ahead,-0.8382701517958919
inflation,1,1.6328441256576898,MIDAS,1.055330291338663,11,1994-12-31,1-step ahead,0.5775138343190267
exch_rate,1,0.4357683077512181,MIDAS,0.47438893119561715,11,1994-12-31,1-step ahead,-0.03862062344439904
exch_rate,1,0.469126550444259,MF-VAR,0.4576246069424423,12,1995-03-31,1-step ahead,0.011501943501816714
gdp_growth,1,3.1949586455000527,MF-VAR,-0.6635878047042354,12,1995-03-31,1-step ahead,3.858546450204288
inflation,1,1.064535162049834,MF-VAR,3.627756531221493,12,1995-03-31,1-step ahead,-2.563221369171659
gdp_growth,1,1.4280653504240646,AR(2),-0.6635878047042354,12,1995-03-31,1-step ahead,2.0916531551283
inflation,1,1.4289007303650745,AR(2),3.627756531221493,12,1995-03-31,1-step ahead,-2.1988558008564185
exch_rate,1,0.4838924905425338,AR(2),0.4576246069424423,12,1995-03-31,1-step ahead,0.026267883600091524
gdp_growth,1,3.833924756522862,RW-trend,-0.6635878047042354,12,1995-03-31,1-step ahead,4.497512561227097
inflation,1,0.7671306382155763,RW-trend,3.627756531221493,12,1995-03-31,1-step ahead,-2.860625893005917
exch_rate,1,0.45885090944503826,RW-trend,0.4576246069424423,12,1995-03-31,1-step ahead,0.0012263025025959773
gdp_growth,1,3.949944463824508,MIDAS (trend),-0.6635878047042354,12,1995-03-31,1-step ahead,4.613532268528743
inflation,1,-1.9172108756853237,MIDAS (trend),3.627756531221493,12,1995-03-31,1-step ahead,-5.544967406906817
exch_rate,1,0.43359385267980094,MIDAS (trend),0.4576246069424423,12,1995-03-31,1-step ahead,-0.02403075426264134
gdp_growth,1,-2.8609430429311136,MIDAS,-0.6635878047042354,12,1995-03-31,1-step ahead,-2.197355238226878
inflation,1,0.5427260197889375,MIDAS,3.627756531221493,12,1995-03-31,1-step ahead,-3.0850305114325556
exch_rate,1,0.4140171844233504,MIDAS,0.4576246069424423,12,1995-03-31,1-step ahead,-0.04360742251909189
exch_rate,1,0.4554175602068679,MF-VAR,0.42977118753645815,13,1995-06-30,1-step ahead,0.025646372670409756
gdp_growth,1,-0.6058505060287583,MF-VAR,1.1653709363628195,13,1995-06-30,1-step ahead,-1.7712214423915777
inflation,1,3.6308221766461832,MF-VAR,1.709016497058613,13,1995-06-30,1-step ahead,1.9218056795875702
gdp_growth,1,-0.001595969325366986,AR(2),1.1653709363628195,13,1995-06-30,1-step ahead,-1.1669669056881866
inflation,1,2.8440402599415515,AR(2),1.709016497058613,13,1995-06-30,1-step ahead,1.1350237628829385
exch_rate,1,0.47139017479818485,AR(2),0.42977118753645815,13,1995-06-30,1-step ahead,0.04161898726172669
gdp_growth,1,-0.5805893405190495,RW-trend,1.1653709363628195,13,1995-06-30,1-step ahead,-1.7459602768818692
inflation,1,3.5996137774625807,RW-trend,1.709016497058613,13,1995-06-30,1-step ahead,1.8905972804039677
exch_rate,1,0.4419751031461729,RW-trend,0.42977118753645815,13,1995-06-30,1-step ahead,0.012203915609714733
gdp_growth,1,4.279635926831876,MIDAS (trend),1.1653709363628195,13,1995-06-30,1-step ahead,3.1142649904690565
inflation,1,3.0944815530483023,MIDAS (trend),1.709016497058613,13,1995-06-30,1-step ahead,1.3854650559896893
exch_rate,1,0.4493056833300847,MIDAS (trend),0.42977118753645815,13,1995-06-30,1-step ahead,0.01953449579362654
gdp_growth,1,-1.2136980000187187,MIDAS,1.1653709363628195,13,1995-06-30,1-step ahead,-2.3790689363815383
inflation,1,3.078055525181303,MIDAS,1.709016497058613,13,1995-06-30,1-step ahead,1.3690390281226898
exch_rate,1,0.44833857759362494,MIDAS,0.42977118753645815,13,1995-06-30,1-step ahead,0.018567390057166788
exch_rate,1,0.4206382095681596,MF-VAR,0.43779762766869107,14,1995-09-30,1-step ahead,-0.017159418100531454
gdp_growth,1,2.3022153465506703,MF-VAR,3.7876735406413786,14,1995-09-30,1-step ahead,-1.4854581940907083
inflation,1,1.6421076827159933,MF-VAR,1.4504842595350453,14,1995-09-30,1-step ahead,0.19162342318094794
gdp_growth,1,2.2061232821280345,AR(2),3.7876735406413786,14,1995-09-30,1-step ahead,-1.581550258513344
inflation,1,2.02963690903083,AR(2),1.4504842595350453,14,1995-09-30,1-step ahead,0.5791526494957848
exch_rate,1,0.4442723163112519,AR(2),0.43779762766869107,14,1995-09-30,1-step ahead,0.006474688642560844
gdp_growth,1,1.3938660902881614,RW-trend,3.7876735406413786,14,1995-09-30,1-step ahead,-2.393807450353217
inflation,1,1.523323969932703,RW-trend,1.4504842595350453,14,1995-09-30,1-step ahead,0.07283971039765769
exch_rate,1,0.4131046907727125,RW-trend,0.43779762766869107,14,1995-09-30,1-step ahead,-0.024692936895978568
gdp_growth,1,9.974794884924748,MIDAS (trend),3.7876735406413786,14,1995-09-30,1-step ahead,6.187121344283369
inflation,1,1.2303075512158341,MIDAS (trend),1.4504842595350453,14,1995-09-30,1-step ahead,-0.2201767083192112
exch_rate,1,0.41965824884710123,MIDAS (trend),0.43779762766869107,14,1995-09-30,1-step ahead,-0.018139378821589835
gdp_growth,1,3.955088462664221,MIDAS,3.7876735406413786,14,1995-09-30,1-step ahead,0.16741492202284247
inflation,1,1.919528455672788,MIDAS,1.4504842595350453,14,1995-09-30,1-step ahead,0.46904419613774273
exch_rate,1,0.417177356832943,MIDAS,0.43779762766869107,14,1995-09-30,1-step ahead,-0.020620270835748078
exch_rate,1,0.4356707247776982,MF-VAR,0.41555591682683857,15,1995-12-31,1-step ahead,0.020114807950859626
gdp_growth,1,2.731875758494588,MF-VAR,0.3974617677187098,15,1995-12-31,1-step ahead,2.3344139907758783
inflation,1,1.4767381528098331,MF-VAR,0.7191488038255756,15,1995-12-31,1-step ahead,0.7575893489842576
gdp_growth,1,1.544618795855228,AR(2),0.3974617677187098,15,1995-12-31,1-step ahead,1.1471570281365182
inflation,1,1.760594345590808,AR(2),0.7191488038255756,15,1995-12-31,1-step ahead,1.0414455417652324
exch_rate,1,0.4509467143485508,AR(2),0.41555591682683857,15,1995-12-31,1-step ahead,0.03539079752171226
gdp_growth,1,4.200307729209276,RW-trend,0.3974617677187098,15,1995-12-31,1-step ahead,3.802845961490566
inflation,1,1.2591886777631618,RW-trend,0.7191488038255756,15,1995-12-31,1-step ahead,0.5400398739375862
exch_rate,1,0.4230305875892515,RW-trend,0.41555591682683857,15,1995-12-31,1-step ahead,0.007474670762412927
gdp_growth,1,3.4899859347495386,MIDAS (trend),0.3974617677187098,15,1995-12-31,1-step ahead,3.0925241670308288
inflation,1,1.2024904601702238,MIDAS (trend),0.7191488038255756,15,1995-12-31,1-step ahead,0.4833416563446482
exch_rate,1,0.4123403397421183,MIDAS (trend),0.41555591682683857,15,1995-12-31,1-step ahead,-0.003215577084720256
gdp_growth,1,2.0603190052243727,MIDAS,0.3974617677187098,15,1995-12-31,1-step ahead,1.662857237505663
inflation,1,1.5944915387334488,MIDAS,0.7191488038255756,15,1995-12-31,1-step ahead,0.8753427349078733
exch_rate,1,0.43062483215519404,MIDAS,0.41555591682683857,15,1995-12-31,1-step ahead,0.01506891532835547
exch_rate,1,0.4102935360754804,MF-VAR,0.4266393433395709,16,1996-03-31,1-step ahead,-0.01634580726409046
gdp_growth,1,0.2503588991744591,MF-VAR,0.1246384602275441,16,1996-03-31,1-step ahead,0.12572043894691498
inflation,1,0.7283536745367468,MF-VAR,0.4600784679645642,16,1996-03-31,1-step ahead,0.2682752065721826
gdp_growth,1,0.40319693611428187,AR(2),0.1246384602275441,16,1996-03-31,1-step ahead,0.27855847588673777
inflation,1,1.3715407846051366,AR(2),0.4600784679645642,16,1996-03-31,1-step ahead,0.9114623166405724
exch_rate,1,0.4286572938899068,AR(2),0.4266393433395709,16,1996-03-31,1-step ahead,0.002017950550335934
gdp_growth,1,0.5384641018944234,RW-trend,0.1246384602275441,16,1996-03-31,1-step ahead,0.4138256416668793
inflation,1,0.48927894534386446,RW-trend,0.4600784679645642,16,1996-03-31,1-step ahead,0.02920047737930026
exch_rate,1,0.4002549716929409,RW-trend,0.4266393433395709,16,1996-03-31,1-step ahead,-0.02638437164662999
gdp_growth,1,3.5175700714167544,MIDAS (trend),0.1246384602275441,16,1996-03-31,1-step ahead,3.3929316111892103
inflation,1,1.9252513806824496,MIDAS (trend),0.4600784679645642,16,1996-03-31,1-step ahead,1.4651729127178854
exch_rate,1,0.41331761161184133,MIDAS (trend),0.4266393433395709,16,1996-03-31,1-step ahead,-0.013321731727729547
gdp_growth,1,1.8719530542025353,MIDAS,0.1246384602275441,16,1996-03-31,1-step ahead,1.7473145939749912
inflation,1,2.295762542581604,MIDAS,0.4600784679645642,16,1996-03-31,1-step ahead,1.8356840746170398
exch_rate,1,0.4116297107376954,MIDAS,0.4266393433395709,16,1996-03-31,1-step ahead,-0.015009632601875489
exch_rate,1,0.42443229660399645,MF-VAR,0.44464868178464284,17,1996-06-30,1-step ahead,-0.02021638518064639
gdp_growth,1,0.18237575890302116,MF-VAR,1.9781977843727816,17,1996-06-30,1-step ahead,-1.7958220254697603
inflation,1,0.46314411338925426,MF-VAR,0.6824403766703568,17,1996-06-30,1-step ahead,-0.21929626328110258
gdp_growth,1,0.694297226405411,AR(2),1.9781977843727816,17,1996-06-30,1-step ahead,-1.2839005579673706
inflation,1,1.147628667031025,AR(2),0.6824403766703568,17,1996-06-30,1-step ahead,0.4651882903606681
exch_rate,1,0.43481210662542585,AR(2),0.44464868178464284,17,1996-06-30,1-step ahead,-0.009836575159216987
gdp_growth,1,0.23805241829213256,RW-trend,1.9781977843727816,17,1996-06-30,1-step ahead,-1.740145366080649
inflation,1,0.22826191099089974,RW-trend,0.6824403766703568,17,1996-06-30,1-step ahead,-0.4541784656794571
exch_rate,1,0.4130973563154485,RW-trend,0.44464868178464284,17,1996-06-30,1-step ahead,-0.031551325469194313
gdp_growth,1,2.8820990305678964,MIDAS (trend),1.9781977843727816,17,1996-06-30,1-step ahead,0.9039012461951148
inflation,1,0.416968234556349,MIDAS (trend),0.6824403766703568,17,1996-06-30,1-step ahead,-0.2654721421140078
exch_rate,1,0.3936069348485745,MIDAS (trend),0.44464868178464284,17,1996-06-30,1-step ahead,-0.05104174693606833
gdp_growth,1,2.060917785113758,MIDAS,1.9781977843727816,17,1996-06-30,1-step ahead,0.0827200007409763
inflation,1,0.8727817312512165,MIDAS,0.6824403766703568,17,1996-06-30,1-step ahead,0.19034135458085966
exch_rate,1,0.4258845501569536,MIDAS,0.44464868178464284,17,1996-06-30,1-step ahead,-0.01876413162768925
exch_rate,1,0.4355157038163442,MF-VAR,0.4431215841999057,18,1996-09-30,1-step ahead,-0.007605880383561525
gdp_growth,1,3.1150421945606324,MF-VAR,-2.471443453139699,18,1996-09-30,1-step ahead,5.586485647700331
inflation,1,0.6155315623277371,MF-VAR,0.6145370487018909,18,1996-09-30,1-step ahead,9.945136258462384e-4
gdp_growth,1,2.4803932033429437,AR(2),-2.471443453139699,18,1996-09-30,1-step ahead,4.951836656482643
inflation,1,1.1169367887378088,AR(2),0.6145370487018909,18,1996-09-30,1-step ahead,0.5023997400359179
exch_rate,1,0.43975308695516324,AR(2),0.4431215841999057,18,1996-09-30,1-step ahead,-0.0033684972447424744
gdp_growth,1,2.2003708278174106,RW-trend,-2.471443453139699,18,1996-09-30,1-step ahead,4.6718142809571095
inflation,1,0.47900997380165844,RW-trend,0.6145370487018909,18,1996-09-30,1-step ahead,-0.1355270749002324
exch_rate,1,0.4330786526023452,RW-trend,0.4431215841999057,18,1996-09-30,1-step ahead,-0.010042931597560534
gdp_growth,1,2.8596044075947433,MIDAS (trend),-2.471443453139699,18,1996-09-30,1-step ahead,5.331047860734442
inflation,1,0.534228981567499,MIDAS (trend),0.6145370487018909,18,1996-09-30,1-step ahead,-0.08030806713439187
exch_rate,1,0.43637202635259803,MIDAS (trend),0.4431215841999057,18,1996-09-30,1-step ahead,-0.006749557847307686
gdp_growth,1,2.287317508402567,MIDAS,-2.471443453139699,18,1996-09-30,1-step ahead,4.758760961542266
inflation,1,0.9844588138184347,MIDAS,0.6145370487018909,18,1996-09-30,1-step ahead,0.36992176511654384
exch_rate,1,0.44658377665616594,MIDAS,0.4431215841999057,18,1996-09-30,1-step ahead,0.003462192456260227
exch_rate,1,0.44099468130891284,MF-VAR,0.48456087928450653,19,1996-12-31,1-step ahead,-0.04356619797559369
gdp_growth,1,-3.52724123528649,MF-VAR,1.061241165095339,19,1996-12-31,1-step ahead,-4.588482400381829
inflation,1,0.6407909419766785,MF-VAR,1.1158778238982592,19,1996-12-31,1-step ahead,-0.47508688192158066
gdp_growth,1,-0.31010934875577856,AR(2),1.061241165095339,19,1996-12-31,1-step ahead,-1.3713505138511177
inflation,1,1.0958063029020217,AR(2),1.1158778238982592,19,1996-12-31,1-step ahead,-0.020071520996237435
exch_rate,1,0.44349209903142595,AR(2),0.48456087928450653,19,1996-12-31,1-step ahead,-0.04106878025308058
gdp_growth,1,-2.524083014457253,RW-trend,1.061241165095339,19,1996-12-31,1-step ahead,-3.585324179552592
inflation,1,0.41907882670967667,RW-trend,1.1158778238982592,19,1996-12-31,1-step ahead,-0.6967989971885825
exch_rate,1,0.4321423156998175,RW-trend,0.48456087928450653,19,1996-12-31,1-step ahead,-0.05241856358468905
gdp_growth,1,1.471079225372602,MIDAS (trend),1.061241165095339,19,1996-12-31,1-step ahead,0.4098380602772629
inflation,1,0.39510422544380835,MIDAS (trend),1.1158778238982592,19,1996-12-31,1-step ahead,-0.7207735984544508
exch_rate,1,0.4167393787425103,MIDAS (trend),0.48456087928450653,19,1996-12-31,1-step ahead,-0.0678215005419962
gdp_growth,1,1.9437188770146105,MIDAS,1.061241165095339,19,1996-12-31,1-step ahead,0.8824777119192715
inflation,1,1.2670563970434165,MIDAS,1.1158778238982592,19,1996-12-31,1-step ahead,0.15117857314515737
exch_rate,1,0.4231628811562991,MIDAS,0.48456087928450653,19,1996-12-31,1-step ahead,-0.061397998128207454
exch_rate,1,0.4792984985331485,MF-VAR,0.5245656355886996,20,1997-03-31,1-step ahead,-0.04526713705555113
gdp_growth,1,0.9141382965510884,MF-VAR,4.092314119971974,20,1997-03-31,1-step ahead,-3.1781758234208852
inflation,1,1.1250826946094301,MF-VAR,0.5969015496621211,20,1997-03-31,1-step ahead,0.5281811449473091
gdp_growth,1,0.9100352561432276,AR(2),4.092314119971974,20,1997-03-31,1-step ahead,-3.182278863828746
inflation,1,1.3298935044510642,AR(2),0.5969015496621211,20,1997-03-31,1-step ahead,0.7329919547889432
exch_rate,1,0.4689371516977544,AR(2),0.5245656355886996,20,1997-03-31,1-step ahead,-0.05562848389094521
gdp_growth,1,1.207786280419596,RW-trend,4.092314119971974,20,1997-03-31,1-step ahead,-2.8845278395523777
inflation,1,0.9591306573054107,RW-trend,0.5969015496621211,20,1997-03-31,1-step ahead,0.36222910764328964
exch_rate,1,0.4764937532057899,RW-trend,0.5245656355886996,20,1997-03-31,1-step ahead,-0.048071882382909714
gdp_growth,1,3.0932111803735016,MIDAS (trend),4.092314119971974,20,1997-03-31,1-step ahead,-0.9991029395984721
inflation,1,0.10966627017111566,MIDAS (trend),0.5969015496621211,20,1997-03-31,1-step ahead,-0.4872352794910054
exch_rate,1,0.5238243820439218,MIDAS (trend),0.5245656355886996,20,1997-03-31,1-step ahead,-7.412535447778312e-4
gdp_growth,1,3.4208949601016942,MIDAS,4.092314119971974,20,1997-03-31,1-step ahead,-0.6714191598702794
inflation,1,0.8243105692026272,MIDAS,0.5969015496621211,20,1997-03-31,1-step ahead,0.22740901954050619
exch_rate,1,0.4887752948644152,MIDAS,0.5245656355886996,20,1997-03-31,1-step ahead,-0.03579034072428444
exch_rate,1,0.5223585888531252,MF-VAR,0.502282944390428,21,1997-06-30,1-step ahead,0.020075644462697273
gdp_growth,1,4.15005141864745,MF-VAR,1.0213133783210537,21,1997-06-30,1-step ahead,3.1287380403263967
inflation,1,0.5999671950868111,MF-VAR,-0.16525865067507084,21,1997-06-30,1-step ahead,0.7652258457618819
gdp_growth,1,1.5454039735107372,AR(2),1.0213133783210537,21,1997-06-30,1-step ahead,0.5240905951896835
inflation,1,1.065060537609681,AR(2),-0.16525865067507084,21,1997-06-30,1-step ahead,1.2303191882847517
exch_rate,1,0.5014540759898807,AR(2),0.502282944390428,21,1997-06-30,1-step ahead,-8.288684005473002e-4
gdp_growth,1,4.390676490009514,RW-trend,1.0213133783210537,21,1997-06-30,1-step ahead,3.36936311168846
inflation,1,0.42108969319331,RW-trend,-0.16525865067507084,21,1997-06-30,1-step ahead,0.5863483438683809
exch_rate,1,0.5190286085827677,RW-trend,0.502282944390428,21,1997-06-30,1-step ahead,0.016745664192339693
gdp_growth,1,3.3150795134640325,MIDAS (trend),1.0213133783210537,21,1997-06-30,1-step ahead,2.293766135142979
inflation,1,-0.1645869320788409,MIDAS (trend),-0.16525865067507084,21,1997-06-30,1-step ahead,6.717185962299421e-4
exch_rate,1,0.5764126412074958,MIDAS (trend),0.502282944390428,21,1997-06-30,1-step ahead,0.07412969681706782
gdp_growth,1,3.478670066258326,MIDAS,1.0213133783210537,21,1997-06-30,1-step ahead,2.4573566879372724
inflation,1,0.4027407934227837,MIDAS,-0.16525865067507084,21,1997-06-30,1-step ahead,0.5679994440978545
exch_rate,1,0.5264060179097902,MIDAS,0.502282944390428,21,1997-06-30,1-step ahead,0.02412307351936227
exch_rate,1,0.4931499664221293,MF-VAR,0.486105126179897,22,1997-09-30,1-step ahead,0.007044840242232342
gdp_growth,1,2.1581577885089045,MF-VAR,4.725957531537972,22,1997-09-30,1-step ahead,-2.5677997430290675
inflation,1,-0.23216746501769056,MF-VAR,0.31269965330587013,22,1997-09-30,1-step ahead,-0.5448671183235607
gdp_growth,1,1.4924558914553414,AR(2),4.725957531537972,22,1997-09-30,1-step ahead,-3.233501640082631
inflation,1,0.5318966523474205,AR(2),0.31269965330587013,22,1997-09-30,1-step ahead,0.21919699904155032
exch_rate,1,0.47637605362915736,AR(2),0.486105126179897,22,1997-09-30,1-step ahead,-0.009729072550739626
gdp_growth,1,1.1512075927741705,RW-trend,4.725957531537972,22,1997-09-30,1-step ahead,-3.5747499387638015
inflation,1,-0.37038792433730094,RW-trend,0.31269965330587013,22,1997-09-30,1-step ahead,-0.6830875776431711
exch_rate,1,0.49590863417487907,RW-trend,0.486105126179897,22,1997-09-30,1-step ahead,0.009803507994982086
gdp_growth,1,1.6082043606502372,MIDAS (trend),4.725957531537972,22,1997-09-30,1-step ahead,-3.1177531708877346
inflation,1,0.15832096158962153,MIDAS (trend),0.31269965330587013,22,1997-09-30,1-step ahead,-0.1543786917162486
exch_rate,1,0.5136952050159306,MIDAS (trend),0.486105126179897,22,1997-09-30,1-step ahead,0.027590078836033594
gdp_growth,1,2.040789735745629,MIDAS,4.725957531537972,22,1997-09-30,1-step ahead,-2.685167795792343
inflation,1,0.46946443455460773,MIDAS,0.31269965330587013,22,1997-09-30,1-step ahead,0.1567647812487376
exch_rate,1,0.5034527951518243,MIDAS,0.486105126179897,22,1997-09-30,1-step ahead,0.0173476689719273
exch_rate,1,0.4839782232889041,MF-VAR,0.475696784691281,23,1997-12-31,1-step ahead,0.008281438597623092
gdp_growth,1,3.6701597493911815,MF-VAR,2.2871723635603303,23,1997-12-31,1-step ahead,1.3829873858308512
inflation,1,0.33895354658065785,MF-VAR,0.5341144374629181,23,1997-12-31,1-step ahead,-0.19516089088226024
gdp_growth,1,1.584235260930773,AR(2),2.2871723635603303,23,1997-12-31,1-step ahead,-0.7029371026295572
inflation,1,0.7532473514615945,AR(2),0.5341144374629181,23,1997-12-31,1-step ahead,0.2191329139986764
exch_rate,1,0.4734534929504727,AR(2),0.475696784691281,23,1997-12-31,1-step ahead,-0.0022432917408083397
gdp_growth,1,5.02607793355127,RW-trend,2.2871723635603303,23,1997-12-31,1-step ahead,2.7389055699909397
inflation,1,0.14009835953141012,RW-trend,0.5341144374629181,23,1997-12-31,1-step ahead,-0.39401607793150795
exch_rate,1,0.4792639822503013,RW-trend,0.475696784691281,23,1997-12-31,1-step ahead,0.0035671975590202964
gdp_growth,1,-0.8752343041807323,MIDAS (trend),2.2871723635603303,23,1997-12-31,1-step ahead,-3.1624066677410627
inflation,1,0.7272115259197819,MIDAS (trend),0.5341144374629181,23,1997-12-31,1-step ahead,0.1930970884568638
exch_rate,1,0.46539629873255617,MIDAS (trend),0.475696784691281,23,1997-12-31,1-step ahead,-0.010300485958724848
gdp_growth,1,-0.825100290671076,MIDAS,2.2871723635603303,23,1997-12-31,1-step ahead,-3.1122726542314063
inflation,1,1.2866523442825246,MIDAS,0.5341144374629181,23,1997-12-31,1-step ahead,0.7525379068196065
exch_rate,1,0.46430788576164717,MIDAS,0.475696784691281,23,1997-12-31,1-step ahead,-0.01138889892963385
exch_rate,1,0.4704344039399229,MF-VAR,0.47224127536243055,24,1998-03-31,1-step ahead,-0.0018068714225076277
gdp_growth,1,2.1400694950160797,MF-VAR,4.903104266659852,24,1998-03-31,1-step ahead,-2.7630347716437726
inflation,1,0.5433193081740895,MF-VAR,-0.5132614778418088,24,1998-03-31,1-step ahead,1.0565807860158982
gdp_growth,1,0.9404694726651449,AR(2),4.903104266659852,24,1998-03-31,1-step ahead,-3.9626347939947073
inflation,1,0.8593782374748821,AR(2),-0.5132614778418088,24,1998-03-31,1-step ahead,1.3726397153166907
exch_rate,1,0.462734787621946,AR(2),0.47224127536243055,24,1998-03-31,1-step ahead,-0.00950648774048457
gdp_growth,1,2.462797057846767,RW-trend,4.903104266659852,24,1998-03-31,1-step ahead,-2.4403072088130853
inflation,1,0.37942296541261744,RW-trend,-0.5132614778418088,24,1998-03-31,1-step ahead,0.8926844432544262
exch_rate,1,0.4686934954180935,RW-trend,0.47224127536243055,24,1998-03-31,1-step ahead,-0.003547779944337026
gdp_growth,1,0.35894600048059255,MIDAS (trend),4.903104266659852,24,1998-03-31,1-step ahead,-4.5441582661792594
inflation,1,0.8169645072048459,MIDAS (trend),-0.5132614778418088,24,1998-03-31,1-step ahead,1.3302259850466547
exch_rate,1,0.4640964045541583,MIDAS (trend),0.47224127536243055,24,1998-03-31,1-step ahead,-0.008144870808272253
gdp_growth,1,-0.08523420762938645,MIDAS,4.903104266659852,24,1998-03-31,1-step ahead,-4.988338474289239
inflation,1,1.3216905761064712,MIDAS,-0.5132614778418088,24,1998-03-31,1-step ahead,1.83495205394828
exch_rate,1,0.46078853865455693,MIDAS,0.47224127536243055,24,1998-03-31,1-step ahead,-0.011452736707873612
exch_rate,1,0.4700342286268562,MF-VAR,0.49628003021229333,25,1998-06-30,1-step ahead,-0.026245801585437156
gdp_growth,1,4.960841565335329,MF-VAR,4.5994143516146835,25,1998-06-30,1-step ahead,0.36142721372064557
inflation,1,-0.5101958324171185,MF-VAR,-0.14811128794640638,25,1998-06-30,1-step ahead,-0.36208454447071214
gdp_growth,1,1.9611220139390015,AR(2),4.5994143516146835,25,1998-06-30,1-step ahead,-2.638292337675682
inflation,1,0.30071077204419666,AR(2),-0.14811128794640638,25,1998-06-30,1-step ahead,0.44882205999060304
exch_rate,1,0.4635761008153105,AR(2),0.49628003021229333,25,1998-06-30,1-step ahead,-0.032703929396982856
gdp_growth,1,5.184829274372945,RW-trend,4.5994143516146835,25,1998-06-30,1-step ahead,0.5854149227582619
inflation,1,-0.7067653169901279,RW-trend,-0.14811128794640638,25,1998-06-30,1-step ahead,-0.5586540290437215
exch_rate,1,0.46539223739117075,RW-trend,0.49628003021229333,25,1998-06-30,1-step ahead,-0.030887792821122584
gdp_growth,1,3.5361662589835965,MIDAS (trend),4.5994143516146835,25,1998-06-30,1-step ahead,-1.063248092631087
inflation,1,-1.0896234738924773,MIDAS (trend),-0.14811128794640638,25,1998-06-30,1-step ahead,-0.9415121859460709
exch_rate,1,0.47804795032844905,MIDAS (trend),0.49628003021229333,25,1998-06-30,1-step ahead,-0.018232079883844288
gdp_growth,1,3.1182784004980295,MIDAS,4.5994143516146835,25,1998-06-30,1-step ahead,-1.481135951116654
inflation,1,-0.5297816613150035,MIDAS,-0.14811128794640638,25,1998-06-30,1-step ahead,-0.3816703733685971
exch_rate,1,0.4745494817565523,MIDAS,0.49628003021229333,25,1998-06-30,1-step ahead,-0.021730548455741017
exch_rate,1,0.4871470522439947,MF-VAR,0.4956864319879097,26,1998-09-30,1-step ahead,-0.008539379743914999
gdp_growth,1,5.736258761802533,MF-VAR,-0.17282060565122492,26,1998-09-30,1-step ahead,5.909079367453758
inflation,1,-0.2150201022890261,MF-VAR,0.46677518942352947,26,1998-09-30,1-step ahead,-0.6817952917125556
gdp_growth,1,3.1171733839089066,AR(2),-0.17282060565122492,26,1998-09-30,1-step ahead,3.2899939895601316
inflation,1,0.28056468733808604,AR(2),0.46677518942352947,26,1998-09-30,1-step ahead,-0.18621050208544343
exch_rate,1,0.47579879520776225,AR(2),0.4956864319879097,26,1998-09-30,1-step ahead,-0.019887636780147433
gdp_growth,1,4.856747070879515,RW-trend,-0.17282060565122492,26,1998-09-30,1-step ahead,5.02956767653074
inflation,1,-0.3183378758845704,RW-trend,0.46677518942352947,26,1998-09-30,1-step ahead,-0.7851130653080999
exch_rate,1,0.4907179836085803,RW-trend,0.4956864319879097,26,1998-09-30,1-step ahead,-0.00496844837932936
gdp_growth,1,3.410213468201181,MIDAS (trend),-0.17282060565122492,26,1998-09-30,1-step ahead,3.583034073852406
inflation,1,-0.34464364482094434,MIDAS (trend),0.46677518942352947,26,1998-09-30,1-step ahead,-0.8114188342444738
exch_rate,1,0.4971229956741225,MIDAS (trend),0.4956864319879097,26,1998-09-30,1-step ahead,0.0014365636862128106
gdp_growth,1,2.897232906886713,MIDAS,-0.17282060565122492,26,1998-09-30,1-step ahead,3.070053512537938
inflation,1,-0.03854821565768336,MIDAS,0.46677518942352947,26,1998-09-30,1-step ahead,-0.5053234050812129
exch_rate,1,0.49137785804454975,MIDAS,0.4956864319879097,26,1998-09-30,1-step ahead,-0.004308573943359928
exch_rate,1,0.4935595290969168,MF-VAR,0.47034019778056635,27,1998-12-31,1-step ahead,0.023219331316350456
gdp_growth,1,-1.2286183877980157,MF-VAR,-1.2617001523089755,27,1998-12-31,1-step ahead,0.03308176451095979
inflation,1,0.49302908269831697,MF-VAR,-0.16886248927505676,27,1998-12-31,1-step ahead,0.6618915719733738
gdp_growth,1,0.40164000639531616,AR(2),-1.2617001523089755,27,1998-12-31,1-step ahead,1.6633401587042917
inflation,1,0.6883837870648101,AR(2),-0.16886248927505676,27,1998-12-31,1-step ahead,0.8572462763398668
exch_rate,1,0.4809876863322774,AR(2),0.47034019778056635,27,1998-12-31,1-step ahead,0.010647488551711048
gdp_growth,1,-0.11667059344762265,RW-trend,-1.2617001523089755,27,1998-12-31,1-step ahead,1.1450295588613528
inflation,1,0.3279531240976894,RW-trend,-0.16886248927505676,27,1998-12-31,1-step ahead,0.49681561337274616
exch_rate,1,0.49032312331936984,RW-trend,0.47034019778056635,27,1998-12-31,1-step ahead,0.019982925538803487
gdp_growth,1,1.5955884385286052,MIDAS (trend),-1.2617001523089755,27,1998-12-31,1-step ahead,2.8572885908375807
inflation,1,0.2913938559084193,MIDAS (trend),-0.16886248927505676,27,1998-12-31,1-step ahead,0.4602563451834761
exch_rate,1,0.4909335185521082,MIDAS (trend),0.47034019778056635,27,1998-12-31,1-step ahead,0.020593320771541856
gdp_growth,1,0.4802257888494568,MIDAS,-1.2617001523089755,27,1998-12-31,1-step ahead,1.7419259411584322
inflation,1,0.8696027538133884,MIDAS,-0.16886248927505676,27,1998-12-31,1-step ahead,1.0384652430884451
exch_rate,1,0.48327765441790194,MIDAS,0.47034019778056635,27,1998-12-31,1-step ahead,0.012937456637335587
exch_rate,1,0.4650778170292082,MF-VAR,0.46963082425534614,28,1999-03-31,1-step ahead,-0.0045530072261379395
gdp_growth,1,-1.4088030208532265,MF-VAR,0.48098429211833604,28,1999-03-31,1-step ahead,-1.8897873129715625
inflation,1,-0.1596576185638855,MF-VAR,1.1414952569921866,28,1999-03-31,1-step ahead,-1.3011528755560722
gdp_growth,1,0.7243783721112315,AR(2),0.48098429211833604,28,1999-03-31,1-step ahead,0.24339407999289542
inflation,1,0.36881677670780133,AR(2),1.1414952569921866,28,1999-03-31,1-step ahead,-0.7726784802843852
exch_rate,1,0.4546787682146473,AR(2),0.46963082425534614,28,1999-03-31,1-step ahead,-0.014952056040698825
gdp_growth,1,-1.2495897385231174,RW-trend,0.48098429211833604,28,1999-03-31,1-step ahead,-1.7305740306414534
inflation,1,-0.32679284742292547,RW-trend,1.1414952569921866,28,1999-03-31,1-step ahead,-1.468288104415112
exch_rate,1,0.46420831505284177,RW-trend,0.46963082425534614,28,1999-03-31,1-step ahead,-0.005422509202504366
gdp_growth,1,1.0611622989325726,MIDAS (trend),0.48098429211833604,28,1999-03-31,1-step ahead,0.5801780068142366
inflation,1,-0.22662154889125427,MIDAS (trend),1.1414952569921866,28,1999-03-31,1-step ahead,-1.3681168058834408
exch_rate,1,0.46836220969289594,MIDAS (trend),0.46963082425534614,28,1999-03-31,1-step ahead,-0.0012686145624501988
gdp_growth,1,0.49550584011597215,MIDAS,0.48098429211833604,28,1999-03-31,1-step ahead,0.014521547997636108
inflation,1,0.23723169795070875,MIDAS,1.1414952569921866,28,1999-03-31,1-step ahead,-0.9042635590414778
exch_rate,1,0.46535465517742974,MIDAS,0.46963082425534614,28,1999-03-31,1-step ahead,-0.004276169077916392
exch_rate,1,0.46742377751977177,MF-VAR,0.46989996557938085,29,1999-06-30,1-step ahead,-0.0024761880596090857
gdp_growth,1,0.5387215907938133,MF-VAR,1.9663301852986592,29,1999-06-30,1-step ahead,-1.427608594504846
inflation,1,1.1445609024168768,MF-VAR,0.7625031905789115,29,1999-06-30,1-step ahead,0.38205771183796533
gdp_growth,1,1.2691047338078123,AR(2),1.9663301852986592,29,1999-06-30,1-step ahead,-0.6972254514908469
inflation,1,0.9948084886098267,AR(2),0.7625031905789115,29,1999-06-30,1-step ahead,0.23230529803091526
exch_rate,1,0.46055000795069906,AR(2),0.46989996557938085,29,1999-06-30,1-step ahead,-0.009349957628681793
gdp_growth,1,0.557190040372396,RW-trend,1.9663301852986592,29,1999-06-30,1-step ahead,-1.4091401449262633
inflation,1,1.037945939748581,RW-trend,0.7625031905789115,29,1999-06-30,1-step ahead,0.2754427491696696
exch_rate,1,0.46369977520178834,RW-trend,0.46989996557938085,29,1999-06-30,1-step ahead,-0.006200190377592507
gdp_growth,1,3.0481382290548327,MIDAS (trend),1.9663301852986592,29,1999-06-30,1-step ahead,1.0818080437561735
inflation,1,0.11307262348255459,MIDAS (trend),0.7625031905789115,29,1999-06-30,1-step ahead,-0.6494305670963569
exch_rate,1,0.4817891095339913,MIDAS (trend),0.46989996557938085,29,1999-06-30,1-step ahead,0.011889143954610437
gdp_growth,1,2.6190069574973514,MIDAS,1.9663301852986592,29,1999-06-30,1-step ahead,0.6526767721986921
inflation,1,0.8120833115776909,MIDAS,0.7625031905789115,29,1999-06-30,1-step ahead,0.0495801209987794
exch_rate,1,0.4785329069292432,MIDAS,0.46989996557938085,29,1999-06-30,1-step ahead,0.008632941349862366
exch_rate,1,0.4607669876110822,MF-VAR,0.4712490654891611,30,1999-09-30,1-step ahead,-0.010482077878078921
gdp_growth,1,3.10317459548651,MF-VAR,3.6884859565780914,30,1999-09-30,1-step ahead,-0.5853113610915814
inflation,1,0.6955943762362917,MF-VAR,2.1495106957363674,30,1999-09-30,1-step ahead,-1.4539163195000757
gdp_growth,1,2.5764357717599724,AR(2),3.6884859565780914,30,1999-09-30,1-step ahead,-1.112050184818119
inflation,1,0.8806020270520118,AR(2),2.1495106957363674,30,1999-09-30,1-step ahead,-1.2689086686843556
exch_rate,1,0.45380061206504313,AR(2),0.4712490654891611,30,1999-09-30,1-step ahead,-0.017448453424117993
gdp_growth,1,2.0928623673000857,RW-trend,3.6884859565780914,30,1999-09-30,1-step ahead,-1.5956235892780057
inflation,1,0.6491166322935322,RW-trend,2.1495106957363674,30,1999-09-30,1-step ahead,-1.5003940634428352
exch_rate,1,0.4641903518964514,RW-trend,0.4712490654891611,30,1999-09-30,1-step ahead,-0.007058713592709709
gdp_growth,1,2.6621665076838434,MIDAS (trend),3.6884859565780914,30,1999-09-30,1-step ahead,-1.026319448894248
inflation,1,-0.030301406220314166,MIDAS (trend),2.1495106957363674,30,1999-09-30,1-step ahead,-2.1798121019566814
exch_rate,1,0.47653152715780467,MIDAS (trend),0.4712490654891611,30,1999-09-30,1-step ahead,0.0052824616686435455
gdp_growth,1,2.2236658935002223,MIDAS,3.6884859565780914,30,1999-09-30,1-step ahead,-1.4648200630778692
inflation,1,0.7460114005367323,MIDAS,2.1495106957363674,30,1999-09-30,1-step ahead,-1.403499295199635
exch_rate,1,0.4739074279414171,MIDAS,0.4712490654891611,30,1999-09-30,1-step ahead,0.00265836245225598
exch_rate,1,0.4691221625981683,MF-VAR,0.47001147553529715,31,1999-12-31,1-step ahead,-8.8931293712885e-4
gdp_growth,1,2.632688174431301,MF-VAR,8.222875037456845,31,1999-12-31,1-step ahead,-5.590186863025544
inflation,1,2.1757645890111554,MF-VAR,1.4149230412684233,31,1999-12-31,1-step ahead,0.7608415477427322
gdp_growth,1,1.5163913711657835,AR(2),8.222875037456845,31,1999-12-31,1-step ahead,-6.706483666291062
inflation,1,1.595935274437571,AR(2),1.4149230412684233,31,1999-12-31,1-step ahead,0.18101223316914772
exch_rate,1,0.4611824494532393,AR(2),0.47001147553529715,31,1999-12-31,1-step ahead,-0.008829026082057878
gdp_growth,1,3.8700396416580696,RW-trend,8.222875037456845,31,1999-12-31,1-step ahead,-4.352835395798776
inflation,1,2.087861863776603,RW-trend,1.4149230412684233,31,1999-12-31,1-step ahead,0.6729388225081796
exch_rate,1,0.46578285572322164,RW-trend,0.47001147553529715,31,1999-12-31,1-step ahead,-0.004228619812075507
gdp_growth,1,4.210396688030104,MIDAS (trend),8.222875037456845,31,1999-12-31,1-step ahead,-4.012478349426741
inflation,1,0.9699260181372832,MIDAS (trend),1.4149230412684233,31,1999-12-31,1-step ahead,-0.4449970231311401
exch_rate,1,0.48511470588721883,MIDAS (trend),0.47001147553529715,31,1999-12-31,1-step ahead,0.015103230351921682
gdp_growth,1,3.7822708560693172,MIDAS,8.222875037456845,31,1999-12-31,1-step ahead,-4.440604181387528
inflation,1,1.385446142900366,MIDAS,1.4149230412684233,31,1999-12-31,1-step ahead,-0.029476898368057336
exch_rate,1,0.48348314530778785,MIDAS,0.47001147553529715,31,1999-12-31,1-step ahead,0.013471669772490702
exch_rate,1,0.464749094783939,MF-VAR,0.47440580432096635,32,2000-03-31,1-step ahead,-0.009656709537027353
gdp_growth,1,8.075772168912593,MF-VAR,2.432480380723945,32,2000-03-31,1-step ahead,5.643291788188648
inflation,1,1.4241279119795944,MF-VAR,2.0851861667949834,32,2000-03-31,1-step ahead,-0.6610582548153889
gdp_growth,1,2.960531285847037,AR(2),2.432480380723945,32,2000-03-31,1-step ahead,0.5280509051230924
inflation,1,1.4517482568173061,AR(2),2.0851861667949834,32,2000-03-31,1-step ahead,-0.6334379099776772
exch_rate,1,0.45670596313009376,AR(2),0.47440580432096635,32,2000-03-31,1-step ahead,-0.01769984119087259
gdp_growth,1,8.549523235730115,RW-trend,2.432480380723945,32,2000-03-31,1-step ahead,6.11704285500617
inflation,1,1.330842915225053,RW-trend,2.0851861667949834,32,2000-03-31,1-step ahead,-0.7543432515699304
exch_rate,1,0.46468621976309354,RW-trend,0.47440580432096635,32,2000-03-31,1-step ahead,-0.009719584557872807
gdp_growth,1,3.4862873058361235,MIDAS (trend),2.432480380723945,32,2000-03-31,1-step ahead,1.0538069251121787
inflation,1,1.140463377158749,MIDAS (trend),2.0851861667949834,32,2000-03-31,1-step ahead,-0.9447227896362345
exch_rate,1,0.4612391173972484,MIDAS (trend),0.47440580432096635,32,2000-03-31,1-step ahead,-0.013166686923717974
gdp_growth,1,2.2855823554327634,MIDAS,2.432480380723945,32,2000-03-31,1-step ahead,-0.14689802529118134
inflation,1,1.4537259018469202,MIDAS,2.0851861667949834,32,2000-03-31,1-step ahead,-0.6314602649480632
exch_rate,1,0.460729920875155,MIDAS,0.47440580432096635,32,2000-03-31,1-step ahead,-0.013675883445811332
exch_rate,1,0.4721987575853919,MF-VAR,0.4468418093562523,33,2000-06-30,1-step ahead,0.025356948229139642
gdp_growth,1,2.490217679399422,MF-VAR,2.393714574905914,33,2000-06-30,1-step ahead,0.09650310449350785
inflation,1,2.0882518122196734,MF-VAR,0.4480766888296017,33,2000-06-30,1-step ahead,1.6401751233900717
gdp_growth,1,0.8767594218412075,AR(2),2.393714574905914,33,2000-06-30,1-step ahead,-1.5169551530647065
inflation,1,1.678329814073,AR(2),0.4480766888296017,33,2000-06-30,1-step ahead,1.2302531252433984
exch_rate,1,0.46364700152031124,AR(2),0.4468418093562523,33,2000-06-30,1-step ahead,0.016805192164058957
gdp_growth,1,2.5618046159325005,RW-trend,2.393714574905914,33,2000-06-30,1-step ahead,0.16809004102658642
inflation,1,2.0254396940280626,RW-trend,0.4480766888296017,33,2000-06-30,1-step ahead,1.5773630051984608
exch_rate,1,0.4693940835345006,RW-trend,0.4468418093562523,33,2000-06-30,1-step ahead,0.02255227417824829
gdp_growth,1,1.4806546192366516,MIDAS (trend),2.393714574905914,33,2000-06-30,1-step ahead,-0.9130599556692625
inflation,1,1.6214474969969759,MIDAS (trend),0.4480766888296017,33,2000-06-30,1-step ahead,1.1733708081673742
exch_rate,1,0.46699232558416787,MIDAS (trend),0.4468418093562523,33,2000-06-30,1-step ahead,0.020150516227915583
gdp_growth,1,0.5856028632275412,MIDAS,2.393714574905914,33,2000-06-30,1-step ahead,-1.808111711678373
inflation,1,1.7578045839927547,MIDAS,0.4480766888296017,33,2000-06-30,1-step ahead,1.309727895163153
exch_rate,1,0.46465806758249084,MIDAS,0.4468418093562523,33,2000-06-30,1-step ahead,0.017816258226238557
exch_rate,1,0.4377088313879537,MF-VAR,0.43438177873102474,34,2000-09-30,1-step ahead,0.0033270526569289527
gdp_growth,1,3.530558985093765,MF-VAR,4.364379337938118,34,2000-09-30,1-step ahead,-0.8338203528443531
inflation,1,0.3811678744869821,MF-VAR,2.0696157239818547,34,2000-09-30,1-step ahead,-1.6884478494948727
gdp_growth,1,2.753534142664794,AR(2),4.364379337938118,34,2000-09-30,1-step ahead,-1.610845195273324
inflation,1,0.9429706177704247,AR(2),2.0696157239818547,34,2000-09-30,1-step ahead,-1.12664510621143
exch_rate,1,0.4304816772690668,AR(2),0.43438177873102474,34,2000-09-30,1-step ahead,-0.003900101461957961
gdp_growth,1,2.517785996332389,RW-trend,4.364379337938118,34,2000-09-30,1-step ahead,-1.846593341605729
inflation,1,0.3390376221502289,RW-trend,2.0696157239818547,34,2000-09-30,1-step ahead,-1.7305781018316257
exch_rate,1,0.4411253300017162,RW-trend,0.43438177873102474,34,2000-09-30,1-step ahead,0.0067435512706914835
gdp_growth,1,0.654024979316512,MIDAS (trend),4.364379337938118,34,2000-09-30,1-step ahead,-3.710354358621606
inflation,1,0.5373418337701775,MIDAS (trend),2.0696157239818547,34,2000-09-30,1-step ahead,-1.5322738902116773
exch_rate,1,0.4343569548951242,MIDAS (trend),0.43438177873102474,34,2000-09-30,1-step ahead,-2.4823835900522617e-5
gdp_growth,1,-0.27648216936281905,MIDAS,4.364379337938118,34,2000-09-30,1-step ahead,-4.640861507300937
inflation,1,0.7761927227089727,MIDAS,2.0696157239818547,34,2000-09-30,1-step ahead,-1.293423001272882
exch_rate,1,0.43431894828518175,MIDAS,0.43438177873102474,34,2000-09-30,1-step ahead,-6.283044584298736e-5
exch_rate,1,0.43225487584003186,MF-VAR,0.4161022191438515,35,2000-12-31,1-step ahead,0.01615265669618038
gdp_growth,1,3.308581555791327,MF-VAR,4.472181329502689,35,2000-12-31,1-step ahead,-1.1635997737113621
inflation,1,2.0958696172566427,MF-VAR,1.6224785748296,35,2000-12-31,1-step ahead,0.47339104242704266
gdp_growth,1,2.0007197986214544,AR(2),4.472181329502689,35,2000-12-31,1-step ahead,-2.4714615308812347
inflation,1,1.3859436715284323,AR(2),1.6224785748296,35,2000-12-31,1-step ahead,-0.23653490330116766
exch_rate,1,0.4283686471217487,AR(2),0.4161022191438515,35,2000-12-31,1-step ahead,0.012266427977897232
gdp_growth,1,4.544408133352645,RW-trend,4.472181329502689,35,2000-12-31,1-step ahead,0.07222680384995606
inflation,1,2.0130184179640462,RW-trend,1.6224785748296,35,2000-12-31,1-step ahead,0.39053984313444623
exch_rate,1,0.4284609493379829,RW-trend,0.4161022191438515,35,2000-12-31,1-step ahead,0.012358730194131418
gdp_growth,1,3.985070674693714,MIDAS (trend),4.472181329502689,35,2000-12-31,1-step ahead,-0.487110654808975
inflation,1,1.1358222218480243,MIDAS (trend),1.6224785748296,35,2000-12-31,1-step ahead,-0.4866563529815757
exch_rate,1,0.4411295586716584,MIDAS (trend),0.4161022191438515,35,2000-12-31,1-step ahead,0.02502733952780689
gdp_growth,1,3.166212045960115,MIDAS,4.472181329502689,35,2000-12-31,1-step ahead,-1.305969283542574
inflation,1,1.3043302205300764,MIDAS,1.6224785748296,35,2000-12-31,1-step ahead,-0.3181483542995236
exch_rate,1,0.4410984367212199,MIDAS,0.4161022191438515,35,2000-12-31,1-step ahead,0.024996217577368418
exch_rate,1,0.4108398383924934,MF-VAR,0.4275047884366125,36,2001-03-31,1-step ahead,-0.01666495004411911
gdp_growth,1,4.325078460958438,MF-VAR,0.22384949729001846,36,2001-03-31,1-step ahead,4.10122896366842
inflation,1,1.6316834455407712,MF-VAR,0.18810162539821818,36,2001-03-31,1-step ahead,1.443581820142553
gdp_growth,1,2.2102054055052216,AR(2),0.22384949729001846,36,2001-03-31,1-step ahead,1.9863559082152031
inflation,1,1.580691194924396,AR(2),0.18810162539821818,36,2001-03-31,1-step ahead,1.3925895695261779
exch_rate,1,0.40834256472688735,AR(2),0.4275047884366125,36,2001-03-31,1-step ahead,-0.019162223709725146
gdp_growth,1,4.650085807156923,RW-trend,0.22384949729001846,36,2001-03-31,1-step ahead,4.426236309866905
inflation,1,1.5543948028372492,RW-trend,0.18810162539821818,36,2001-03-31,1-step ahead,1.366293177439031
exch_rate,1,0.40981789768627636,RW-trend,0.4275047884366125,36,2001-03-31,1-step ahead,-0.017686890750336137
gdp_growth,1,1.3086665033357712,MIDAS (trend),0.22384949729001846,36,2001-03-31,1-step ahead,1.0848170060457527
inflation,1,1.3322139134172677,MIDAS (trend),0.18810162539821818,36,2001-03-31,1-step ahead,1.1441122880190495
exch_rate,1,0.40274935519897664,MIDAS (trend),0.4275047884366125,36,2001-03-31,1-step ahead,-0.02475543323763585
gdp_growth,1,0.9028413055566394,MIDAS,0.22384949729001846,36,2001-03-31,1-step ahead,0.678991808266621
inflation,1,1.3930394955809668,MIDAS,0.18810162539821818,36,2001-03-31,1-step ahead,1.2049378701827487
exch_rate,1,0.40298973244652003,MIDAS,0.4275047884366125,36,2001-03-31,1-step ahead,-0.02451505599009246
exch_rate,1,0.42529774170103807,MF-VAR,0.42414037814203476,37,2001-06-30,1-step ahead,0.0011573635590033104
gdp_growth,1,0.28158679596549574,MF-VAR,0.01208062893383044,37,2001-06-30,1-step ahead,0.2695061670316653
inflation,1,0.19116727082290824,MF-VAR,1.644604165241148,37,2001-06-30,1-step ahead,-1.4534368944182399
gdp_growth,1,0.9068196422348768,AR(2),0.01208062893383044,37,2001-06-30,1-step ahead,0.8947390133010463
inflation,1,0.8364919354696172,AR(2),1.644604165241148,37,2001-06-30,1-step ahead,-0.8081122297715309
exch_rate,1,0.42229948585135024,AR(2),0.42414037814203476,37,2001-06-30,1-step ahead,-0.0018408922906845149
gdp_growth,1,0.27529008037662694,RW-trend,0.01208062893383044,37,2001-06-30,1-step ahead,0.2632094514427965
inflation,1,0.0809809054790378,RW-trend,1.644604165241148,37,2001-06-30,1-step ahead,-1.5636232597621103
exch_rate,1,0.42172580671476123,RW-trend,0.42414037814203476,37,2001-06-30,1-step ahead,-0.0024145714272735264
gdp_growth,1,3.155499500128984,MIDAS (trend),0.01208062893383044,37,2001-06-30,1-step ahead,3.1434188711951534
inflation,1,0.2998919526352935,MIDAS (trend),1.644604165241148,37,2001-06-30,1-step ahead,-1.3447122126058546
exch_rate,1,0.43362820223165865,MIDAS (trend),0.42414037814203476,37,2001-06-30,1-step ahead,0.009487824089623897
gdp_growth,1,1.834934300955738,MIDAS,0.01208062893383044,37,2001-06-30,1-step ahead,1.8228536720219075
inflation,1,0.41357607948487934,MIDAS,1.644604165241148,37,2001-06-30,1-step ahead,-1.2310280857562688
exch_rate,1,0.4344121127345564,MIDAS,0.42414037814203476,37,2001-06-30,1-step ahead,0.01027173459252162
exch_rate,1,0.4150074001737361,MF-VAR,0.40980426618905186,38,2001-09-30,1-step ahead,0.0052031339846842495
gdp_growth,1,1.1489250391216812,MF-VAR,0.8299860531543857,38,2001-09-30,1-step ahead,0.31893898596729553
inflation,1,1.5776953508985283,MF-VAR,0.8310253376858867,38,2001-09-30,1-step ahead,0.7466700132126416
gdp_growth,1,2.329892549468605,AR(2),0.8299860531543857,38,2001-09-30,1-step ahead,1.4999064963142192
inflation,1,1.0926682614339192,AR(2),0.8310253376858867,38,2001-09-30,1-step ahead,0.26164292374803244
exch_rate,1,0.41168594290874266,AR(2),0.40980426618905186,38,2001-09-30,1-step ahead,0.0018816767196908057
gdp_growth,1,0.05620983836925003,RW-trend,0.8299860531543857,38,2001-09-30,1-step ahead,-0.7737762147851357
inflation,1,1.5809174247598041,RW-trend,0.8310253376858867,38,2001-09-30,1-step ahead,0.7498920870739174
exch_rate,1,0.4184284678487189,RW-trend,0.40980426618905186,38,2001-09-30,1-step ahead,0.008624201659667041
gdp_growth,1,2.8074099257843277,MIDAS (trend),0.8299860531543857,38,2001-09-30,1-step ahead,1.977423872629942
inflation,1,1.1657383486544743,MIDAS (trend),0.8310253376858867,38,2001-09-30,1-step ahead,0.33471301096858763
exch_rate,1,0.42732163970895554,MIDAS (trend),0.40980426618905186,38,2001-09-30,1-step ahead,0.01751737351990368
gdp_growth,1,1.5154735756024085,MIDAS,0.8299860531543857,38,2001-09-30,1-step ahead,0.6854875224480228
inflation,1,1.2510449261784737,MIDAS,0.8310253376858867,38,2001-09-30,1-step ahead,0.420019588492587
exch_rate,1,0.4287285846752084,MIDAS,0.40980426618905186,38,2001-09-30,1-step ahead,0.018924318486156555
exch_rate,1,0.407677363298059,MF-VAR,0.38760679348016175,39,2001-12-31,1-step ahead,0.020070569817897232
gdp_growth,1,-0.22581172899240518,MF-VAR,-0.6548397800663963,39,2001-12-31,1-step ahead,0.4290280510739911
inflation,1,0.8572792309606744,MF-VAR,-1.0540972357876655,39,2001-12-31,1-step ahead,1.9113764667483397
gdp_growth,1,1.150868368062202,AR(2),-0.6548397800663963,39,2001-12-31,1-step ahead,1.8057081481285984
inflation,1,1.125371990909044,AR(2),-1.0540972357876655,39,2001-12-31,1-step ahead,2.1794692266967095
exch_rate,1,0.40495846393622414,AR(2),0.38760679348016175,39,2001-12-31,1-step ahead,0.017351670456062396
gdp_growth,1,0.8950281332596739,RW-trend,-0.6548397800663963,39,2001-12-31,1-step ahead,1.5498679133260702
inflation,1,0.7470712434998423,RW-trend,-1.0540972357876655,39,2001-12-31,1-step ahead,1.8011684792875078
exch_rate,1,0.40385926936439365,RW-trend,0.38760679348016175,39,2001-12-31,1-step ahead,0.0162524758842319
gdp_growth,1,1.889725137271283,MIDAS (trend),-0.6548397800663963,39,2001-12-31,1-step ahead,2.5445649173376794
inflation,1,1.3559706430859906,MIDAS (trend),-1.0540972357876655,39,2001-12-31,1-step ahead,2.4100678788736563
exch_rate,1,0.40339590193334474,MIDAS (trend),0.38760679348016175,39,2001-12-31,1-step ahead,0.015789108453182987
gdp_growth,1,0.31523714791724733,MIDAS,-0.6548397800663963,39,2001-12-31,1-step ahead,0.9700769279836436
inflation,1,1.5245506525338812,MIDAS,-1.0540972357876655,39,2001-12-31,1-step ahead,2.5786478883215467
exch_rate,1,0.4067096007581359,MIDAS,0.38760679348016175,39,2001-12-31,1-step ahead,0.019102807277974143
exch_rate,1,0.38234441272880365,MF-VAR,0.38734935882022226,40,2002-03-31,1-step ahead,-0.005004946091418605
gdp_growth,1,-0.8019426486106472,MF-VAR,0.020008360919376855,40,2002-03-31,1-step ahead,-0.8219510095300241
inflation,1,-1.0448923650764945,MF-VAR,1.026664827797319,40,2002-03-31,1-step ahead,-2.0715571928738132
gdp_growth,1,0.8303330560566392,AR(2),0.020008360919376855,40,2002-03-31,1-step ahead,0.8103246951372624
inflation,1,0.18896162833447783,AR(2),1.026664827797319,40,2002-03-31,1-step ahead,-0.8377031994628411
exch_rate,1,0.38158345467907745,AR(2),0.38734935882022226,40,2002-03-31,1-step ahead,-0.005765904141144806
gdp_growth,1,-0.630583697680215,RW-trend,0.020008360919376855,40,2002-03-31,1-step ahead,-0.6505920585995919
inflation,1,-1.1854505004812759,RW-trend,1.026664827797319,40,2002-03-31,1-step ahead,-2.212115328278595
exch_rate,1,0.381234099921708,RW-trend,0.38734935882022226,40,2002-03-31,1-step ahead,-0.006115258898514275
gdp_growth,1,4.732252538788882,MIDAS (trend),0.020008360919376855,40,2002-03-31,1-step ahead,4.712244177869505
inflation,1,-0.3876595230148424,MIDAS (trend),1.026664827797319,40,2002-03-31,1-step ahead,-1.4143243508121612
exch_rate,1,0.4078374748311458,MIDAS (trend),0.38734935882022226,40,2002-03-31,1-step ahead,0.02048811601092354
gdp_growth,1,3.7675062608571834,MIDAS,0.020008360919376855,40,2002-03-31,1-step ahead,3.7474978999378066
inflation,1,0.009146527283511096,MIDAS,1.026664827797319,40,2002-03-31,1-step ahead,-1.0175183005138078
exch_rate,1,0.411224989571624,MIDAS,0.38734935882022226,40,2002-03-31,1-step ahead,0.023875630751401755
exch_rate,1,0.3851423120846479,MF-VAR,0.38169942557372405,41,2002-06-30,1-step ahead,0.003442886510923837
gdp_growth,1,0.07774565959485413,MF-VAR,-0.3071853243156397,41,2002-06-30,1-step ahead,0.38493098391049385
inflation,1,1.029730473222009,MF-VAR,1.6202454901378616,41,2002-06-30,1-step ahead,-0.5905150169158526
gdp_growth,1,1.1422024036895917,AR(2),-0.3071853243156397,41,2002-06-30,1-step ahead,1.4493877280052314
inflation,1,0.668283102579514,AR(2),1.6202454901378616,41,2002-06-30,1-step ahead,-0.9519623875583476
exch_rate,1,0.3850884811971875,AR(2),0.38169942557372405,41,2002-06-30,1-step ahead,0.0033890556234634772
gdp_growth,1,0.06094629096195769,RW-trend,-0.3071853243156397,41,2002-06-30,1-step ahead,0.3681316152775974
inflation,1,0.9520324689570059,RW-trend,1.6202454901378616,41,2002-06-30,1-step ahead,-0.6682130211808557
exch_rate,1,0.3811334667719868,RW-trend,0.38169942557372405,41,2002-06-30,1-step ahead,-5.659588017372652e-4
gdp_growth,1,1.9733532653511885,MIDAS (trend),-0.3071853243156397,41,2002-06-30,1-step ahead,2.280538589666828
inflation,1,0.6224250410304368,MIDAS (trend),1.6202454901378616,41,2002-06-30,1-step ahead,-0.9978204491074247
exch_rate,1,0.3930130306091912,MIDAS (trend),0.38169942557372405,41,2002-06-30,1-step ahead,0.011313605035467134
gdp_growth,1,1.732652450096978,MIDAS,-0.3071853243156397,41,2002-06-30,1-step ahead,2.039837774412618
inflation,1,0.9221353618703328,MIDAS,1.6202454901378616,41,2002-06-30,1-step ahead,-0.6981101282675287
exch_rate,1,0.39528962242757343,MIDAS,0.38169942557372405,41,2002-06-30,1-step ahead,0.013590196853849379
exch_rate,1,0.3725664476054254,MF-VAR,0.3810838353602944,42,2002-09-30,1-step ahead,-0.008517387754868988
gdp_growth,1,0.8296590858722106,MF-VAR,0.9680485936527816,42,2002-09-30,1-step ahead,-0.13838950778057102
inflation,1,1.5533366757952418,MF-VAR,-0.01597631194982796,42,2002-09-30,1-step ahead,1.5693129877450698
gdp_growth,1,2.029344287260167,AR(2),0.9680485936527816,42,2002-09-30,1-step ahead,1.0612956936073852
inflation,1,1.236326388345236,AR(2),-0.01597631194982796,42,2002-09-30,1-step ahead,1.252302700295064
exch_rate,1,0.37254360999952024,AR(2),0.3810838353602944,42,2002-09-30,1-step ahead,-0.008540225360774145
gdp_growth,1,-0.27545068465499867,RW-trend,0.9680485936527816,42,2002-09-30,1-step ahead,-1.2434992783077803
inflation,1,1.5623184568270698,RW-trend,-0.01597631194982796,42,2002-09-30,1-step ahead,1.5782947687768978
exch_rate,1,0.375497682495532,RW-trend,0.3810838353602944,42,2002-09-30,1-step ahead,-0.005586152864762384
gdp_growth,1,0.5373630185001226,MIDAS (trend),0.9680485936527816,42,2002-09-30,1-step ahead,-0.43068557515265904
inflation,1,1.071535474896542,MIDAS (trend),-0.01597631194982796,42,2002-09-30,1-step ahead,1.08751178684637
exch_rate,1,0.3766270111906021,MIDAS (trend),0.3810838353602944,42,2002-09-30,1-step ahead,-0.004456824169692286
gdp_growth,1,0.41631478746877604,MIDAS,0.9680485936527816,42,2002-09-30,1-step ahead,-0.5517338061840056
inflation,1,1.358255996724769,MIDAS,-0.01597631194982796,42,2002-09-30,1-step ahead,1.374232308674597
exch_rate,1,0.3794929083112326,MIDAS,0.3810838353602944,42,2002-09-30,1-step ahead,-0.0015909270490617744
exch_rate,1,0.3789569324693015,MF-VAR,0.38304976048389644,43,2002-12-31,1-step ahead,-0.004092828014594929
gdp_growth,1,-0.08774918849400923,MF-VAR,-0.9179417477248819,43,2002-12-31,1-step ahead,0.8301925592308727
inflation,1,0.01027758132495963,MF-VAR,1.1625209267020153,43,2002-12-31,1-step ahead,-1.1522433453770557
gdp_growth,1,1.008869881914972,AR(2),-0.9179417477248819,43,2002-12-31,1-step ahead,1.9268116296398539
inflation,1,0.7249054958830009,AR(2),1.1625209267020153,43,2002-12-31,1-step ahead,-0.43761543081901444
exch_rate,1,0.3783566761880897,AR(2),0.38304976048389644,43,2002-12-31,1-step ahead,-0.0046930842958067265
gdp_growth,1,1.0301124840038562,RW-trend,-0.9179417477248819,43,2002-12-31,1-step ahead,1.9480542317287382
inflation,1,-0.11239833962103184,RW-trend,1.1625209267020153,43,2002-12-31,1-step ahead,-1.274919266323047
exch_rate,1,0.3750183399129502,RW-trend,0.38304976048389644,43,2002-12-31,1-step ahead,-0.008031420570946246
gdp_growth,1,2.1190358785106174,MIDAS (trend),-0.9179417477248819,43,2002-12-31,1-step ahead,3.0369776262354993
inflation,1,0.34317742723504885,MIDAS (trend),1.1625209267020153,43,2002-12-31,1-step ahead,-0.8193434994669665
exch_rate,1,0.38379536266835945,MIDAS (trend),0.38304976048389644,43,2002-12-31,1-step ahead,7.456021844630123e-4
gdp_growth,1,1.9529382912090671,MIDAS,-0.9179417477248819,43,2002-12-31,1-step ahead,2.870880038933949
inflation,1,0.6792112201119429,MIDAS,1.1625209267020153,43,2002-12-31,1-step ahead,-0.48330970659007244
exch_rate,1,0.38697625521249757,MIDAS,0.38304976048389644,43,2002-12-31,1-step ahead,0.0039264947286011265
exch_rate,1,0.3777873797325383,MF-VAR,0.3826675783431165,44,2003-03-31,1-step ahead,-0.004880198610578201
gdp_growth,1,-1.065044616269133,MF-VAR,-1.4805832695870436,44,2003-03-31,1-step ahead,0.4155386533179106
inflation,1,1.1717257974131865,MF-VAR,1.490725027132811,44,2003-03-31,1-step ahead,-0.31899922971962447
gdp_growth,1,0.5155347747526423,AR(2),-1.4805832695870436,44,2003-03-31,1-step ahead,1.9961180443396858
inflation,1,0.9141489723144817,AR(2),1.490725027132811,44,2003-03-31,1-step ahead,-0.5765760548183293
exch_rate,1,0.3764483324764613,AR(2),0.3826675783431165,44,2003-03-31,1-step ahead,-0.006219245866655176
gdp_growth,1,-0.9022601009863962,RW-trend,-1.4805832695870436,44,2003-03-31,1-step ahead,0.5783231686006474
inflation,1,1.0964541196575508,RW-trend,1.490725027132811,44,2003-03-31,1-step ahead,-0.39427090747526017
exch_rate,1,0.3771754893358605,RW-trend,0.3826675783431165,44,2003-03-31,1-step ahead,-0.005492089007256007
gdp_growth,1,-0.1103862738991315,MIDAS (trend),-1.4805832695870436,44,2003-03-31,1-step ahead,1.370196995687912
inflation,1,0.48926008211475136,MIDAS (trend),1.490725027132811,44,2003-03-31,1-step ahead,-1.0014649450180597
exch_rate,1,0.37702071492970846,MIDAS (trend),0.3826675783431165,44,2003-03-31,1-step ahead,-0.005646863413408032
gdp_growth,1,-6.11414187534198e-4,MIDAS,-1.4805832695870436,44,2003-03-31,1-step ahead,1.4799718553995094
inflation,1,0.792313836492642,MIDAS,1.490725027132811,44,2003-03-31,1-step ahead,-0.698411190640169
exch_rate,1,0.37946615424162344,MIDAS,0.3826675783431165,44,2003-03-31,1-step ahead,-0.0032014241014930445
exch_rate,1,0.3804605316075421,MF-VAR,0.41654131757334717,45,2003-06-30,1-step ahead,-0.03608078596580505
gdp_growth,1,-1.4228459709115668,MF-VAR,0.7338133524996238,45,2003-06-30,1-step ahead,-2.1566593234111906
inflation,1,1.4937906725575012,MF-VAR,-0.679419023126826,45,2003-06-30,1-step ahead,2.173209695684327
gdp_growth,1,0.40481867345287237,AR(2),0.7338133524996238,45,2003-06-30,1-step ahead,-0.3289946790467514
inflation,1,1.2489905415017701,AR(2),-0.679419023126826,45,2003-06-30,1-step ahead,1.9284095646285961
exch_rate,1,0.37852408824533784,AR(2),0.41654131757334717,45,2003-06-30,1-step ahead,-0.03801722932800933
gdp_growth,1,-1.4783509988625263,RW-trend,0.7338133524996238,45,2003-06-30,1-step ahead,-2.21216435136215
inflation,1,1.433827310959864,RW-trend,-0.679419023126826,45,2003-06-30,1-step ahead,2.11324633408669
exch_rate,1,0.3769210301952493,RW-trend,0.41654131757334717,45,2003-06-30,1-step ahead,-0.03962028737809786
gdp_growth,1,0.7594436282355429,MIDAS (trend),0.7338133524996238,45,2003-06-30,1-step ahead,0.02563027573591914
inflation,1,1.04885823145829,MIDAS (trend),-0.679419023126826,45,2003-06-30,1-step ahead,1.728277254585116
exch_rate,1,0.3843245328349001,MIDAS (trend),0.41654131757334717,45,2003-06-30,1-step ahead,-0.03221678473844708
gdp_growth,1,0.985018059518302,MIDAS,0.7338133524996238,45,2003-06-30,1-step ahead,0.25120470701867825
inflation,1,1.3426533820501758,MIDAS,-0.679419023126826,45,2003-06-30,1-step ahead,2.022072405177002
exch_rate,1,0.3877584739439166,MIDAS,0.41654131757334717,45,2003-06-30,1-step ahead,-0.028782843629430566
exch_rate,1,0.4074083396050485,MF-VAR,0.4348928316661925,46,2003-09-30,1-step ahead,-0.027484492061144006
gdp_growth,1,1.8706577626874743,MF-VAR,3.4179566686098894,46,2003-09-30,1-step ahead,-1.5472989059224151
inflation,1,-0.7463278374694458,MF-VAR,0.10617431579902359,46,2003-09-30,1-step ahead,-0.8525021532684693
gdp_growth,1,2.2991056364971802,AR(2),3.4179566686098894,46,2003-09-30,1-step ahead,-1.1188510321127092
inflation,1,0.4194265326958808,AR(2),0.10617431579902359,46,2003-09-30,1-step ahead,0.3132522168968572
exch_rate,1,0.3992619150005061,AR(2),0.4348928316661925,46,2003-09-30,1-step ahead,-0.03563091666568641
gdp_growth,1,0.7863220857550988,RW-trend,3.4179566686098894,46,2003-09-30,1-step ahead,-2.6316345828547907
inflation,1,-0.7843450650744704,RW-trend,0.10617431579902359,46,2003-09-30,1-step ahead,-0.890519380873494
exch_rate,1,0.4116952305022549,RW-trend,0.4348928316661925,46,2003-09-30,1-step ahead,-0.023197601163937598
gdp_growth,1,2.660250752779846,MIDAS (trend),3.4179566686098894,46,2003-09-30,1-step ahead,-0.7577059158300434
inflation,1,0.07023827867870229,MIDAS (trend),0.10617431579902359,46,2003-09-30,1-step ahead,-0.0359360371203213
exch_rate,1,0.4260836261518809,MIDAS (trend),0.4348928316661925,46,2003-09-30,1-step ahead,-0.008809205514311635
gdp_growth,1,2.860585184406367,MIDAS,3.4179566686098894,46,2003-09-30,1-step ahead,-0.5573714842035224
inflation,1,0.37431078141949975,MIDAS,0.10617431579902359,46,2003-09-30,1-step ahead,0.26813646562047616
exch_rate,1,0.43002161019567253,MIDAS,0.4348928316661925,46,2003-09-30,1-step ahead,-0.004871221470519993
exch_rate,1,0.4327659287751997,MF-VAR,0.44075581500369304,47,2003-12-31,1-step ahead,-0.007989886228493337
gdp_growth,1,2.362158886463099,MF-VAR,4.904664939171255,47,2003-12-31,1-step ahead,-2.542506052708156
inflation,1,0.13242820907381128,MF-VAR,0.8865086013798873,47,2003-12-31,1-step ahead,-0.754080392306076
gdp_growth,1,1.6690293273809085,AR(2),4.904664939171255,47,2003-12-31,1-step ahead,-3.2356356117903466
inflation,1,0.39905543986072395,AR(2),0.8865086013798873,47,2003-12-31,1-step ahead,-0.48745316151916335
exch_rate,1,0.4206046583482911,AR(2),0.44075581500369304,47,2003-12-31,1-step ahead,-0.02015115665540196
gdp_growth,1,3.5289461703732488,RW-trend,4.904664939171255,47,2003-12-31,1-step ahead,-1.3757187687980061
inflation,1,0.021037593426345702,RW-trend,0.8865086013798873,47,2003-12-31,1-step ahead,-0.8654710079535416
exch_rate,1,0.4305622468431878,RW-trend,0.44075581500369304,47,2003-12-31,1-step ahead,-0.010193568160505262
gdp_growth,1,2.46796377276317,MIDAS (trend),4.904664939171255,47,2003-12-31,1-step ahead,-2.436701166408085
inflation,1,0.23851462621540157,MIDAS (trend),0.8865086013798873,47,2003-12-31,1-step ahead,-0.6479939751644858
exch_rate,1,0.4338674667979847,MIDAS (trend),0.44075581500369304,47,2003-12-31,1-step ahead,-0.006888348205708328
gdp_growth,1,2.6287521981989403,MIDAS,4.904664939171255,47,2003-12-31,1-step ahead,-2.2759127409723146
inflation,1,0.5762235338160364,MIDAS,0.8865086013798873,47,2003-12-31,1-step ahead,-0.3102850675638509
exch_rate,1,0.4377493437273592,MIDAS,0.44075581500369304,47,2003-12-31,1-step ahead,-0.0030064712763338552
exch_rate,1,0.4354934342523349,MF-VAR,0.45017213740254175,48,2004-03-31,1-step ahead,-0.014678703150206862
gdp_growth,1,4.757562070627004,MF-VAR,2.038447380245856,48,2004-03-31,1-step ahead,2.719114690381148
inflation,1,0.8957134720910584,MF-VAR,0.18112036652233598,48,2004-03-31,1-step ahead,0.7145931055687225
gdp_growth,1,2.346853620620393,AR(2),2.038447380245856,48,2004-03-31,1-step ahead,0.30840624037453734
inflation,1,0.8209100983420592,AR(2),0.18112036652233598,48,2004-03-31,1-step ahead,0.6397897318197232
exch_rate,1,0.42183825076543496,AR(2),0.45017213740254175,48,2004-03-31,1-step ahead,-0.028333886637106787
gdp_growth,1,5.045561370691093,RW-trend,2.038447380245856,48,2004-03-31,1-step ahead,3.0071139904452373
inflation,1,0.820186466136634,RW-trend,0.18112036652233598,48,2004-03-31,1-step ahead,0.63906609961429806
exch_rate,1,0.4366468294885254,RW-trend,0.45017213740254175,48,2004-03-31,1-step ahead,-0.013525307914016349
gdp_growth,1,2.502669770925208,MIDAS (trend),2.038447380245856,48,2004-03-31,1-step ahead,0.46422239067935234
inflation,1,0.6245940422927397,MIDAS (trend),0.18112036652233598,48,2004-03-31,1-step ahead,0.44347367577040375
exch_rate,1,0.43385067899839896,MIDAS (trend),0.45017213740254175,48,2004-03-31,1-step ahead,-0.016321458404142786
gdp_growth,1,2.5143951713184802,MIDAS,2.038447380245856,48,2004-03-31,1-step ahead,0.4759477910726244
inflation,1,1.0006060038611344,MIDAS,0.18112036652233598,48,2004-03-31,1-step ahead,0.8194856373387984
exch_rate,1,0.4374195379554932,MIDAS,0.45017213740254175,48,2004-03-31,1-step ahead,-0.01275259944704854
exch_rate,1,0.4479650906669674,MF-VAR,0.43052236939394284,49,2004-06-30,1-step ahead,0.017442721273024542
gdp_growth,1,2.096184678921333,MF-VAR,3.939380339866716,49,2004-06-30,1-step ahead,-1.843195660945383
inflation,1,0.18418601194702605,MF-VAR,2.151218543096789,49,2004-06-30,1-step ahead,-1.967032531149763
gdp_growth,1,1.259019321229185,AR(2),3.939380339866716,49,2004-06-30,1-step ahead,-2.680361018637531
inflation,1,0.6530780092873647,AR(2),2.151218543096789,49,2004-06-30,1-step ahead,-1.4981405338094242
exch_rate,1,0.43323311745824156,AR(2),0.43052236939394284,49,2004-06-30,1-step ahead,0.002710748064298718
gdp_growth,1,2.115362663032816,RW-trend,3.939380339866716,49,2004-06-30,1-step ahead,-1.8240176768339
inflation,1,0.10120108022345944,RW-trend,2.151218543096789,49,2004-06-30,1-step ahead,-2.0500174628733294
exch_rate,1,0.44635092439618296,RW-trend,0.43052236939394284,49,2004-06-30,1-step ahead,0.01582855500224012
gdp_growth,1,2.2475377533899255,MIDAS (trend),3.939380339866716,49,2004-06-30,1-step ahead,-1.6918425864767905
inflation,1,0.1028385268503346,MIDAS (trend),2.151218543096789,49,2004-06-30,1-step ahead,-2.0483800162464543
exch_rate,1,0.45054437133927183,MIDAS (trend),0.43052236939394284,49,2004-06-30,1-step ahead,0.020022001945328993
gdp_growth,1,2.2795560154675085,MIDAS,3.939380339866716,49,2004-06-30,1-step ahead,-1.6598243243992075
inflation,1,0.4216567445120329,MIDAS,2.151218543096789,49,2004-06-30,1-step ahead,-1.729561798584756
exch_rate,1,0.45268118704111227,MIDAS,0.43052236939394284,49,2004-06-30,1-step ahead,0.022158817647169426
exch_rate,1,0.42138939142564424,MF-VAR,0.4291559873006309,50,2004-09-30,1-step ahead,-0.0077665958749866815
gdp_growth,1,5.076224750054566,MF-VAR,-2.3125442579498667,50,2004-09-30,1-step ahead,7.388769008004433
inflation,1,2.084309728754169,MF-VAR,0.5004517621220117,50,2004-09-30,1-step ahead,1.5838579666321575
gdp_growth,1,3.323503034581213,AR(2),-2.3125442579498667,50,2004-09-30,1-step ahead,5.63604729253108
inflation,1,1.1960462685457465,AR(2),0.5004517621220117,50,2004-09-30,1-step ahead,0.6955945064237348
exch_rate,1,0.40665746058963437,AR(2),0.4291559873006309,50,2004-09-30,1-step ahead,-0.022498526710996558
gdp_growth,1,4.054295990921049,RW-trend,-2.3125442579498667,50,2004-09-30,1-step ahead,6.366840248870916
inflation,1,2.114007953941107,RW-trend,0.5004517621220117,50,2004-09-30,1-step ahead,1.6135561918190953
exch_rate,1,0.4263713948250374,RW-trend,0.4291559873006309,50,2004-09-30,1-step ahead,-0.002784592475593539
gdp_growth,1,2.470011185393794,MIDAS (trend),-2.3125442579498667,50,2004-09-30,1-step ahead,4.782555443343661
inflation,1,1.1021790558361324,MIDAS (trend),0.5004517621220117,50,2004-09-30,1-step ahead,0.6017272937141207
exch_rate,1,0.4254609458028871,MIDAS (trend),0.4291559873006309,50,2004-09-30,1-step ahead,-0.0036950414977438006
gdp_growth,1,2.438860348165925,MIDAS,-2.3125442579498667,50,2004-09-30,1-step ahead,4.751404606115791
inflation,1,1.4897542632896197,MIDAS,0.5004517621220117,50,2004-09-30,1-step ahead,0.989302501167608
exch_rate,1,0.428984102733192,MIDAS,0.4291559873006309,50,2004-09-30,1-step ahead,-1.718845674389402e-4
exch_rate,1,0.42702908440963805,MF-VAR,0.4275754434356282,51,2004-12-31,1-step ahead,-5.463590259901507e-4
gdp_growth,1,-3.3683420400966573,MF-VAR,2.8247872609640012,51,2004-12-31,1-step ahead,-6.193129301060658
inflation,1,0.5267056553967994,MF-VAR,2.4012076933878745,51,2004-12-31,1-step ahead,-1.8745020379910753
gdp_growth,1,-0.09412285277013796,AR(2),2.8247872609640012,51,2004-12-31,1-step ahead,-2.9189101137341393
inflation,1,1.0032114841898723,AR(2),2.4012076933878745,51,2004-12-31,1-step ahead,-1.3979962091980023
exch_rate,1,0.4165762316866874,AR(2),0.4275754434356282,51,2004-12-31,1-step ahead,-0.010999211748940807
gdp_growth,1,-2.327564122178613,RW-trend,2.8247872609640012,51,2004-12-31,1-step ahead,-5.152351383142614
inflation,1,0.4303114547659399,RW-trend,2.4012076933878745,51,2004-12-31,1-step ahead,-1.9708962386219346
exch_rate,1,0.4250618411495947,RW-trend,0.4275754434356282,51,2004-12-31,1-step ahead,-0.0025136022860334784
gdp_growth,1,-0.2965063577038073,MIDAS (trend),2.8247872609640012,51,2004-12-31,1-step ahead,-3.1212936186678086
inflation,1,0.3994075454391096,MIDAS (trend),2.4012076933878745,51,2004-12-31,1-step ahead,-2.001800147948765
exch_rate,1,0.42408821798680485,MIDAS (trend),0.4275754434356282,51,2004-12-31,1-step ahead,-0.00348722544882335
gdp_growth,1,-0.13217448481628719,MIDAS,2.8247872609640012,51,2004-12-31,1-step ahead,-2.9569617457802884
inflation,1,0.6447032522392442,MIDAS,2.4012076933878745,51,2004-12-31,1-step ahead,-1.7565044411486304
exch_rate,1,0.42685768312493966,MIDAS,0.4275754434356282,51,2004-12-31,1-step ahead,-7.177603106885422e-4
exch_rate,1,0.4223130626842701,MF-VAR,0.43728574662599023,52,2005-03-31,1-step ahead,-0.014972683941720133
gdp_growth,1,2.6776843924197506,MF-VAR,2.6714334035702336,52,2005-03-31,1-step ahead,0.006250988849517025
inflation,1,2.410412564099046,MF-VAR,0.5205903463497918,52,2005-03-31,1-step ahead,1.8898222177492543
gdp_growth,1,1.580160660611766,AR(2),2.6714334035702336,52,2005-03-31,1-step ahead,-1.0912727429584677
inflation,1,1.3253910295356073,AR(2),0.5205903463497918,52,2005-03-31,1-step ahead,0.8048006831858154
exch_rate,1,0.4119812432207473,AR(2),0.43728574662599023,52,2005-03-31,1-step ahead,-0.02530450340524293
gdp_growth,1,2.912814424398107,RW-trend,2.6714334035702336,52,2005-03-31,1-step ahead,0.24138102082787327
inflation,1,2.3704853108042414,RW-trend,0.5205903463497918,52,2005-03-31,1-step ahead,1.8498949644544496
exch_rate,1,0.42353156933031266,RW-trend,0.43728574662599023,52,2005-03-31,1-step ahead,-0.013754177295677572
gdp_growth,1,2.5560480766048035,MIDAS (trend),2.6714334035702336,52,2005-03-31,1-step ahead,-0.11538532696543014
inflation,1,1.2334800289508951,MIDAS (trend),0.5205903463497918,52,2005-03-31,1-step ahead,0.7128896826011033
exch_rate,1,0.42861747500282177,MIDAS (trend),0.43728574662599023,52,2005-03-31,1-step ahead,-0.008668271623168466
gdp_growth,1,2.6735604915080535,MIDAS,2.6714334035702336,52,2005-03-31,1-step ahead,0.002127087937819905
inflation,1,1.6443211486754459,MIDAS,0.5205903463497918,52,2005-03-31,1-step ahead,1.123730802325654
exch_rate,1,0.4322143236309743,MIDAS,0.43728574662599023,52,2005-03-31,1-step ahead,-0.005071422995015951
exch_rate,1,0.43507869989041587,MF-VAR,0.43398432507084284,53,2005-06-30,1-step ahead,0.0010943748195730296
gdp_growth,1,2.729170702245711,MF-VAR,4.133854660624081,53,2005-06-30,1-step ahead,-1.4046839583783703
inflation,1,0.5236559917744819,MF-VAR,0.6981856241615958,53,2005-06-30,1-step ahead,-0.17452963238711394
gdp_growth,1,1.6108044435429596,AR(2),4.133854660624081,53,2005-06-30,1-step ahead,-2.5230502170811215
inflation,1,1.157404328153383,AR(2),0.6981856241615958,53,2005-06-30,1-step ahead,0.4592187039917872
exch_rate,1,0.4243269213017563,AR(2),0.43398432507084284,53,2005-06-30,1-step ahead,-0.009657403769086526
gdp_growth,1,2.754727605811636,RW-trend,4.133854660624081,53,2005-06-30,1-step ahead,-1.3791270548124452
inflation,1,0.4535955134827382,RW-trend,0.6981856241615958,53,2005-06-30,1-step ahead,-0.2445901106788576
exch_rate,1,0.43351156227157034,RW-trend,0.43398432507084284,53,2005-06-30,1-step ahead,-4.72762799272497e-4
gdp_growth,1,1.9194561950569373,MIDAS (trend),4.133854660624081,53,2005-06-30,1-step ahead,-2.214398465567144
inflation,1,0.49884656496013785,MIDAS (trend),0.6981856241615958,53,2005-06-30,1-step ahead,-0.19933905920145795
exch_rate,1,0.4344232735791969,MIDAS (trend),0.43398432507084284,53,2005-06-30,1-step ahead,4.389485083540756e-4
gdp_growth,1,2.0176557168799882,MIDAS,4.133854660624081,53,2005-06-30,1-step ahead,-2.116198943744093
inflation,1,0.8372823817097208,MIDAS,0.6981856241615958,53,2005-06-30,1-step ahead,0.139096757548125
exch_rate,1,0.4373018347789534,MIDAS,0.43398432507084284,53,2005-06-30,1-step ahead,0.0033175097081105664
exch_rate,1,0.4248513471025442,MF-VAR,0.4403625161672509,54,2005-09-30,1-step ahead,-0.015511169064706731
gdp_growth,1,5.270699070811931,MF-VAR,5.618027506226042,54,2005-09-30,1-step ahead,-0.34732843541411107
inflation,1,0.631276809818976,MF-VAR,1.0834491931941415,54,2005-09-30,1-step ahead,-0.4521723833751654
gdp_growth,1,3.1803728796868604,AR(2),5.618027506226042,54,2005-09-30,1-step ahead,-2.4376546265391816
inflation,1,0.717658325871757,AR(2),1.0834491931941415,54,2005-09-30,1-step ahead,-0.3657908673223844
exch_rate,1,0.4139638621892698,AR(2),0.4403625161672509,54,2005-09-30,1-step ahead,-0.026398653977981135
gdp_growth,1,4.243670536996492,RW-trend,5.618027506226042,54,2005-09-30,1-step ahead,-1.3743569692295496
inflation,1,0.6358944472691356,RW-trend,1.0834491931941415,54,2005-09-30,1-step ahead,-0.4475547459250059
exch_rate,1,0.4302192323087166,RW-trend,0.4403625161672509,54,2005-09-30,1-step ahead,-0.010143283858534302
gdp_growth,1,2.888399090011567,MIDAS (trend),5.618027506226042,54,2005-09-30,1-step ahead,-2.7296284162144753
inflation,1,0.5617922250456895,MIDAS (trend),1.0834491931941415,54,2005-09-30,1-step ahead,-0.521656968148452
exch_rate,1,0.4341899213037107,MIDAS (trend),0.4403625161672509,54,2005-09-30,1-step ahead,-0.006172594863540215
gdp_growth,1,2.8556247774406973,MIDAS,5.618027506226042,54,2005-09-30,1-step ahead,-2.7624027287853448
inflation,1,0.9275993165518204,MIDAS,1.0834491931941415,54,2005-09-30,1-step ahead,-0.15584987664232108
exch_rate,1,0.4372124958757271,MIDAS,0.4403625161672509,54,2005-09-30,1-step ahead,-0.0031500202915238362
exch_rate,1,0.4382356132762581,MF-VAR,0.43649636838968137,55,2005-12-31,1-step ahead,0.0017392448865767296
gdp_growth,1,4.562229724079251,MF-VAR,4.870379206948883,55,2005-12-31,1-step ahead,-0.3081494828696316
inflation,1,1.1097030864689292,MF-VAR,2.061961477182095,55,2005-12-31,1-step ahead,-0.9522583907131656
gdp_growth,1,2.284295862946004,AR(2),4.870379206948883,55,2005-12-31,1-step ahead,-2.5860833440028785
inflation,1,0.9211977980874573,AR(2),2.061961477182095,55,2005-12-31,1-step ahead,-1.1407636790946376
exch_rate,1,0.42718218394224133,AR(2),0.43649636838968137,55,2005-12-31,1-step ahead,-0.009314184447440033
gdp_growth,1,5.7537746461688215,RW-trend,4.870379206948883,55,2005-12-31,1-step ahead,0.8833954392199388
inflation,1,1.0296024454700776,RW-trend,2.061961477182095,55,2005-12-31,1-step ahead,-1.0323590317120173
exch_rate,1,0.43678880611943666,RW-trend,0.43649636838968137,55,2005-12-31,1-step ahead,2.924377297552905e-4
gdp_growth,1,3.5754386163085727,MIDAS (trend),4.870379206948883,55,2005-12-31,1-step ahead,-1.29494059064031
inflation,1,0.7416801486835717,MIDAS (trend),2.061961477182095,55,2005-12-31,1-step ahead,-1.320281328498523
exch_rate,1,0.43953354155724855,MIDAS (trend),0.43649636838968137,55,2005-12-31,1-step ahead,0.0030371731675671865
gdp_growth,1,3.426706983912724,MIDAS,4.870379206948883,55,2005-12-31,1-step ahead,-1.4436722230361587
inflation,1,1.0367986752808875,MIDAS,2.061961477182095,55,2005-12-31,1-step ahead,-1.0251628019012073
exch_rate,1,0.4419732563501686,MIDAS,0.43649636838968137,55,2005-12-31,1-step ahead,0.005476887960487231
exch_rate,1,0.4312339876383232,MF-VAR,0.443775978342186,56,2006-03-31,1-step ahead,-0.012541990703862804
gdp_growth,1,4.723276338404632,MF-VAR,5.809350523699663,56,2006-03-31,1-step ahead,-1.0860741852950317
inflation,1,2.071166347893266,MF-VAR,1.2756362344717331,56,2006-03-31,1-step ahead,0.7955301134215329
gdp_growth,1,2.3517025218926886,AR(2),5.809350523699663,56,2006-03-31,1-step ahead,-3.457648001806975
inflation,1,1.326861537844893,AR(2),1.2756362344717331,56,2006-03-31,1-step ahead,0.05122530337315978
exch_rate,1,0.4201930156166241,AR(2),0.443775978342186,56,2006-03-31,1-step ahead,-0.02358296272556193
gdp_growth,1,4.989767172091293,RW-trend,5.809350523699663,56,2006-03-31,1-step ahead,-0.8195833516083706
inflation,1,2.02723248930455,RW-trend,1.2756362344717331,56,2006-03-31,1-step ahead,0.7515962548328168
exch_rate,1,0.43291724282835314,RW-trend,0.443775978342186,56,2006-03-31,1-step ahead,-0.010858735513832873
gdp_growth,1,3.528063131956756,MIDAS (trend),5.809350523699663,56,2006-03-31,1-step ahead,-2.2812873917429073
inflation,1,1.230523907592235,MIDAS (trend),1.2756362344717331,56,2006-03-31,1-step ahead,-0.04511232687949818
exch_rate,1,0.4362010824592168,MIDAS (trend),0.443775978342186,56,2006-03-31,1-step ahead,-0.007574895882969224
gdp_growth,1,3.3417163652369286,MIDAS,5.809350523699663,56,2006-03-31,1-step ahead,-2.467634158462735
inflation,1,1.4946671513479637,MIDAS,1.2756362344717331,56,2006-03-31,1-step ahead,0.21903091687623055
exch_rate,1,0.4387490742108826,MIDAS,0.443775978342186,56,2006-03-31,1-step ahead,-0.005026904131303411
exch_rate,1,0.44156893160661165,MF-VAR,0.447125523542128,57,2006-06-30,1-step ahead,-0.005556591935516331
gdp_growth,1,5.86708782237514,MF-VAR,3.9541039252732446,57,2006-06-30,1-step ahead,1.9129838971018955
inflation,1,1.2787018798964234,MF-VAR,0.6643344051440181,57,2006-06-30,1-step ahead,0.6143674747524053
gdp_growth,1,2.9168295568076106,AR(2),3.9541039252732446,57,2006-06-30,1-step ahead,-1.037274368465634
inflation,1,1.2865808697413,AR(2),0.6643344051440181,57,2006-06-30,1-step ahead,0.6222464645972818
exch_rate,1,0.43092534279472144,AR(2),0.447125523542128,57,2006-06-30,1-step ahead,-0.016200180747406534
gdp_growth,1,5.943640004325863,RW-trend,3.9541039252732446,57,2006-06-30,1-step ahead,1.989536079052618
inflation,1,1.2272418601426822,RW-trend,0.6643344051440181,57,2006-06-30,1-step ahead,0.5629074549986641
exch_rate,1,0.44039428433565475,RW-trend,0.447125523542128,57,2006-06-30,1-step ahead,-0.006731239206473227
gdp_growth,1,3.7792521363003715,MIDAS (trend),3.9541039252732446,57,2006-06-30,1-step ahead,-0.17485178897287312
inflation,1,0.911626365785275,MIDAS (trend),0.6643344051440181,57,2006-06-30,1-step ahead,0.2472919606412569
exch_rate,1,0.44119521729020206,MIDAS (trend),0.447125523542128,57,2006-06-30,1-step ahead,-0.005930306251925921
gdp_growth,1,3.5136380328781094,MIDAS,3.9541039252732446,57,2006-06-30,1-step ahead,-0.44046589239513523
inflation,1,1.1545411260260487,MIDAS,0.6643344051440181,57,2006-06-30,1-step ahead,0.49020672088203066
exch_rate,1,0.443531363152175,MIDAS,0.447125523542128,57,2006-06-30,1-step ahead,-0.0035941603899529717
exch_rate,1,0.4379925455738294,MF-VAR,0.45526779232867903,58,2006-09-30,1-step ahead,-0.01727524675484965
gdp_growth,1,5.0909483354610945,MF-VAR,3.5793380985040812,58,2006-09-30,1-step ahead,1.5116102369570132
inflation,1,0.5974255908013983,MF-VAR,0.6618513002948134,58,2006-09-30,1-step ahead,-0.06442570949341508
gdp_growth,1,3.5469923227608584,AR(2),3.5793380985040812,58,2006-09-30,1-step ahead,-0.03234577574322284
inflation,1,0.862384761439354,AR(2),0.6618513002948134,58,2006-09-30,1-step ahead,0.20053346114454063
exch_rate,1,0.42717638393683216,AR(2),0.45526779232867903,58,2006-09-30,1-step ahead,-0.028091408391846873
gdp_growth,1,4.052865975916361,RW-trend,3.5793380985040812,58,2006-09-30,1-step ahead,0.47352787741227953
inflation,1,0.6058881119757054,RW-trend,0.6618513002948134,58,2006-09-30,1-step ahead,-0.05596318831910807
exch_rate,1,0.4438640302357123,RW-trend,0.45526779232867903,58,2006-09-30,1-step ahead,-0.01140376209296673
gdp_growth,1,2.5412084552507905,MIDAS (trend),3.5793380985040812,58,2006-09-30,1-step ahead,-1.0381296432532907
inflation,1,0.5408861373766717,MIDAS (trend),0.6618513002948134,58,2006-09-30,1-step ahead,-0.12096516291814174
exch_rate,1,0.43966677956738665,MIDAS (trend),0.45526779232867903,58,2006-09-30,1-step ahead,-0.015601012761292388
gdp_growth,1,2.146061446879678,MIDAS,3.5793380985040812,58,2006-09-30,1-step ahead,-1.433276651624403
inflation,1,0.853755269065427,MIDAS,0.6618513002948134,58,2006-09-30,1-step ahead,0.19190396877061355
exch_rate,1,0.4420323700693152,MIDAS,0.45526779232867903,58,2006-09-30,1-step ahead,-0.01323542225936386
exch_rate,1,0.45314088943768616,MF-VAR,0.4655172547431663,59,2006-12-31,1-step ahead,-0.012376365305480141
gdp_growth,1,2.5235403163572907,MF-VAR,5.875864977073775,59,2006-12-31,1-step ahead,-3.352324660716484
inflation,1,0.6881051935696011,MF-VAR,-0.69066409813913765,59,2006-12-31,1-step ahead,1.3787692917087386
gdp_growth,1,1.9890315664183404,AR(2),5.875864977073775,59,2006-12-31,1-step ahead,-3.8868334106554343
inflation,1,0.7841785395744104,AR(2),-0.69066409813913765,59,2006-12-31,1-step ahead,1.474842637713548
exch_rate,1,0.44128290244241514,AR(2),0.4655172547431663,59,2006-12-31,1-step ahead,-0.02423435230075116
gdp_growth,1,3.66979264252593,RW-trend,5.875864977073775,59,2006-12-31,1-step ahead,-2.206072334547845
inflation,1,0.6043868174478886,RW-trend,-0.69066409813913765,59,2006-12-31,1-step ahead,1.2950509155870262
exch_rate,1,0.45220636502389433,RW-trend,0.4655172547431663,59,2006-12-31,1-step ahead,-0.013310889719271968
gdp_growth,1,3.55044839414452,MIDAS (trend),5.875864977073775,59,2006-12-31,1-step ahead,-2.325416582929255
inflation,1,0.5923768008284613,MIDAS (trend),-0.69066409813913765,59,2006-12-31,1-step ahead,1.283040898967599
exch_rate,1,0.45539777719276525,MIDAS (trend),0.4655172547431663,59,2006-12-31,1-step ahead,-0.010119477550401046
gdp_growth,1,3.0738749146488202,MIDAS,5.875864977073775,59,2006-12-31,1-step ahead,-2.8019900624249545
inflation,1,0.9144922260996666,MIDAS,-0.69066409813913765,59,2006-12-31,1-step ahead,1.6051563242388043
exch_rate,1,0.45638669322077524,MIDAS,0.4655172547431663,59,2006-12-31,1-step ahead,-0.009130561522391056
exch_rate,1,0.46025487399180814,MF-VAR,0.4802971364235522,60,2007-03-31,1-step ahead,-0.020042262431744062
gdp_growth,1,5.728762108529525,MF-VAR,4.743892418136397,60,2007-03-31,1-step ahead,0.9848696903931273
inflation,1,-0.6814592274279664,MF-VAR,-0.018277933395793866,60,2007-03-31,1-step ahead,-0.6631812940321725
gdp_growth,1,2.960317496418826,AR(2),4.743892418136397,60,2007-03-31,1-step ahead,-1.7835749217175714
inflation,1,0.37593107409681414,AR(2),-0.018277933395793866,60,2007-03-31,1-step ahead,0.394209007492608
exch_rate,1,0.44762469066490773,AR(2),0.4802971364235522,60,2007-03-31,1-step ahead,-0.032672445758644475
gdp_growth,1,6.004355251001621,RW-trend,4.743892418136397,60,2007-03-31,1-step ahead,1.2604628328652234
inflation,1,-0.7704570450479078,RW-trend,-0.018277933395793866,60,2007-03-31,1-step ahead,-0.7521791116521139
exch_rate,1,0.46268532553698977,RW-trend,0.4802971364235522,60,2007-03-31,1-step ahead,-0.01761181088656244
gdp_growth,1,3.075930788190487,MIDAS (trend),4.743892418136397,60,2007-03-31,1-step ahead,-1.6679616299459101
inflation,1,0.010773386968121648,MIDAS (trend),-0.018277933395793866,60,2007-03-31,1-step ahead,0.029051320363915514
exch_rate,1,0.4561140851041076,MIDAS (trend),0.4802971364235522,60,2007-03-31,1-step ahead,-0.024183051319444593
gdp_growth,1,2.5825389381641655,MIDAS,4.743892418136397,60,2007-03-31,1-step ahead,-2.161353479972232
inflation,1,0.30214060380855645,MIDAS,-0.018277933395793866,60,2007-03-31,1-step ahead,0.3204185372043503
exch_rate,1,0.45607461664331084,MIDAS,0.4802971364235522,60,2007-03-31,1-step ahead,-0.02422251978024137
exch_rate,1,0.4780900896879779,MF-VAR,0.49908218939598514,61,2007-06-30,1-step ahead,-0.02099209970800725
gdp_growth,1,4.801629716811874,MF-VAR,5.88248387131074,61,2007-06-30,1-step ahead,-1.0808541544988657
inflation,1,-0.0152122879711038,MF-VAR,2.1039665983646927,61,2007-06-30,1-step ahead,-2.1191788863357965
gdp_growth,1,2.887673101562148,AR(2),5.88248387131074,61,2007-06-30,1-step ahead,-2.9948107697485917
inflation,1,0.3046844217121946,AR(2),2.1039665983646927,61,2007-06-30,1-step ahead,-1.799282176652498
exch_rate,1,0.463778559567101,AR(2),0.49908218939598514,61,2007-06-30,1-step ahead,-0.03530362982888413
gdp_growth,1,4.851018915236019,RW-trend,5.88248387131074,61,2007-06-30,1-step ahead,-1.0314649560747204
inflation,1,-0.08532208180198586,RW-trend,2.1039665983646927,61,2007-06-30,1-step ahead,-2.1892886801666784
exch_rate,1,0.47776371248663946,RW-trend,0.49908218939598514,61,2007-06-30,1-step ahead,-0.021318476909345685
gdp_growth,1,2.9424084985562513,MIDAS (trend),5.88248387131074,61,2007-06-30,1-step ahead,-2.9400753727544884
inflation,1,0.18228393129400408,MIDAS (trend),2.1039665983646927,61,2007-06-30,1-step ahead,-1.9216826670706886
exch_rate,1,0.47243317200308743,MIDAS (trend),0.49908218939598514,61,2007-06-30,1-step ahead,-0.02664901739289771
gdp_growth,1,2.241876906248743,MIDAS,5.88248387131074,61,2007-06-30,1-step ahead,-3.6406069650619965
inflation,1,0.5596942861027143,MIDAS,2.1039665983646927,61,2007-06-30,1-step ahead,-1.5442723122619784
exch_rate,1,0.4697991842379515,MIDAS,0.49908218939598514,61,2007-06-30,1-step ahead,-0.02928300515803367
exch_rate,1,0.4899492114276865,MF-VAR,0.4991327091316061,62,2007-09-30,1-step ahead,-0.00918349770391963
gdp_growth,1,7.0193282814985904,MF-VAR,2.8907867930549003,62,2007-09-30,1-step ahead,4.12854148844369
inflation,1,2.037057784022073,MF-VAR,1.0118753772182743,62,2007-09-30,1-step ahead,1.0251824068037987
gdp_growth,1,4.51778892795803,AR(2),2.8907867930549003,62,2007-09-30,1-step ahead,1.6270021349031296
inflation,1,1.055289555534364,AR(2),1.0118753772182743,62,2007-09-30,1-step ahead,0.043414178316089735
exch_rate,1,0.4737895441430213,AR(2),0.4991327091316061,62,2007-09-30,1-step ahead,-0.0253431649885848
gdp_growth,1,6.006801451011607,RW-trend,2.8907867930549003,62,2007-09-30,1-step ahead,3.1160146579567067
inflation,1,2.0734105946279455,RW-trend,1.0118753772182743,62,2007-09-30,1-step ahead,1.0615352174096713
exch_rate,1,0.4969040734075615,RW-trend,0.4991327091316061,62,2007-09-30,1-step ahead,-0.0022286357240446364
gdp_growth,1,4.05976953192206,MIDAS (trend),2.8907867930549003,62,2007-09-30,1-step ahead,1.16898273886716
inflation,1,1.1638472317231896,MIDAS (trend),1.0118753772182743,62,2007-09-30,1-step ahead,0.15197185450491535
exch_rate,1,0.495680082106337,MIDAS (trend),0.4991327091316061,62,2007-09-30,1-step ahead,-0.003452627025269106
gdp_growth,1,3.3265441998152703,MIDAS,2.8907867930549003,62,2007-09-30,1-step ahead,0.43575740676037
inflation,1,1.5142067194746414,MIDAS,1.0118753772182743,62,2007-09-30,1-step ahead,0.5023313422563671
exch_rate,1,0.48962633413270845,MIDAS,0.4991327091316061,62,2007-09-30,1-step ahead,-0.009506374998897671
exch_rate,1,0.4970058062406133,MF-VAR,0.506308917047027,63,2007-12-31,1-step ahead,-0.009303110806413661
gdp_growth,1,1.8349890109081097,MF-VAR,1.6615147517860862,63,2007-12-31,1-step ahead,0.17347425912202352
inflation,1,1.038129270493062,MF-VAR,3.6120198939300963,63,2007-12-31,1-step ahead,-2.573890623437034
gdp_growth,1,2.039715032284477,AR(2),1.6615147517860862,63,2007-12-31,1-step ahead,0.37820028049839083
inflation,1,1.1100525541515878,AR(2),3.6120198939300963,63,2007-12-31,1-step ahead,-2.5019673397785085
exch_rate,1,0.4808741396077722,AR(2),0.506308917047027,63,2007-12-31,1-step ahead,-0.025434777439254763
gdp_growth,1,2.9640221652482803,RW-trend,1.6615147517860862,63,2007-12-31,1-step ahead,1.3025074134621941
inflation,1,0.9639171568026799,RW-trend,3.6120198939300963,63,2007-12-31,1-step ahead,-2.6481027371274166
exch_rate,1,0.49699112815505203,RW-trend,0.506308917047027,63,2007-12-31,1-step ahead,-0.009317788891974932
gdp_growth,1,2.778716136447505,MIDAS (trend),1.6615147517860862,63,2007-12-31,1-step ahead,1.1172013846614188
inflation,1,0.6579686149789945,MIDAS (trend),3.6120198939300963,63,2007-12-31,1-step ahead,-2.954051278951102
exch_rate,1,0.4954335491836967,MIDAS (trend),0.506308917047027,63,2007-12-31,1-step ahead,-0.010875367863330265
gdp_growth,1,1.8453882224324882,MIDAS,1.6615147517860862,63,2007-12-31,1-step ahead,0.18387347064640203
inflation,1,1.008660223546879,MIDAS,3.6120198939300963,63,2007-12-31,1-step ahead,-2.6033596703832176
exch_rate,1,0.4885291731233378,MIDAS,0.506308917047027,63,2007-12-31,1-step ahead,-0.01777974392368914
exch_rate,1,0.5010465362956688,MF-VAR,0.4697252905966712,64,2008-03-31,1-step ahead,0.03132124569899758
gdp_growth,1,1.5144118832418356,MF-VAR,3.918934292251919,64,2008-03-31,1-step ahead,-2.404522409010083
inflation,1,3.6212247646412674,MF-VAR,3.1437137092794387,64,2008-03-31,1-step ahead,0.4775110553618287
gdp_growth,1,1.6256579722149556,AR(2),3.918934292251919,64,2008-03-31,1-step ahead,-2.2932763200369632
inflation,1,1.695382739487935,AR(2),3.1437137092794387,64,2008-03-31,1-step ahead,-1.4483309697915037
exch_rate,1,0.48552754754469984,AR(2),0.4697252905966712,64,2008-03-31,1-step ahead,0.01580225694802867
gdp_growth,1,1.7137419398913665,RW-trend,3.918934292251919,64,2008-03-31,1-step ahead,-2.2051923523605526
inflation,1,3.606773007984299,RW-trend,3.1437137092794387,64,2008-03-31,1-step ahead,0.4630592987048603
exch_rate,1,0.5043176229880854,RW-trend,0.4697252905966712,64,2008-03-31,1-step ahead,0.03459233239141418
gdp_growth,1,2.7327554424217664,MIDAS (trend),3.918934292251919,64,2008-03-31,1-step ahead,-1.1861788498301524
inflation,1,1.8285005707190471,MIDAS (trend),3.1437137092794387,64,2008-03-31,1-step ahead,-1.3152131385603916
exch_rate,1,0.506654316949009,MIDAS (trend),0.4697252905966712,64,2008-03-31,1-step ahead,0.0369290263523378
gdp_growth,1,2.127004980391423,MIDAS,3.918934292251919,64,2008-03-31,1-step ahead,-1.7919293118604958
inflation,1,1.9814116278217342,MIDAS,3.1437137092794387,64,2008-03-31,1-step ahead,-1.1623020814577045
exch_rate,1,0.4995509270422151,MIDAS,0.4697252905966712,64,2008-03-31,1-step ahead,0.029825636445543924
exch_rate,1,0.4675182438610968,MF-VAR,0.47699546228715267,65,2008-06-30,1-step ahead,-0.009477218426055867
gdp_growth,1,3.976671590927396,MF-VAR,2.49364972235,65,2008-06-30,1-step ahead,1.4830218685773962
inflation,1,3.1467793547041283,MF-VAR,2.798895238210619,65,2008-06-30,1-step ahead,0.34788411649350914
gdp_growth,1,2.544977190937356,AR(2),2.49364972235,65,2008-06-30,1-step ahead,0.05132746858735615
inflation,1,2.094968215732136,AR(2),2.798895238210619,65,2008-06-30,1-step ahead,-0.7039270224784833
exch_rate,1,0.4493753148261089,AR(2),0.47699546228715267,65,2008-06-30,1-step ahead,-0.027620147461043798
gdp_growth,1,4.0061645335692715,RW-trend,2.49364972235,65,2008-06-30,1-step ahead,1.5125148112192717
inflation,1,3.1311166757351514,RW-trend,2.798895238210619,65,2008-06-30,1-step ahead,0.33222143752453226
exch_rate,1,0.467184911896596,RW-trend,0.47699546228715267,65,2008-06-30,1-step ahead,-0.009810550390556672
gdp_growth,1,4.054603143953845,MIDAS (trend),2.49364972235,65,2008-06-30,1-step ahead,1.5609534216038448
inflation,1,1.8611691025234853,MIDAS (trend),2.798895238210619,65,2008-06-30,1-step ahead,-0.9377261356871338
exch_rate,1,0.4718637626213998,MIDAS (trend),0.47699546228715267,65,2008-06-30,1-step ahead,-0.005131699665752887
gdp_growth,1,3.255535944362845,MIDAS,2.49364972235,65,2008-06-30,1-step ahead,0.7618862220128451
inflation,1,1.9548477822566352,MIDAS,2.798895238210619,65,2008-06-30,1-step ahead,-0.8440474559539839
exch_rate,1,0.46756869035468757,MIDAS,0.47699546228715267,65,2008-06-30,1-step ahead,-0.009426771932465106
exch_rate,1,0.4678624843188541,MF-VAR,0.4769554509083359,66,2008-09-30,1-step ahead,-0.009092966589481832
gdp_growth,1,3.6304941325378506,MF-VAR,2.0067796259745307,66,2008-09-30,1-step ahead,1.6237145065633198
inflation,1,2.731986423868,MF-VAR,1.9316919526978893,66,2008-09-30,1-step ahead,0.8002944711701105
gdp_growth,1,3.2773213659554834,AR(2),2.0067796259745307,66,2008-09-30,1-step ahead,1.2705417399809527
inflation,1,1.9418248190230596,AR(2),1.9316919526978893,66,2008-09-30,1-step ahead,0.010132866325170298
exch_rate,1,0.45835022447340174,AR(2),0.4769554509083359,66,2008-09-30,1-step ahead,-0.018605226434934174
gdp_growth,1,2.557246919742051,RW-trend,2.0067796259745307,66,2008-09-30,1-step ahead,0.5504672937675203
inflation,1,2.781107244705011,RW-trend,1.9316919526978893,66,2008-09-30,1-step ahead,0.8494152920071216
exch_rate,1,0.47460837343692996,RW-trend,0.4769554509083359,66,2008-09-30,1-step ahead,-0.002347077471405945
gdp_growth,1,2.879747986563061,MIDAS (trend),2.0067796259745307,66,2008-09-30,1-step ahead,0.8729683605885303
inflation,1,1.9295000138567553,MIDAS (trend),1.9316919526978893,66,2008-09-30,1-step ahead,-0.002191938841134
exch_rate,1,0.473540101235625,MIDAS (trend),0.4769554509083359,66,2008-09-30,1-step ahead,-0.003415349672710899
gdp_growth,1,2.2922242016719747,MIDAS,2.0067796259745307,66,2008-09-30,1-step ahead,0.28544457569744397
inflation,1,1.94549838280424,MIDAS,1.9316919526978893,66,2008-09-30,1-step ahead,0.013806430106350742
exch_rate,1,0.4696789177123048,MIDAS,0.4769554509083359,66,2008-09-30,1-step ahead,-0.00727653319603111
exch_rate,1,0.47482854801734303,MF-VAR,0.422032119923195,67,2008-12-31,1-step ahead,0.05279642809414803
gdp_growth,1,0.9509818438277399,MF-VAR,-8.38357449435776,67,2008-12-31,1-step ahead,9.3345563381855
inflation,1,1.957945845972677,MF-VAR,-1.6507359580426595,67,2008-12-31,1-step ahead,3.608681804015337
gdp_growth,1,1.5650094560461496,AR(2),-8.38357449435776,67,2008-12-31,1-step ahead,9.94858395040391
inflation,1,1.660941684200242,AR(2),-1.6507359580426595,67,2008-12-31,1-step ahead,3.3116776422429015
exch_rate,1,0.4651442488986994,AR(2),0.422032119923195,67,2008-12-31,1-step ahead,0.04311212897550437
gdp_growth,1,2.0619080957701583,RW-trend,-8.38357449435776,67,2008-12-31,1-step ahead,10.445482590127918
inflation,1,1.900836031622941,RW-trend,-1.6507359580426595,67,2008-12-31,1-step ahead,3.5515719896656
exch_rate,1,0.4746044709422887,RW-trend,0.422032119923195,67,2008-12-31,1-step ahead,0.05257235101909369
gdp_growth,1,1.9885679903646485,MIDAS (trend),-8.38357449435776,67,2008-12-31,1-step ahead,10.372142484722408
inflation,1,1.5809282453779283,MIDAS (trend),-1.6507359580426595,67,2008-12-31,1-step ahead,3.231664203420588
exch_rate,1,0.4700090675082667,MIDAS (trend),0.422032119923195,67,2008-12-31,1-step ahead,0.047976947585071705
gdp_growth,1,1.4764421195598698,MIDAS,-8.38357449435776,67,2008-12-31,1-step ahead,9.86001661391763
inflation,1,1.5933574416578304,MIDAS,-1.6507359580426595,67,2008-12-31,1-step ahead,3.24409339970049
exch_rate,1,0.4665311125865928,MIDAS,0.422032119923195,67,2008-12-31,1-step ahead,0.044498992663397796
exch_rate,1,0.4167697391718369,MF-VAR,0.40352798056225997,68,2009-03-31,1-step ahead,0.013241758609576937
gdp_growth,1,-8.53067736290201,MF-VAR,-5.445667290074141,68,2009-03-31,1-step ahead,-3.0850100728278687
inflation,1,-1.6415310873314886,MF-VAR,-3.217724212856865,68,2009-03-31,1-step ahead,1.5761931255253765
gdp_growth,1,-1.59532009469768,AR(2),-5.445667290074141,68,2009-03-31,1-step ahead,3.850347195376461
inflation,1,0.23880081568590183,AR(2),-3.217724212856865,68,2009-03-31,1-step ahead,3.456525028542767
exch_rate,1,0.39671052563249093,AR(2),0.40352798056225997,68,2009-03-31,1-step ahead,-0.00681745492976904
gdp_growth,1,-8.486710912291342,RW-trend,-5.445667290074141,68,2009-03-31,1-step ahead,-3.0410436222172006
inflation,1,-1.735403575930723,RW-trend,-3.217724212856865,68,2009-03-31,1-step ahead,1.4823206369261421
exch_rate,1,0.4188845891841312,RW-trend,0.40352798056225997,68,2009-03-31,1-step ahead,0.015356608621871215
gdp_growth,1,-1.528629522120895,MIDAS (trend),-5.445667290074141,68,2009-03-31,1-step ahead,3.917037767953246
inflation,1,-0.145313185214035,MIDAS (trend),-3.217724212856865,68,2009-03-31,1-step ahead,3.07241102764283
exch_rate,1,0.43021745364172775,MIDAS (trend),0.40352798056225997,68,2009-03-31,1-step ahead,0.026689473079467785
gdp_growth,1,-2.2712314700656577,MIDAS,-5.445667290074141,68,2009-03-31,1-step ahead,3.1744358200084832
inflation,1,0.003243360187932995,MIDAS,-3.217724212856865,68,2009-03-31,1-step ahead,3.220967573044798
exch_rate,1,0.4274901541086141,MIDAS,0.40352798056225997,68,2009-03-31,1-step ahead,0.023962173546354104
exch_rate,1,0.4013209338266856,MF-VAR,0.4146276457247606,69,2009-06-30,1-step ahead,-0.013306711898074974
gdp_growth,1,-5.387929991398664,MF-VAR,0.7283300923567992,69,2009-06-30,1-step ahead,-6.1162600837554635
inflation,1,-3.2146585674321755,MF-VAR,0.1837758402587042,69,2009-06-30,1-step ahead,-3.3984344076908797
gdp_growth,1,-1.0194240302107107,AR(2),0.7283300923567992,69,2009-06-30,1-step ahead,-1.74775412256751
inflation,1,-0.8717929779387863,AR(2),0.1837758402587042,69,2009-06-30,1-step ahead,-1.0555688181974905
exch_rate,1,0.394913360723953,AR(2),0.4146276457247606,69,2009-06-30,1-step ahead,-0.019714285000807574
gdp_growth,1,-5.503414997228362,RW-trend,0.7283300923567992,69,2009-06-30,1-step ahead,-6.231745089585162
inflation,1,-3.3245160193557663,RW-trend,0.1837758402587042,69,2009-06-30,1-step ahead,-3.5082918596144705
exch_rate,1,0.4001512467094369,RW-trend,0.4146276457247606,69,2009-06-30,1-step ahead,-0.01447639901532366
gdp_growth,1,1.3458520220075512,MIDAS (trend),0.7283300923567992,69,2009-06-30,1-step ahead,0.6175219296507519
inflation,1,-1.542793743617228,MIDAS (trend),0.1837758402587042,69,2009-06-30,1-step ahead,-1.7265695838759323
exch_rate,1,0.42625250584985963,MIDAS (trend),0.4146276457247606,69,2009-06-30,1-step ahead,0.011624860125099057
gdp_growth,1,1.1761210485557625,MIDAS,0.7283300923567992,69,2009-06-30,1-step ahead,0.44779095619896325
inflation,1,-1.1618012794741757,MIDAS,0.1837758402587042,69,2009-06-30,1-step ahead,-1.3455771197328799
exch_rate,1,0.4250819455130883,MIDAS,0.4146276457247606,69,2009-06-30,1-step ahead,0.010454299788327737
exch_rate,1,0.4054946677564619,MF-VAR,0.41848930336941326,70,2009-09-30,1-step ahead,-0.012994635612951333
gdp_growth,1,1.86517450254465,MF-VAR,4.801993690938389,70,2009-09-30,1-step ahead,-2.9368191883937387
inflation,1,0.11686702591608447,MF-VAR,1.054747307734516,70,2009-09-30,1-step ahead,-0.9378802818184315
gdp_growth,1,2.552712447491687,AR(2),4.801993690938389,70,2009-09-30,1-step ahead,-2.2492812434467018
inflation,1,0.41516949335801967,AR(2),1.054747307734516,70,2009-09-30,1-step ahead,-0.6395778143764963
exch_rate,1,0.4018587926704943,AR(2),0.41848930336941326,70,2009-09-30,1-step ahead,-0.016630510698918965
gdp_growth,1,0.7622256953435358,RW-trend,4.801993690938389,70,2009-09-30,1-step ahead,-4.039767995594853
inflation,1,0.12857656110707438,RW-trend,1.054747307734516,70,2009-09-30,1-step ahead,-0.9261707466274416
exch_rate,1,0.4114638000927511,RW-trend,0.41848930336941326,70,2009-09-30,1-step ahead,-0.007025503276662182
gdp_growth,1,2.9506613954317373,MIDAS (trend),4.801993690938389,70,2009-09-30,1-step ahead,-1.8513322955066513
inflation,1,0.4493559362444688,MIDAS (trend),1.054747307734516,70,2009-09-30,1-step ahead,-0.6053913714900472
exch_rate,1,0.4262206684127014,MIDAS (trend),0.41848930336941326,70,2009-09-30,1-step ahead,0.007731365043288141
gdp_growth,1,2.876630349190549,MIDAS,4.801993690938389,70,2009-09-30,1-step ahead,-1.9253633417478397
inflation,1,0.6993843431576091,MIDAS,1.054747307734516,70,2009-09-30,1-step ahead,-0.35536296457690686
exch_rate,1,0.4259632406046593,MIDAS,0.41848930336941326,70,2009-09-30,1-step ahead,0.007473937235246031
exch_rate,1,0.41636240047842044,MF-VAR,0.41144550632339044,71,2009-12-31,1-step ahead,0.004916894155029994
gdp_growth,1,3.746195908791598,MF-VAR,2.3059372988406324,71,2009-12-31,1-step ahead,1.4402586099509658
inflation,1,1.0810012010093035,MF-VAR,1.3961359361985615,71,2009-12-31,1-step ahead,-0.31513473518925794
gdp_growth,1,2.6008952443186675,AR(2),2.3059372988406324,71,2009-12-31,1-step ahead,0.2949579454780351
inflation,1,0.9275867986635161,AR(2),1.3961359361985615,71,2009-12-31,1-step ahead,-0.46854913753504535
exch_rate,1,0.41202066750663485,AR(2),0.41144550632339044,71,2009-12-31,1-step ahead,5.751611832444103e-4
gdp_growth,1,4.894436656180123,RW-trend,2.3059372988406324,71,2009-12-31,1-step ahead,2.588499357339491
inflation,1,1.012970793026762,RW-trend,1.3961359361985615,71,2009-12-31,1-step ahead,-0.3831651431717995
exch_rate,1,0.41542727662547135,RW-trend,0.41144550632339044,71,2009-12-31,1-step ahead,0.003981770302080911
gdp_growth,1,4.2765115590618725,MIDAS (trend),2.3059372988406324,71,2009-12-31,1-step ahead,1.9705742602212402
inflation,1,0.8746754649063799,MIDAS (trend),1.3961359361985615,71,2009-12-31,1-step ahead,-0.5214604712921815
exch_rate,1,0.4240932441212478,MIDAS (trend),0.41144550632339044,71,2009-12-31,1-step ahead,0.012647737797857384
gdp_growth,1,4.114747025558658,MIDAS,2.3059372988406324,71,2009-12-31,1-step ahead,1.8088097267180254
inflation,1,1.0815225478683443,MIDAS,1.3961359361985615,71,2009-12-31,1-step ahead,-0.3146133883302171
exch_rate,1,0.42418192694406176,MIDAS,0.41144550632339044,71,2009-12-31,1-step ahead,0.012736420620671318
exch_rate,1,0.4061831255720323,MF-VAR,0.3812497270353452,72,2010-03-31,1-step ahead,0.02493339853668708
gdp_growth,1,2.158834430296382,MF-VAR,4.238137800424369,72,2010-03-31,1-step ahead,-2.079303370127987
inflation,1,1.4053408069097328,MF-VAR,1.226856733439874,72,2010-03-31,1-step ahead,0.17848407346985895
gdp_growth,1,1.640979767403493,AR(2),4.238137800424369,72,2010-03-31,1-step ahead,-2.5971580330208757
inflation,1,1.0891562113970255,AR(2),1.226856733439874,72,2010-03-31,1-step ahead,-0.13770052204284844
exch_rate,1,0.4006377156837012,AR(2),0.3812497270353452,72,2010-03-31,1-step ahead,0.019387988648356003
gdp_growth,1,2.3614017018346596,RW-trend,4.238137800424369,72,2010-03-31,1-step ahead,-1.876736098589709
inflation,1,1.3598332092504049,RW-trend,1.226856733439874,72,2010-03-31,1-step ahead,0.13297647581053096
exch_rate,1,0.40832659714656167,RW-trend,0.3812497270353452,72,2010-03-31,1-step ahead,0.027076870111216456
gdp_growth,1,2.8307528762762386,MIDAS (trend),4.238137800424369,72,2010-03-31,1-step ahead,-1.40738492414813
inflation,1,1.0968240447210935,MIDAS (trend),1.226856733439874,72,2010-03-31,1-step ahead,-0.13003268871878038
exch_rate,1,0.41747199379879457,MIDAS (trend),0.3812497270353452,72,2010-03-31,1-step ahead,0.03622226676344936
gdp_growth,1,2.738615800232429,MIDAS,4.238137800424369,72,2010-03-31,1-step ahead,-1.4995220001919396
inflation,1,1.3255785564828924,MIDAS,1.226856733439874,72,2010-03-31,1-step ahead,0.09872182304301846
exch_rate,1,0.41814966124577857,MIDAS,0.3812497270353452,72,2010-03-31,1-step ahead,0.03689993421043336
exch_rate,1,0.3790426802997708,MF-VAR,0.3438589341528391,73,2010-06-30,1-step ahead,0.035183746146931705
gdp_growth,1,4.295875099099845,MF-VAR,3.40041314689401,73,2010-06-30,1-step ahead,0.8954619522058351
inflation,1,1.2299223788645641,MF-VAR,0.16517000512763502,73,2010-06-30,1-step ahead,1.064752373736929
gdp_growth,1,2.7262427226840686,AR(2),3.40041314689401,73,2010-06-30,1-step ahead,-0.6741704242099416
inflation,1,1.0189940020607071,AR(2),0.16517000512763502,73,2010-06-30,1-step ahead,0.8538239969330721
exch_rate,1,0.3705414295577108,AR(2),0.3438589341528391,73,2010-06-30,1-step ahead,0.02668249540487172
gdp_growth,1,4.320035106215434,RW-trend,3.40041314689401,73,2010-06-30,1-step ahead,0.9196219593214234
inflation,1,1.1886810983817095,RW-trend,0.16517000512763502,73,2010-06-30,1-step ahead,1.0235110932540745
exch_rate,1,0.3777494534907528,RW-trend,0.3438589341528391,73,2010-06-30,1-step ahead,0.033890519337913705
gdp_growth,1,2.8319153183102115,MIDAS (trend),3.40041314689401,73,2010-06-30,1-step ahead,-0.5684978285837987
inflation,1,0.9129977033781855,MIDAS (trend),0.16517000512763502,73,2010-06-30,1-step ahead,0.7478276982505505
exch_rate,1,0.3831973186252121,MIDAS (trend),0.3438589341528391,73,2010-06-30,1-step ahead,0.039338384472373034
gdp_growth,1,2.6911944670314085,MIDAS,3.40041314689401,73,2010-06-30,1-step ahead,-0.7092186798626017
inflation,1,1.0736820041579302,MIDAS,0.16517000512763502,73,2010-06-30,1-step ahead,0.9085119990302952
exch_rate,1,0.38455843893970215,MIDAS,0.3438589341528391,73,2010-06-30,1-step ahead,0.04069950478686307
exch_rate,1,0.3347259561845405,MF-VAR,0.28728995012732755,74,2010-09-30,1-step ahead,0.04743600605721293
gdp_growth,1,4.537257557081861,MF-VAR,2.3146320578845803,74,2010-09-30,1-step ahead,2.2226254991972807
inflation,1,0.0982611907850153,MF-VAR,-1.2357948897481208,74,2010-09-30,1-step ahead,1.334056080533136
gdp_growth,1,3.377216242320789,AR(2),2.3146320578845803,74,2010-09-30,1-step ahead,1.0625841844362087
inflation,1,0.47862124318053834,AR(2),-1.2357948897481208,74,2010-09-30,1-step ahead,1.7144161329286591
exch_rate,1,0.3242100154763336,AR(2),0.28728995012732755,74,2010-09-30,1-step ahead,0.03692006534900605
gdp_growth,1,3.4695379254722782,RW-trend,2.3146320578845803,74,2010-09-30,1-step ahead,1.154905867587698
inflation,1,0.1127789382187198,RW-trend,-1.2357948897481208,74,2010-09-30,1-step ahead,1.3485738279668407
exch_rate,1,0.33988795895077567,RW-trend,0.28728995012732755,74,2010-09-30,1-step ahead,0.05259800882344812
gdp_growth,1,1.538186809328281,MIDAS (trend),2.3146320578845803,74,2010-09-30,1-step ahead,-0.7764452485562994
inflation,1,0.30418644546119106,MIDAS (trend),-1.2357948897481208,74,2010-09-30,1-step ahead,1.539981335209312
exch_rate,1,0.3432213106030622,MIDAS (trend),0.28728995012732755,74,2010-09-30,1-step ahead,0.05593136047573466
gdp_growth,1,1.37103596684494,MIDAS,2.3146320578845803,74,2010-09-30,1-step ahead,-0.9435960910396404
inflation,1,0.4691843528997325,MIDAS,-1.2357948897481208,74,2010-09-30,1-step ahead,1.7049792426478532
exch_rate,1,0.3442635049798542,MIDAS,0.28728995012732755,74,2010-09-30,1-step ahead,0.05697355485252664
exch_rate,1,0.2851630472363347,MF-VAR,0.2804540035640118,75,2010-12-31,1-step ahead,0.004709043672322888
gdp_growth,1,1.2588342757377895,MF-VAR,2.9851898892317763,75,2010-12-31,1-step ahead,-1.7263556134939868
inflation,1,-1.209540996473333,MF-VAR,1.4865220414247204,75,2010-12-31,1-step ahead,-2.6960630378980532
gdp_growth,1,1.3818455761692001,AR(2),2.9851898892317763,75,2010-12-31,1-step ahead,-1.6033443130625762
inflation,1,-0.09339822214247646,AR(2),1.4865220414247204,75,2010-12-31,1-step ahead,-1.579920263567197
exch_rate,1,0.27299023596034433,AR(2),0.2804540035640118,75,2010-12-31,1-step ahead,-0.007463767603667459
gdp_growth,1,2.3679362081397293,RW-trend,2.9851898892317763,75,2010-12-31,1-step ahead,-0.617253681092047
inflation,1,-1.3066595707387736,RW-trend,1.4865220414247204,75,2010-12-31,1-step ahead,-2.793181612163494
exch_rate,1,0.28259845425644975,RW-trend,0.2804540035640118,75,2010-12-31,1-step ahead,0.0021444506924379603
gdp_growth,1,2.130655306733484,MIDAS (trend),2.9851898892317763,75,2010-12-31,1-step ahead,-0.8545345824982924
inflation,1,-0.381502752888513,MIDAS (trend),1.4865220414247204,75,2010-12-31,1-step ahead,-1.8680247943132335
exch_rate,1,0.29023438451411365,MIDAS (trend),0.2804540035640118,75,2010-12-31,1-step ahead,0.009780380950101863
gdp_growth,1,1.9303672321760617,MIDAS,2.9851898892317763,75,2010-12-31,1-step ahead,-1.0548226570557147
inflation,1,-0.19985225144222757,MIDAS,1.4865220414247204,75,2010-12-31,1-step ahead,-1.686374292866948
exch_rate,1,0.29012330478449333,MIDAS,0.2804540035640118,75,2010-12-31,1-step ahead,0.009669301220481541
exch_rate,1,0.27519162281265364,MF-VAR,0.2526987193052435,76,2011-03-31,1-step ahead,0.022492903507410122
gdp_growth,1,2.8380870206875257,MF-VAR,0.9218264974521162,76,2011-03-31,1-step ahead,1.9162605232354095
inflation,1,1.4957269121358918,MF-VAR,1.6593828157770218,76,2011-03-31,1-step ahead,-0.16365590364113003
gdp_growth,1,2.1341982453469983,AR(2),0.9218264974521162,76,2011-03-31,1-step ahead,1.2123717478948821
inflation,1,1.0863866182615805,AR(2),1.6593828157770218,76,2011-03-31,1-step ahead,-0.5729961975154414
exch_rate,1,0.2739835875866513,AR(2),0.2526987193052435,76,2011-03-31,1-step ahead,0.0212848682814078
gdp_growth,1,3.0468353054476283,RW-trend,0.9218264974521162,76,2011-03-31,1-step ahead,2.125008807995512
inflation,1,1.4534030578957366,RW-trend,1.6593828157770218,76,2011-03-31,1-step ahead,-0.2059797578812852
exch_rate,1,0.27573352862972267,RW-trend,0.2526987193052435,76,2011-03-31,1-step ahead,0.023034809324479155
gdp_growth,1,2.2136185086272975,MIDAS (trend),0.9218264974521162,76,2011-03-31,1-step ahead,1.2917920111751813
inflation,1,0.9338725690226346,MIDAS (trend),1.6593828157770218,76,2011-03-31,1-step ahead,-0.7255102467543872
exch_rate,1,0.2814032807374534,MIDAS (trend),0.2526987193052435,76,2011-03-31,1-step ahead,0.028704561432209896
gdp_growth,1,1.9695884911354982,MIDAS,0.9218264974521162,76,2011-03-31,1-step ahead,1.047761993683382
inflation,1,1.1465298446463252,MIDAS,1.6593828157770218,76,2011-03-31,1-step ahead,-0.5128529711306966
exch_rate,1,0.2812527189033712,MIDAS,0.2526987193052435,76,2011-03-31,1-step ahead,0.02855399959812771
exch_rate,1,0.2504916725696692,MF-VAR,0.22613183473557297,77,2011-06-30,1-step ahead,0.024359837834096232
gdp_growth,1,0.9795637961275933,MF-VAR,2.381733242372519,77,2011-06-30,1-step ahead,-1.4021694462449257
inflation,1,1.662448461201712,MF-VAR,-0.33666099620575096,77,2011-06-30,1-step ahead,1.999109457407463
gdp_growth,1,1.2585920354524527,AR(2),2.381733242372519,77,2011-06-30,1-step ahead,-1.1231412069200664
inflation,1,1.1614063000744888,AR(2),-0.33666099620575096,77,2011-06-30,1-step ahead,1.4980672962802397
exch_rate,1,0.2460746736557112,AR(2),0.22613183473557297,77,2011-06-30,1-step ahead,0.019942838920138234
gdp_growth,1,0.9551384628946948,RW-trend,2.381733242372519,77,2011-06-30,1-step ahead,-1.4265947794778242
inflation,1,1.6290102290197883,RW-trend,-0.33666099620575096,77,2011-06-30,1-step ahead,1.9656712252255393
exch_rate,1,0.24767111357996136,RW-trend,0.22613183473557297,77,2011-06-30,1-step ahead,0.021539278844388388
gdp_growth,1,0.6573722047500326,MIDAS (trend),2.381733242372519,77,2011-06-30,1-step ahead,-1.7243610376224865
inflation,1,1.006210449139006,MIDAS (trend),-0.33666099620575096,77,2011-06-30,1-step ahead,1.342871445344757
exch_rate,1,0.24793354331703807,MIDAS (trend),0.22613183473557297,77,2011-06-30,1-step ahead,0.0218017085814651
gdp_growth,1,0.46971493834175637,MIDAS,2.381733242372519,77,2011-06-30,1-step ahead,-1.9120183040307626
inflation,1,1.1689054254365774,MIDAS,-0.33666099620575096,77,2011-06-30,1-step ahead,1.5055664216423283
exch_rate,1,0.24698646389046236,MIDAS,0.22613183473557297,77,2011-06-30,1-step ahead,0.020854629154889393
exch_rate,1,0.21699885676727432,MF-VAR,0.1539348247449634,78,2011-09-30,1-step ahead,0.06306403202231092
gdp_growth,1,3.51857765256037,MF-VAR,-0.22728160580456347,78,2011-09-30,1-step ahead,3.7458592583649333
inflation,1,-0.4035698105483708,MF-VAR,-1.5076799099549731,78,2011-09-30,1-step ahead,1.1041100994066024
gdp_growth,1,3.1077093001493337,AR(2),-0.22728160580456347,78,2011-09-30,1-step ahead,3.334990905953897
inflation,1,0.233980504911572,AR(2),-1.5076799099549731,78,2011-09-30,1-step ahead,1.741660414866545
exch_rate,1,0.21349907510017366,AR(2),0.1539348247449634,78,2011-09-30,1-step ahead,0.05956425035521026
gdp_growth,1,2.433816191755595,RW-trend,-0.22728160580456347,78,2011-09-30,1-step ahead,2.6610977975601586
inflation,1,-0.3928976780317416,RW-trend,-1.5076799099549731,78,2011-09-30,1-step ahead,1.1147822319232317
exch_rate,1,0.22082081744654886,RW-trend,0.1539348247449634,78,2011-09-30,1-step ahead,0.06688599270158546
gdp_growth,1,0.5971116373122674,MIDAS (trend),-0.22728160580456347,78,2011-09-30,1-step ahead,0.8243932431168308
inflation,1,-0.020117531792842598,MIDAS (trend),-1.5076799099549731,78,2011-09-30,1-step ahead,1.4875623781621305
exch_rate,1,0.2105410010701712,MIDAS (trend),0.1539348247449634,78,2011-09-30,1-step ahead,0.05660617632520781
gdp_growth,1,0.31695263858618444,MIDAS,-0.22728160580456347,78,2011-09-30,1-step ahead,0.544234244390748
inflation,1,0.1669544454368255,MIDAS,-1.5076799099549731,78,2011-09-30,1-step ahead,1.6746343553917986
exch_rate,1,0.20944805775618544,MIDAS,0.1539348247449634,78,2011-09-30,1-step ahead,0.055513233011222046
exch_rate,1,0.15180792185397057,MF-VAR,0.20670745521640932,79,2011-12-31,1-step ahead,-0.054899533362438746
gdp_growth,1,-1.283079387951354,MF-VAR,1.2951414931997363,79,2011-12-31,1-step ahead,-2.5782208811510903
inflation,1,-1.4814260166801851,MF-VAR,-1.4455133656181118,79,2011-12-31,1-step ahead,-0.03591265106207331
gdp_growth,1,0.38697615069352864,AR(2),1.2951414931997363,79,2011-12-31,1-step ahead,-0.9081653425062076
inflation,1,-0.18572429339633642,AR(2),-1.4455133656181118,79,2011-12-31,1-step ahead,1.2597890722217755
exch_rate,1,0.15275186539342067,AR(2),0.20670745521640932,79,2011-12-31,1-step ahead,-0.05395558982298865
gdp_growth,1,-0.20975836807811243,RW-trend,1.2951414931997363,79,2011-12-31,1-step ahead,-1.5048998612778486
inflation,1,-1.578394283104642,RW-trend,-1.4455133656181118,79,2011-12-31,1-step ahead,-0.1328809174865302
exch_rate,1,0.14775515820007454,RW-trend,0.20670745521640932,79,2011-12-31,1-step ahead,-0.05895229701633478
gdp_growth,1,2.6459882989430867,MIDAS (trend),1.2951414931997363,79,2011-12-31,1-step ahead,1.3508468057433505
inflation,1,-0.2590827226140305,MIDAS (trend),-1.4455133656181118,79,2011-12-31,1-step ahead,1.1864306430040814
exch_rate,1,0.15517643562826317,MIDAS (trend),0.20670745521640932,79,2011-12-31,1-step ahead,-0.051531019588146154
gdp_growth,1,2.399538871892046,MIDAS,1.2951414931997363,79,2011-12-31,1-step ahead,1.1043973786923096
inflation,1,-0.04104516080622154,MIDAS,-1.4455133656181118,79,2011-12-31,1-step ahead,1.4044682048118904
exch_rate,1,0.15309953328008236,MIDAS,0.20670745521640932,79,2011-12-31,1-step ahead,-0.05360792193632696
exch_rate,1,0.20144507446505114,MF-VAR,0.18911385289994795,80,2012-03-31,1-step ahead,0.01233122156510319
gdp_growth,1,1.1480386246554857,MF-VAR,3.0819146330642866,80,2012-03-31,1-step ahead,-1.933876008408801
inflation,1,-1.436308494906941,MF-VAR,-0.17610269537762235,80,2012-03-31,1-step ahead,-1.2602057995293185
gdp_growth,1,1.4624362391355743,AR(2),3.0819146330642866,80,2012-03-31,1-step ahead,-1.6194783939287123
inflation,1,-0.1632313834808241,AR(2),-0.17610269537762235,80,2012-03-31,1-step ahead,0.012871311896798243
exch_rate,1,0.21639304097073805,AR(2),0.18911385289994795,80,2012-03-31,1-step ahead,0.027279188070790106
gdp_growth,1,1.3319583188912878,RW-trend,3.0819146330642866,80,2012-03-31,1-step ahead,-1.7499563141729988
inflation,1,-1.514524137261543,RW-trend,-0.17610269537762235,80,2012-03-31,1-step ahead,-1.3384214418839206
exch_rate,1,0.20128358735121707,RW-trend,0.18911385289994795,80,2012-03-31,1-step ahead,0.01216973445126912
gdp_growth,1,2.4980730705654506,MIDAS (trend),3.0819146330642866,80,2012-03-31,1-step ahead,-0.583841562498836
inflation,1,-0.44741532252630895,MIDAS (trend),-0.17610269537762235,80,2012-03-31,1-step ahead,-0.2713126271486866
exch_rate,1,0.21197338379508104,MIDAS (trend),0.18911385289994795,80,2012-03-31,1-step ahead,0.022859530895133096
gdp_growth,1,2.3196080207709584,MIDAS,3.0819146330642866,80,2012-03-31,1-step ahead,-0.7623066122933282
inflation,1,-0.2232262274804313,MIDAS,-0.17610269537762235,80,2012-03-31,1-step ahead,-0.04712353210280895
exch_rate,1,0.2111830981504914,MIDAS,0.18911385289994795,80,2012-03-31,1-step ahead,0.022069245250543462
exch_rate,1,0.18690680616437355,MF-VAR,0.18355762254752814,81,2012-06-30,1-step ahead,0.0033491836168454137
gdp_growth,1,3.1396519317397638,MF-VAR,1.4264963043501666,81,2012-06-30,1-step ahead,1.7131556273895971
inflation,1,-0.1730370499529324,MF-VAR,-0.6752451307267648,81,2012-06-30,1-step ahead,0.5022080807738325
gdp_growth,1,2.250848999312186,AR(2),1.4264963043501666,81,2012-06-30,1-step ahead,0.8243526949620192
inflation,1,0.39454154558012866,AR(2),-0.6752451307267648,81,2012-06-30,1-step ahead,1.0697866763068935
exch_rate,1,0.18822479875513892,AR(2),0.18355762254752814,81,2012-06-30,1-step ahead,0.004667176207610785
gdp_growth,1,3.1408828045048636,RW-trend,1.4264963043501666,81,2012-06-30,1-step ahead,1.714386500154697
inflation,1,-0.2281714234529028,RW-trend,-0.6752451307267648,81,2012-06-30,1-step ahead,0.44707370727386203
exch_rate,1,0.18353593776322064,RW-trend,0.18355762254752814,81,2012-06-30,1-step ahead,-2.168478430750187e-5
gdp_growth,1,2.696398019774155,MIDAS (trend),1.4264963043501666,81,2012-06-30,1-step ahead,1.2699017154239884
inflation,1,0.05456426348265854,MIDAS (trend),-0.6752451307267648,81,2012-06-30,1-step ahead,0.7298093942094234
exch_rate,1,0.18624997051847333,MIDAS (trend),0.18355762254752814,81,2012-06-30,1-step ahead,0.002692347970945197
gdp_growth,1,2.5118559146074544,MIDAS,1.4264963043501666,81,2012-06-30,1-step ahead,1.0853596102572878
inflation,1,0.29476946384532526,MIDAS,-0.6752451307267648,81,2012-06-30,1-step ahead,0.9700145945720902
exch_rate,1,0.18506040727407835,MIDAS,0.18355762254752814,81,2012-06-30,1-step ahead,0.0015027847265502159
exch_rate,1,0.17442464457922952,MF-VAR,0.1853786161572228,82,2012-09-30,1-step ahead,-0.010953971577993271
gdp_growth,1,2.5633407145380174,MF-VAR,1.6200665518610435,82,2012-09-30,1-step ahead,0.9432741626769738
inflation,1,-0.7421539450693846,MF-VAR,-0.1724719525295626,82,2012-09-30,1-step ahead,-0.569681992539822
gdp_growth,1,2.5748345654345695,AR(2),1.6200665518610435,82,2012-09-30,1-step ahead,0.9547680135735259
inflation,1,0.008856127024076593,AR(2),-0.1724719525295626,82,2012-09-30,1-step ahead,0.1813280795536392
exch_rate,1,0.17683656286940796,AR(2),0.1853786161572228,82,2012-09-30,1-step ahead,-0.008542053287814821
gdp_growth,1,1.4640346445388097,RW-trend,1.6200665518610435,82,2012-09-30,1-step ahead,-0.15603190732223382
inflation,1,-0.7329022801429685,RW-trend,-0.1724719525295626,82,2012-09-30,1-step ahead,-0.5604303276134059
exch_rate,1,0.17797997847060468,RW-trend,0.1853786161572228,82,2012-09-30,1-step ahead,-0.007398637686618109
gdp_growth,1,2.899043314103297,MIDAS (trend),1.6200665518610435,82,2012-09-30,1-step ahead,1.2789767622422534
inflation,1,-0.07093626665318743,MIDAS (trend),-0.1724719525295626,82,2012-09-30,1-step ahead,0.10153568587637517
exch_rate,1,0.1870948759867173,MIDAS (trend),0.1853786161572228,82,2012-09-30,1-step ahead,0.0017162598294945264
gdp_growth,1,2.7261490408631768,MIDAS,1.6200665518610435,82,2012-09-30,1-step ahead,1.1060824890021332
inflation,1,0.23095134480628418,MIDAS,-0.1724719525295626,82,2012-09-30,1-step ahead,0.4034232973358468
exch_rate,1,0.1865149408629703,MIDAS,0.1853786161572228,82,2012-09-30,1-step ahead,0.00113632470574751
exch_rate,1,0.1832517132662299,MF-VAR,0.18899237899492222,83,2012-12-31,1-step ahead,-0.005740665728692307
gdp_growth,1,0.5642687697142527,MF-VAR,1.4792843967988745,83,2012-12-31,1-step ahead,-0.9150156270846218
inflation,1,-0.1462180592547749,MF-VAR,-0.41842491171451,83,2012-12-31,1-step ahead,0.2722068524597351
gdp_growth,1,1.1909284855723636,AR(2),1.4792843967988745,83,2012-12-31,1-step ahead,-0.28835591122651083
inflation,1,0.3058829424448741,AR(2),-0.41842491171451,83,2012-12-31,1-step ahead,0.7243078541593841
exch_rate,1,0.18715339569240597,AR(2),0.18899237899492222,83,2012-12-31,1-step ahead,-0.0018389833025162505
gdp_growth,1,1.659531211893171,RW-trend,1.4792843967988745,83,2012-12-31,1-step ahead,0.18024681509429663
inflation,1,-0.2232102090122675,RW-trend,-0.41842491171451,83,2012-12-31,1-step ahead,0.1952147027022425
exch_rate,1,0.17989231328630695,RW-trend,0.18899237899492222,83,2012-12-31,1-step ahead,-0.009100065708615268
gdp_growth,1,1.1835174761435692,MIDAS (trend),1.4792843967988745,83,2012-12-31,1-step ahead,-0.2957669206553053
inflation,1,-0.07030959114190136,MIDAS (trend),-0.41842491171451,83,2012-12-31,1-step ahead,0.34811532057260863
exch_rate,1,0.17289413334637002,MIDAS (trend),0.18899237899492222,83,2012-12-31,1-step ahead,-0.016098245648552195
gdp_growth,1,1.0593652000523173,MIDAS,1.4792843967988745,83,2012-12-31,1-step ahead,-0.4199191967465572
inflation,1,0.23744260561217373,MIDAS,-0.41842491171451,83,2012-12-31,1-step ahead,0.6558675173266837
exch_rate,1,0.1724400484403149,MIDAS,0.18899237899492222,83,2012-12-31,1-step ahead,-0.01655233055460731
exch_rate,1,0.1837299982435641,MF-VAR,0.2054177839871981,84,2013-03-31,1-step ahead,-0.021687785743634003
gdp_growth,1,1.3321815282546239,MF-VAR,1.0100016065671014,84,2013-03-31,1-step ahead,0.3221799216875225
inflation,1,-0.40922004100333875,MF-VAR,-0.14744471825061112,84,2013-03-31,1-step ahead,-0.26177532275272763
gdp_growth,1,1.4748802889704113,AR(2),1.0100016065671014,84,2013-03-31,1-step ahead,0.46487868240331
inflation,1,0.15750175291227964,AR(2),-0.14744471825061112,84,2013-03-31,1-step ahead,0.30494647116289075
exch_rate,1,0.18651212094123637,AR(2),0.2054177839871981,84,2013-03-31,1-step ahead,-0.018905663045961724
gdp_growth,1,1.516550924939608,RW-trend,1.0100016065671014,84,2013-03-31,1-step ahead,0.5065493183725067
inflation,1,-0.4715438353033397,RW-trend,-0.14744471825061112,84,2013-03-31,1-step ahead,-0.3240991170527286
exch_rate,1,0.18361705253508706,RW-trend,0.2054177839871981,84,2013-03-31,1-step ahead,-0.021800731452111033
gdp_growth,1,2.604762288221705,MIDAS (trend),1.0100016065671014,84,2013-03-31,1-step ahead,1.5947606816546038
inflation,1,-0.037508299311703186,MIDAS (trend),-0.14744471825061112,84,2013-03-31,1-step ahead,0.10993641893890793
exch_rate,1,0.191924683003395,MIDAS (trend),0.2054177839871981,84,2013-03-31,1-step ahead,-0.013493100983803102
gdp_growth,1,2.4787139400692753,MIDAS,1.0100016065671014,84,2013-03-31,1-step ahead,1.468712333502174
inflation,1,0.26290096929021856,MIDAS,-0.14744471825061112,84,2013-03-31,1-step ahead,0.4103456875408297
exch_rate,1,0.19159788238445366,MIDAS,0.2054177839871981,84,2013-03-31,1-step ahead,-0.013819901602744433
exch_rate,1,0.2032107372516237,MF-VAR,0.2078204147579321,85,2013-06-30,1-step ahead,-0.004609677506308391
gdp_growth,1,1.0677389052425785,MF-VAR,3.478027327065547,85,2013-06-30,1-step ahead,-2.4102884218229685
inflation,1,-0.14437907282592116,MF-VAR,-0.6736048057234711,85,2013-06-30,1-step ahead,0.52922573289755
gdp_growth,1,1.3484237864075381,AR(2),3.478027327065547,85,2013-06-30,1-step ahead,-2.129603540658009
inflation,1,0.28167766968007807,AR(2),-0.6736048057234711,85,2013-06-30,1-step ahead,0.9552824754035492
exch_rate,1,0.20762879589051625,AR(2),0.2078204147579321,85,2013-06-30,1-step ahead,-1.916188674158381e-4
gdp_growth,1,1.0411651308720216,RW-trend,3.478027327065547,85,2013-06-30,1-step ahead,-2.4368621961935255
inflation,1,-0.1966588332002514,RW-trend,-0.6736048057234711,85,2013-06-30,1-step ahead,0.47694597252321974
exch_rate,1,0.2003051169424486,RW-trend,0.2078204147579321,85,2013-06-30,1-step ahead,-0.00751529781548349
gdp_growth,1,1.5861647138299924,MIDAS (trend),3.478027327065547,85,2013-06-30,1-step ahead,-1.8918626132355547
inflation,1,-0.016336606716632635,MIDAS (trend),-0.6736048057234711,85,2013-06-30,1-step ahead,0.6572681990068385
exch_rate,1,0.20144878138496097,MIDAS (trend),0.2078204147579321,85,2013-06-30,1-step ahead,-0.006371633372971114
gdp_growth,1,1.5115742669999117,MIDAS,3.478027327065547,85,2013-06-30,1-step ahead,-1.9664530600656354
inflation,1,0.30997318145356195,MIDAS,-0.6736048057234711,85,2013-06-30,1-step ahead,0.9835779871770332
exch_rate,1,0.20178279636569615,MIDAS,0.2078204147579321,85,2013-06-30,1-step ahead,-0.006037618392235933
exch_rate,1,0.1986874367896334,MF-VAR,0.21070269941413663,86,2013-09-30,1-step ahead,-0.012015262624503226
gdp_growth,1,4.614871737253398,MF-VAR,1.3988473066717688,86,2013-09-30,1-step ahead,3.216024430581629
inflation,1,-0.7405136200660908,MF-VAR,0.834383786435211,86,2013-09-30,1-step ahead,-1.574897406501302
gdp_growth,1,3.522328355890102,AR(2),1.3988473066717688,86,2013-09-30,1-step ahead,2.1234810492183334
inflation,1,-0.05235043518326718,AR(2),0.834383786435211,86,2013-09-30,1-step ahead,-0.8867342216184783
exch_rate,1,0.20019010542055016,AR(2),0.21070269941413663,86,2013-09-30,1-step ahead,-0.010512593993586478
gdp_growth,1,3.5382011156108666,RW-trend,1.3988473066717688,86,2013-09-30,1-step ahead,2.1393538089390978
inflation,1,-0.7284968489174355,RW-trend,0.834383786435211,86,2013-09-30,1-step ahead,-1.5628806353526465
exch_rate,1,0.20279721554431931,RW-trend,0.21070269941413663,86,2013-09-30,1-step ahead,-0.00790548386981732
gdp_growth,1,3.3941246569071826,MIDAS (trend),1.3988473066717688,86,2013-09-30,1-step ahead,1.9952773502354137
inflation,1,-0.2266185214816529,MIDAS (trend),0.834383786435211,86,2013-09-30,1-step ahead,-1.061002307916864
exch_rate,1,0.21211161326169417,MIDAS (trend),0.21070269941413663,86,2013-09-30,1-step ahead,0.0014089138475575358
gdp_growth,1,3.264362042113882,MIDAS,1.3988473066717688,86,2013-09-30,1-step ahead,1.865514735442113
inflation,1,0.061934473747102085,MIDAS,0.834383786435211,86,2013-09-30,1-step ahead,-0.772449312688109
exch_rate,1,0.21236590086602067,MIDAS,0.21070269941413663,86,2013-09-30,1-step ahead,0.0016632014518840332
exch_rate,1,0.2085757965231438,MF-VAR,0.20653410444455764,87,2013-12-31,1-step ahead,0.002041692078586177
gdp_growth,1,0.34304952452497794,MF-VAR,1.1092033223256692,87,2013-12-31,1-step ahead,-0.7661537978006913
inflation,1,0.8606376797099987,MF-VAR,-0.23765828907649222,87,2013-12-31,1-step ahead,1.0982959687864908
gdp_growth,1,1.0253181198915169,AR(2),1.1092033223256692,87,2013-12-31,1-step ahead,-0.08388520243415232
inflation,1,0.7217441188658341,AR(2),-0.23765828907649222,87,2013-12-31,1-step ahead,0.9594024079423263
exch_rate,1,0.21070339037219538,AR(2),0.20653410444455764,87,2013-12-31,1-step ahead,0.004169285927637739
gdp_growth,1,1.4338522268766283,RW-trend,1.1092033223256692,87,2013-12-31,1-step ahead,0.32464890455095907
inflation,1,0.7978785742453954,RW-trend,-0.23765828907649222,87,2013-12-31,1-step ahead,1.0355368633218878
exch_rate,1,0.20577250589310994,RW-trend,0.20653410444455764,87,2013-12-31,1-step ahead,-7.615985514476953e-4
gdp_growth,1,1.574433519301062,MIDAS (trend),1.1092033223256692,87,2013-12-31,1-step ahead,0.4652301969753927
inflation,1,0.4285022853014807,MIDAS (trend),-0.23765828907649222,87,2013-12-31,1-step ahead,0.6661605743779729
exch_rate,1,0.20677570354975763,MIDAS (trend),0.20653410444455764,87,2013-12-31,1-step ahead,2.415991051999966e-4
gdp_growth,1,1.4926216446355107,MIDAS,1.1092033223256692,87,2013-12-31,1-step ahead,0.3834183223098415
inflation,1,0.8024594087976269,MIDAS,-0.23765828907649222,87,2013-12-31,1-step ahead,1.0401176978741191
exch_rate,1,0.20733340979405127,MIDAS,0.20653410444455764,87,2013-12-31,1-step ahead,7.993053494936286e-4
exch_rate,1,0.20127172369319946,MF-VAR,0.20173675040022895,88,2014-03-31,1-step ahead,-4.650267070294978e-4
gdp_growth,1,0.9621004537814185,MF-VAR,1.478193505185743,88,2014-03-31,1-step ahead,-0.5160930514043246
inflation,1,-0.22845341836532085,MF-VAR,0.0695162588819187,88,2014-03-31,1-step ahead,-0.29796967724723955
gdp_growth,1,1.319037158701179,AR(2),1.478193505185743,88,2014-03-31,1-step ahead,-0.159156346484564
inflation,1,0.20153243135721244,AR(2),0.0695162588819187,88,2014-03-31,1-step ahead,0.13201617247529374
exch_rate,1,0.20139470973335996,AR(2),0.20173675040022895,88,2014-03-31,1-step ahead,-3.4204066686899237e-4
gdp_growth,1,1.140433255268308,RW-trend,1.478193505185743,88,2014-03-31,1-step ahead,-0.33776024991743503
inflation,1,-0.28620462758400417,RW-trend,0.0695162588819187,88,2014-03-31,1-step ahead,-0.35572088646592287
exch_rate,1,0.2016127667206408,RW-trend,0.20173675040022895,88,2014-03-31,1-step ahead,-1.239836795881577e-4
gdp_growth,1,1.4971678406287814,MIDAS (trend),1.478193505185743,88,2014-03-31,1-step ahead,0.01897433544303828
inflation,1,-0.14755250909708237,MIDAS (trend),0.0695162588819187,88,2014-03-31,1-step ahead,-0.21706876797900107
exch_rate,1,0.1999311309893809,MIDAS (trend),0.20173675040022895,88,2014-03-31,1-step ahead,-0.0018056194108480583
gdp_growth,1,1.4240529807924187,MIDAS,1.478193505185743,88,2014-03-31,1-step ahead,-0.054140524393324396
inflation,1,0.20918725113980047,MIDAS,0.0695162588819187,88,2014-03-31,1-step ahead,0.13967099225788177
exch_rate,1,0.20065135168436804,MIDAS,0.20173675040022895,88,2014-03-31,1-step ahead,-0.0010853987158609135
exch_rate,1,0.19952970366465456,MF-VAR,0.19818396975746416,89,2014-06-30,1-step ahead,0.001345733907190394
gdp_growth,1,1.5359308038612203,MF-VAR,2.614103412033586,89,2014-06-30,1-step ahead,-1.0781726081723657
inflation,1,0.07258190430660866,MF-VAR,-0.11363442369436427,89,2014-06-30,1-step ahead,0.18621632800097293
gdp_growth,1,1.5569247769619077,AR(2),2.614103412033586,89,2014-06-30,1-step ahead,-1.0571786350716783
inflation,1,0.34191089958700843,AR(2),-0.11363442369436427,89,2014-06-30,1-step ahead,0.4555453232813727
exch_rate,1,0.19999147374125495,AR(2),0.19818396975746416,89,2014-06-30,1-step ahead,0.001807503983790787
gdp_growth,1,1.513305739851571,RW-trend,2.614103412033586,89,2014-06-30,1-step ahead,-1.100797672182015
inflation,1,0.025058666195854187,RW-trend,-0.11363442369436427,89,2014-06-30,1-step ahead,0.13869308989021845
exch_rate,1,0.1968168377760775,RW-trend,0.19818396975746416,89,2014-06-30,1-step ahead,-0.00136713198138666
gdp_growth,1,1.7361676300884925,MIDAS (trend),2.614103412033586,89,2014-06-30,1-step ahead,-0.8779357819450935
inflation,1,0.036441602643758446,MIDAS (trend),-0.11363442369436427,89,2014-06-30,1-step ahead,0.15007602633812273
exch_rate,1,0.1992829124633037,MIDAS (trend),0.19818396975746416,89,2014-06-30,1-step ahead,0.0010989427058395451
gdp_growth,1,1.671456118576588,MIDAS,2.614103412033586,89,2014-06-30,1-step ahead,-0.942647293456998
inflation,1,0.37772468100240425,MIDAS,-0.11363442369436427,89,2014-06-30,1-step ahead,0.4913591046967685
exch_rate,1,0.1997479106049455,MIDAS,0.19818396975746416,89,2014-06-30,1-step ahead,0.0015639408474813488
exch_rate,1,0.18905099178916557,MF-VAR,0.19181740198939995,90,2014-09-30,1-step ahead,-0.0027664102002343816
gdp_growth,1,3.7509478222214367,MF-VAR,1.8520820016746598,90,2014-09-30,1-step ahead,1.898865820546777
inflation,1,-0.180543238036984,MF-VAR,0.12680945189309512,90,2014-09-30,1-step ahead,-0.30735268993007914
gdp_growth,1,3.123269246491706,AR(2),1.8520820016746598,90,2014-09-30,1-step ahead,1.271187244817046
inflation,1,0.1820884603202684,AR(2),0.12680945189309512,90,2014-09-30,1-step ahead,0.05527900842717329
exch_rate,1,0.1892999526335772,AR(2),0.19181740198939995,90,2014-09-30,1-step ahead,-0.0025174493558227373
gdp_growth,1,2.6617247111560274,RW-trend,1.8520820016746598,90,2014-09-30,1-step ahead,0.8096427094813676
inflation,1,-0.1596680742200903,RW-trend,0.12680945189309512,90,2014-09-30,1-step ahead,-0.28647752611318544
exch_rate,1,0.19327959272401027,RW-trend,0.19181740198939995,90,2014-09-30,1-step ahead,0.0014621907346103191
gdp_growth,1,1.8364785706867057,MIDAS (trend),1.8520820016746598,90,2014-09-30,1-step ahead,-0.015603430987954026
inflation,1,-0.15145110229809722,MIDAS (trend),0.12680945189309512,90,2014-09-30,1-step ahead,-0.27826055419119233
exch_rate,1,0.1881707776663568,MIDAS (trend),0.19181740198939995,90,2014-09-30,1-step ahead,-0.0036466243230431628
gdp_growth,1,1.7319160427350078,MIDAS,1.8520820016746598,90,2014-09-30,1-step ahead,-0.12016595893965198
inflation,1,0.205746882107044,MIDAS,0.12680945189309512,90,2014-09-30,1-step ahead,0.07893743021394889
exch_rate,1,0.18886075323291476,MIDAS,0.19181740198939995,90,2014-09-30,1-step ahead,-0.002956648756485186
exch_rate,1,0.18969049909840707,MF-VAR,0.1858948205856117,91,2014-12-31,1-step ahead,0.0037956785127953863
gdp_growth,1,0.7962842195278689,MF-VAR,1.599141753334976,91,2014-12-31,1-step ahead,-0.8028575338071072
inflation,1,0.1530633451678828,MF-VAR,-0.6642148148493732,91,2014-12-31,1-step ahead,0.817278160017256
gdp_growth,1,1.237391393434473,AR(2),1.599141753334976,91,2014-12-31,1-step ahead,-0.3617503599005032
inflation,1,0.3479051103988301,AR(2),-0.6642148148493732,91,2014-12-31,1-step ahead,1.0121199252482032
exch_rate,1,0.1904208643544738,AR(2),0.1858948205856117,91,2014-12-31,1-step ahead,0.00452604376886212
gdp_growth,1,1.890606191701805,RW-trend,1.599141753334976,91,2014-12-31,1-step ahead,0.291464438366829
inflation,1,0.08399464997538231,RW-trend,-0.6642148148493732,91,2014-12-31,1-step ahead,0.7482094648247555
exch_rate,1,0.18689659584656843,RW-trend,0.1858948205856117,91,2014-12-31,1-step ahead,0.0010017752609567387
gdp_growth,1,1.7009844524066222,MIDAS (trend),1.599141753334976,91,2014-12-31,1-step ahead,0.10184269907164611
inflation,1,0.0033018774582472157,MIDAS (trend),-0.6642148148493732,91,2014-12-31,1-step ahead,0.6675166923076203
exch_rate,1,0.18628495542878404,MIDAS (trend),0.1858948205856117,91,2014-12-31,1-step ahead,3.901348431723517e-4
gdp_growth,1,1.603874379973416,MIDAS,1.599141753334976,91,2014-12-31,1-step ahead,0.004732626638439985
inflation,1,0.34422682140551636,MIDAS,-0.6642148148493732,91,2014-12-31,1-step ahead,1.0084416362548896
exch_rate,1,0.18667586285728768,MIDAS,0.1858948205856117,91,2014-12-31,1-step ahead,7.810422716759968e-4
exch_rate,1,0.1806324398342535,MF-VAR,0.06798881203236086,92,2015-03-31,1-step ahead,0.11264362780189265
gdp_growth,1,1.4520388847907255,MF-VAR,0.9711204654408334,92,2015-03-31,1-step ahead,0.4809184193498921
inflation,1,-0.6550099441382019,MF-VAR,-2.259437764657335,92,2015-03-31,1-step ahead,1.604427820519133
gdp_growth,1,1.4974620207335527,AR(2),0.9711204654408334,92,2015-03-31,1-step ahead,0.5263415552927193
inflation,1,-0.024951759935044844,AR(2),-2.259437764657335,92,2015-03-31,1-step ahead,2.23448600472229
exch_rate,1,0.18056606316683443,AR(2),0.06798881203236086,92,2015-03-31,1-step ahead,0.11257725113447357
gdp_growth,1,1.6344274496024902,RW-trend,0.9711204654408334,92,2015-03-31,1-step ahead,0.6633069841616568
inflation,1,-0.7153430552651387,RW-trend,-2.259437764657335,92,2015-03-31,1-step ahead,1.5440947093921962
exch_rate,1,0.1809628836065473,RW-trend,0.06798881203236086,92,2015-03-31,1-step ahead,0.11297407157418644
gdp_growth,1,-0.7842748349803061,MIDAS (trend),0.9711204654408334,92,2015-03-31,1-step ahead,-1.7553953004211396
inflation,1,-0.7063645543937551,MIDAS (trend),-2.259437764657335,92,2015-03-31,1-step ahead,1.5530732102635798
exch_rate,1,0.1626534266496262,MIDAS (trend),0.06798881203236086,92,2015-03-31,1-step ahead,0.09466461461726534
gdp_growth,1,-0.8748320899820955,MIDAS,0.9711204654408334,92,2015-03-31,1-step ahead,-1.845952555422929
inflation,1,-0.5014860715469981,MIDAS,-2.259437764657335,92,2015-03-31,1-step ahead,1.757951693110337
exch_rate,1,0.16255537224808927,MIDAS,0.06798881203236086,92,2015-03-31,1-step ahead,0.09456656021572842
exch_rate,1,0.06578176529678653,MF-VAR,0.03978975285118029,93,2015-06-30,1-step ahead,0.02599201244560624
gdp_growth,1,1.0288577641163106,MF-VAR,2.106697582254924,93,2015-06-30,1-step ahead,-1.0778398181386133
inflation,1,-2.2563721192326454,MF-VAR,-1.6624900410167953,93,2015-06-30,1-step ahead,-0.59388207821585
gdp_growth,1,1.3218459368861208,AR(2),2.106697582254924,93,2015-06-30,1-step ahead,-0.784851645368803
inflation,1,-0.7667003060912407,AR(2),-1.6624900410167953,93,2015-06-30,1-step ahead,0.8957897349255546
exch_rate,1,0.08505349229220228,AR(2),0.03978975285118029,93,2015-06-30,1-step ahead,0.045263739441021994
gdp_growth,1,0.9991170739703071,RW-trend,2.106697582254924,93,2015-06-30,1-step ahead,-1.1075805082846166
inflation,1,-2.3275340788026853,RW-trend,-1.6624900410167953,93,2015-06-30,1-step ahead,-0.6650440377858899
exch_rate,1,0.06181540173929443,RW-trend,0.03978975285118029,93,2015-06-30,1-step ahead,0.02202564888811414
gdp_growth,1,2.4688613112644897,MIDAS (trend),2.106697582254924,93,2015-06-30,1-step ahead,0.36216372900956584
inflation,1,-0.9970126481052547,MIDAS (trend),-1.6624900410167953,93,2015-06-30,1-step ahead,0.6654773929115406
exch_rate,1,0.07154775678665792,MIDAS (trend),0.03978975285118029,93,2015-06-30,1-step ahead,0.03175800393547763
gdp_growth,1,2.295422544930934,MIDAS,2.106697582254924,93,2015-06-30,1-step ahead,0.18872496267601013
inflation,1,-0.7019574996475276,MIDAS,-1.6624900410167953,93,2015-06-30,1-step ahead,0.9605325413692677
exch_rate,1,0.0698362082111339,MIDAS,0.03978975285118029,93,2015-06-30,1-step ahead,0.03004645535995361
exch_rate,1,0.030656774882881658,MF-VAR,0.07039420799671822,94,2015-09-30,1-step ahead,-0.03973743311383657
gdp_growth,1,3.2435419924427746,MF-VAR,2.058633431244772,94,2015-09-30,1-step ahead,1.1849085611980028
inflation,1,-1.729398855359415,MF-VAR,-0.9592347762012565,94,2015-09-30,1-step ahead,-0.7701640791581585
gdp_growth,1,2.921964551860654,AR(2),2.058633431244772,94,2015-09-30,1-step ahead,0.8633311206158822
inflation,1,-0.5947252417426258,AR(2),-0.9592347762012565,94,2015-09-30,1-step ahead,0.36450953445863077
exch_rate,1,0.038564462354149405,AR(2),0.07039420799671822,94,2015-09-30,1-step ahead,-0.03182974564256882
gdp_growth,1,2.146733109352709,RW-trend,2.058633431244772,94,2015-09-30,1-step ahead,0.08809967810793706
inflation,1,-1.7233576156209944,RW-trend,-0.9592347762012565,94,2015-09-30,1-step ahead,-0.7641228394197379
exch_rate,1,0.03337693333106914,RW-trend,0.07039420799671822,94,2015-09-30,1-step ahead,-0.03701727466564908
gdp_growth,1,3.245522371384829,MIDAS (trend),2.058633431244772,94,2015-09-30,1-step ahead,1.186888940140057
inflation,1,-0.724521075410176,MIDAS (trend),-0.9592347762012565,94,2015-09-30,1-step ahead,0.23471370079108056
exch_rate,1,0.04676726214139017,MIDAS (trend),0.07039420799671822,94,2015-09-30,1-step ahead,-0.023626945855328055
gdp_growth,1,3.11948373288398,MIDAS,2.058633431244772,94,2015-09-30,1-step ahead,1.0608503016392081
inflation,1,-0.4553602601647667,MIDAS,-0.9592347762012565,94,2015-09-30,1-step ahead,0.5038745160364898
exch_rate,1,0.04439098804838721,MIDAS,0.07039420799671822,94,2015-09-30,1-step ahead,-0.026003219948331012
exch_rate,1,0.0682673051057254,MF-VAR,0.08129260887217096,95,2015-12-31,1-step ahead,-0.013025303766445562
gdp_growth,1,1.002835649097981,MF-VAR,1.0526399556638921,95,2015-12-31,1-step ahead,-0.04980430656591106
inflation,1,-0.9329808829264687,MF-VAR,-0.3874399693650332,95,2015-12-31,1-step ahead,-0.5455409135614355
gdp_growth,1,1.3370437488517093,AR(2),1.0526399556638921,95,2015-12-31,1-step ahead,0.28440379318781717
inflation,1,-0.24407088242365646,AR(2),-0.3874399693650332,95,2015-12-31,1-step ahead,0.14336908694137676
exch_rate,1,0.08357498592473055,AR(2),0.08129260887217096,95,2015-12-31,1-step ahead,0.002282377052559584
gdp_growth,1,2.0977216499758047,RW-trend,1.0526399556638921,95,2015-12-31,1-step ahead,1.0450816943119126
inflation,1,-1.0118859761880392,RW-trend,-0.3874399693650332,95,2015-12-31,1-step ahead,-0.624446006823006
exch_rate,1,0.06437942368806567,RW-trend,0.08129260887217096,95,2015-12-31,1-step ahead,-0.016913185184105298
gdp_growth,1,2.537453478921334,MIDAS (trend),1.0526399556638921,95,2015-12-31,1-step ahead,1.4848135232574418
inflation,1,-0.5241745516152281,MIDAS (trend),-0.3874399693650332,95,2015-12-31,1-step ahead,-0.13673458225019486
exch_rate,1,0.07265305725432031,MIDAS (trend),0.08129260887217096,95,2015-12-31,1-step ahead,-0.008639551617850655
gdp_growth,1,2.445785157781221,MIDAS,1.0526399556638921,95,2015-12-31,1-step ahead,1.3931452021173287
inflation,1,-0.21069877028568673,MIDAS,-0.3874399693650332,95,2015-12-31,1-step ahead,0.1767411990793465
exch_rate,1,0.07098777616343627,MIDAS,0.08129260887217096,95,2015-12-31,1-step ahead,-0.010304832708734696
exch_rate,1,0.07603022812081278,MF-VAR,0.09161859795823188,96,2016-03-31,1-step ahead,-0.015588369837419097
gdp_growth,1,0.9055370871196414,MF-VAR,2.1450318690909853,96,2016-03-31,1-step ahead,-1.2394947819713438
inflation,1,-0.37823509865386196,MF-VAR,-1.0170979845280925,96,2016-03-31,1-step ahead,0.6388628858742306
gdp_growth,1,1.2527724078538465,AR(2),2.1450318690909853,96,2016-03-31,1-step ahead,-0.8922594612371388
inflation,1,0.015618442897640245,AR(2),-1.0170979845280925,96,2016-03-31,1-step ahead,1.0327164274257328
exch_rate,1,0.0838526731839084,AR(2),0.09161859795823188,96,2016-03-31,1-step ahead,-0.007765924774323474
gdp_growth,1,1.0806102840299046,RW-trend,2.1450318690909853,96,2016-03-31,1-step ahead,-1.0644215850610808
inflation,1,-0.43344812672603916,RW-trend,-1.0170979845280925,96,2016-03-31,1-step ahead,0.5836498578020534
exch_rate,1,0.07545775206547697,RW-trend,0.09161859795823188,96,2016-03-31,1-step ahead,-0.016160845892754905
gdp_growth,1,2.1859842741907154,MIDAS (trend),2.1450318690909853,96,2016-03-31,1-step ahead,0.04095240509973008
inflation,1,-0.20711290864604057,MIDAS (trend),-1.0170979845280925,96,2016-03-31,1-step ahead,0.8099850758820519
exch_rate,1,0.08510282344850105,MIDAS (trend),0.09161859795823188,96,2016-03-31,1-step ahead,-0.006515774509730829
gdp_growth,1,2.1314134825324813,MIDAS,2.1450318690909853,96,2016-03-31,1-step ahead,-0.013618386558504003
inflation,1,0.20478682226175376,MIDAS,-1.0170979845280925,96,2016-03-31,1-step ahead,1.2218848067898462
exch_rate,1,0.08421259774094976,MIDAS,0.09161859795823188,96,2016-03-31,1-step ahead,-0.007406000217282119
exch_rate,1,0.0894115512226575,MF-VAR,0.09194299943479174,97,2016-06-30,1-step ahead,-0.0025314482121342463
gdp_growth,1,2.2027691677664625,MF-VAR,2.2563626720909724,97,2016-06-30,1-step ahead,-0.05359350432450993
inflation,1,-1.0140323391034023,MF-VAR,0.6812225212236456,97,2016-06-30,1-step ahead,-1.6952548603270479
gdp_growth,1,1.8173372375839976,AR(2),2.2563626720909724,97,2016-06-30,1-step ahead,-0.43902543450697484
inflation,1,-0.30853295804767494,AR(2),0.6812225212236456,97,2016-06-30,1-step ahead,-0.9897554792713206
exch_rate,1,0.09658755160134751,AR(2),0.09194299943479174,97,2016-06-30,1-step ahead,0.004644552166555765
gdp_growth,1,2.184206635194483,RW-trend,2.2563626720909724,97,2016-06-30,1-step ahead,-0.07215603689648953
inflation,1,-1.0692498246028044,RW-trend,0.6812225212236456,97,2016-06-30,1-step ahead,-1.75047234582645
exch_rate,1,0.08595385531883006,RW-trend,0.09194299943479174,97,2016-06-30,1-step ahead,-0.0059891441159616865
gdp_growth,1,2.283123857148563,MIDAS (trend),2.2563626720909724,97,2016-06-30,1-step ahead,0.02676118505759062
inflation,1,-0.6836520698851747,MIDAS (trend),0.6812225212236456,97,2016-06-30,1-step ahead,-1.3648745911088203
exch_rate,1,0.08926370521404994,MIDAS (trend),0.09194299943479174,97,2016-06-30,1-step ahead,-0.0026792942207417986
gdp_growth,1,2.235165163969246,MIDAS,2.2563626720909724,97,2016-06-30,1-step ahead,-0.021197508121726383
inflation,1,-0.375700458990553,MIDAS,0.6812225212236456,97,2016-06-30,1-step ahead,-1.0569229802141986
exch_rate,1,0.08839474071118177,MIDAS,0.09194299943479174,97,2016-06-30,1-step ahead,-0.003548258723609976
exch_rate,1,0.08281002146649313,MF-VAR,0.08517728867004369,98,2016-09-30,1-step ahead,-0.0023672672035505576
gdp_growth,1,3.393207082278823,MF-VAR,1.8436802290132448,98,2016-09-30,1-step ahead,1.5495268532655784
inflation,1,0.6143137068810258,MF-VAR,-0.02063600637605134,98,2016-09-30,1-step ahead,0.6349497132570772
gdp_growth,1,2.9310643971786243,AR(2),1.8436802290132448,98,2016-09-30,1-step ahead,1.0873841681653795
inflation,1,0.4515928158945718,AR(2),-0.02063600637605134,98,2016-09-30,1-step ahead,0.4722288222706231
exch_rate,1,0.08730206149046843,AR(2),0.08517728867004369,98,2016-09-30,1-step ahead,0.002124772820424739
gdp_growth,1,2.2962890635788082,RW-trend,1.8436802290132448,98,2016-09-30,1-step ahead,0.45260883456556344
inflation,1,0.6473047680846259,RW-trend,-0.02063600637605134,98,2016-09-30,1-step ahead,0.6679407744606772
exch_rate,1,0.08634064371326451,RW-trend,0.08517728867004369,98,2016-09-30,1-step ahead,0.0011633550432208206
gdp_growth,1,1.9465257408275944,MIDAS (trend),1.8436802290132448,98,2016-09-30,1-step ahead,0.10284551181434964
inflation,1,0.10160200308678055,MIDAS (trend),-0.02063600637605134,98,2016-09-30,1-step ahead,0.12223800946283189
exch_rate,1,0.08305050684274085,MIDAS (trend),0.08517728867004369,98,2016-09-30,1-step ahead,-0.0021267818273028455
gdp_growth,1,1.894327321841189,MIDAS,1.8436802290132448,98,2016-09-30,1-step ahead,0.05064709282794411
inflation,1,0.5955257502357802,MIDAS,-0.02063600637605134,98,2016-09-30,1-step ahead,0.6161617566118316
exch_rate,1,0.08255040571524425,MIDAS,0.08517728867004369,98,2016-09-30,1-step ahead,-0.002626882954799445
exch_rate,1,0.08305038577905081,MF-VAR,0.07687826554422175,99,2016-12-31,1-step ahead,0.006172120234829062
gdp_growth,1,0.7878824468664539,MF-VAR,-1.4473660669928279,99,2016-12-31,1-step ahead,2.2352485138592817
inflation,1,0.005617886898736359,MF-VAR,-0.1559044605578208,99,2016-12-31,1-step ahead,0.16152234745655716
gdp_growth,1,1.237899651852285,AR(2),-1.4473660669928279,99,2016-12-31,1-step ahead,2.6852657188451126
inflation,1,0.18692207002600444,AR(2),-0.1559044605578208,99,2016-12-31,1-step ahead,0.3428265305838253
exch_rate,1,0.08728246630537295,AR(2),0.07687826554422175,99,2016-12-31,1-step ahead,0.0104042007611512
gdp_growth,1,1.878940550041642,RW-trend,-1.4473660669928279,99,2016-12-31,1-step ahead,3.32630661703447
inflation,1,-0.06143974688064503,RW-trend,-0.1559044605578208,99,2016-12-31,1-step ahead,0.09446471367717578
exch_rate,1,0.07956293959755542,RW-trend,0.07687826554422175,99,2016-12-31,1-step ahead,0.002684674053333669
gdp_growth,1,2.103277787953827,MIDAS (trend),-1.4473660669928279,99,2016-12-31,1-step ahead,3.550643854946655
inflation,1,-0.17859715123763595,MIDAS (trend),-0.1559044605578208,99,2016-12-31,1-step ahead,-0.022692690679815136
exch_rate,1,0.0811695676529628,MIDAS (trend),0.07687826554422175,99,2016-12-31,1-step ahead,0.004291302108741055
gdp_growth,1,2.0537526661018104,MIDAS,-1.4473660669928279,99,2016-12-31,1-step ahead,3.5011187330946383
inflation,1,0.2632551652706899,MIDAS,-0.1559044605578208,99,2016-12-31,1-step ahead,0.4191596258285107
exch_rate,1,0.08075896188852466,MIDAS,0.07687826554422175,99,2016-12-31,1-step ahead,0.0038806963443029086
exch_rate,1,0.07161588479286363,MF-VAR,0.06697556595198635,100,2017-03-31,1-step ahead,0.004640318840877275
gdp_growth,1,-1.5944689355370785,MF-VAR,-0.7744714586458201,100,2017-03-31,1-step ahead,-0.8199974768912583
inflation,1,-0.14669958984664955,MF-VAR,1.4605424510055087,100,2017-03-31,1-step ahead,-1.6072420408521584
gdp_growth,1,0.23093756203417148,AR(2),-0.7744714586458201,100,2017-03-31,1-step ahead,1.0054090206799917
inflation,1,0.10512529127748449,AR(2),1.4605424510055087,100,2017-03-31,1-step ahead,-1.3554171597280242
exch_rate,1,0.07483173396047402,AR(2),0.06697556595198635,100,2017-03-31,1-step ahead,0.007856168008487666
gdp_growth,1,-1.4460476502198845,RW-trend,-0.7744714586458201,100,2017-03-31,1-step ahead,-0.6715761915740643
inflation,1,-0.1976721267121816,RW-trend,1.4605424510055087,100,2017-03-31,1-step ahead,-1.6582145777176902
exch_rate,1,0.0712365218385362,RW-trend,0.06697556595198635,100,2017-03-31,1-step ahead,0.004260955886549844
gdp_growth,1,1.1442727552265997,MIDAS (trend),-0.7744714586458201,100,2017-03-31,1-step ahead,1.9187442138724198
inflation,1,-0.12614658439995513,MIDAS (trend),1.4605424510055087,100,2017-03-31,1-step ahead,-1.586689035405464
exch_rate,1,0.07975643813077755,MIDAS (trend),0.06697556595198635,100,2017-03-31,1-step ahead,0.012780872178791203
gdp_growth,1,1.2038739985610665,MIDAS,-0.7744714586458201,100,2017-03-31,1-step ahead,1.9783454572068866
inflation,1,0.3458416685390445,MIDAS,1.4605424510055087,100,2017-03-31,1-step ahead,-1.114700782466464
exch_rate,1,0.07948409048149081,MIDAS,0.06697556595198635,100,2017-03-31,1-step ahead,0.012508524529504461
exch_rate,1,0.06476851921641197,MF-VAR,0.08014087135349082,101,2017-06-30,1-step ahead,-0.015372352137078854
gdp_growth,1,-0.7167341599703431,MF-VAR,-0.06648981411103705,101,2017-06-30,1-step ahead,-0.650244345859306
inflation,1,1.463608096430199,MF-VAR,0.13175457297407434,101,2017-06-30,1-step ahead,1.3318535234561246
gdp_growth,1,0.7009207327076186,AR(2),-0.06648981411103705,101,2017-06-30,1-step ahead,0.7674105468186556
inflation,1,0.8823073149681842,AR(2),0.13175457297407434,101,2017-06-30,1-step ahead,0.7505527419941098
exch_rate,1,0.06842180403011602,AR(2),0.08014087135349082,101,2017-06-30,1-step ahead,-0.011719067323374799
gdp_growth,1,-0.7663694439781891,RW-trend,-0.06648981411103705,101,2017-06-30,1-step ahead,-0.699879629867152
inflation,1,1.4355244270503167,RW-trend,0.13175457297407434,101,2017-06-30,1-step ahead,1.3037698540762424
exch_rate,1,0.0612907822878508,RW-trend,0.08014087135349082,101,2017-06-30,1-step ahead,-0.01885008906564002
gdp_growth,1,0.15891591955780632,MIDAS (trend),-0.06648981411103705,101,2017-06-30,1-step ahead,0.22540573366884337
inflation,1,0.48285284695494674,MIDAS (trend),0.13175457297407434,101,2017-06-30,1-step ahead,0.3510982739808724
exch_rate,1,0.05648369196717846,MIDAS (trend),0.08014087135349082,101,2017-06-30,1-step ahead,-0.023657179386312364
gdp_growth,1,0.2825577735582142,MIDAS,-0.06648981411103705,101,2017-06-30,1-step ahead,0.34904758766925126
inflation,1,1.0331331219658968,MIDAS,0.13175457297407434,101,2017-06-30,1-step ahead,0.9013785489918225
exch_rate,1,0.05597513221671141,MIDAS,0.08014087135349082,101,2017-06-30,1-step ahead,-0.024165739136779413
exch_rate,1,0.07100789338519216,MF-VAR,0.12273755270849815,102,2017-09-30,1-step ahead,-0.05172965932330599
gdp_growth,1,1.0703545960768135,MF-VAR,3.7807771518330924,102,2017-09-30,1-step ahead,-2.7104225557562787
inflation,1,0.06484575863145467,MF-VAR,0.4321476717876749,102,2017-09-30,1-step ahead,-0.3673019131562202
gdp_growth,1,2.0451135855598146,AR(2),3.7807771518330924,102,2017-09-30,1-step ahead,-1.7356635662732778
inflation,1,0.20969183697356994,AR(2),0.4321476717876749,102,2017-09-30,1-step ahead,-0.22245583481410494
exch_rate,1,0.07706539458044992,AR(2),0.12273755270849815,102,2017-09-30,1-step ahead,-0.04567215812804823
gdp_growth,1,-0.0513890031447346,RW-trend,3.7807771518330924,102,2017-09-30,1-step ahead,-3.832166154977827
inflation,1,0.09369885047811977,RW-trend,0.4321476717876749,102,2017-09-30,1-step ahead,-0.3384488213095551
exch_rate,1,0.07464458858001168,RW-trend,0.12273755270849815,102,2017-09-30,1-step ahead,-0.04809296412848647
gdp_growth,1,0.7314678582588713,MIDAS (trend),3.7807771518330924,102,2017-09-30,1-step ahead,-3.049309293574221
inflation,1,-0.11201555554167267,MIDAS (trend),0.4321476717876749,102,2017-09-30,1-step ahead,-0.5441632273293475
exch_rate,1,0.07177414175257188,MIDAS (trend),0.12273755270849815,102,2017-09-30,1-step ahead,-0.05096341095592627
gdp_growth,1,0.8490820270408971,MIDAS,3.7807771518330924,102,2017-09-30,1-step ahead,-2.931695124792195
inflation,1,0.3011453721092865,MIDAS,0.4321476717876749,102,2017-09-30,1-step ahead,-0.1310022996783884
exch_rate,1,0.07156597266194188,MIDAS,0.12273755270849815,102,2017-09-30,1-step ahead,-0.05117158004655627
exch_rate,1,0.12061064981750533,MF-VAR,0.15042495091831282,103,2017-12-31,1-step ahead,-0.02981430110080749
gdp_growth,1,2.724979369686302,MF-VAR,2.694701239883557,103,2017-12-31,1-step ahead,0.030278129802745024
inflation,1,0.45840156506246255,MF-VAR,1.179717110936096,103,2017-12-31,1-step ahead,-0.7213155458736334
gdp_growth,1,2.0970725119931766,AR(2),2.694701239883557,103,2017-12-31,1-step ahead,-0.5976287278903802
inflation,1,0.3832775231291518,AR(2),1.179717110936096,103,2017-12-31,1-step ahead,-0.7964395878069441
exch_rate,1,0.13070462258422194,AR(2),0.15042495091831282,103,2017-12-31,1-step ahead,-0.019720328334090875
gdp_growth,1,3.833820201957591,RW-trend,2.694701239883557,103,2017-12-31,1-step ahead,1.139118962074034
inflation,1,0.39744292772052775,RW-trend,1.179717110936096,103,2017-12-31,1-step ahead,-0.7822741832155682
exch_rate,1,0.11771743789668718,RW-trend,0.15042495091831282,103,2017-12-31,1-step ahead,-0.03270751302162564
gdp_growth,1,2.666217149761741,MIDAS (trend),2.694701239883557,103,2017-12-31,1-step ahead,-0.028484090121815964
inflation,1,0.02772728792040882,MIDAS (trend),1.179717110936096,103,2017-12-31,1-step ahead,-1.151989823015687
exch_rate,1,0.11734707733144506,MIDAS (trend),0.15042495091831282,103,2017-12-31,1-step ahead,-0.033077873586867756
gdp_growth,1,2.708874790926844,MIDAS,2.694701239883557,103,2017-12-31,1-step ahead,0.014173551043286992
inflation,1,0.47923768517298954,MIDAS,1.179717110936096,103,2017-12-31,1-step ahead,-0.7004794257631064
exch_rate,1,0.1184763432637866,MIDAS,0.15042495091831282,103,2017-12-31,1-step ahead,-0.031948607654526215
exch_rate,1,0.14516257016695464,MF-VAR,0.15264355829537735,104,2018-03-31,1-step ahead,-0.007480988128422711
gdp_growth,1,2.5475983713393062,MF-VAR,2.3240685470931055,104,2018-03-31,1-step ahead,0.22352982424620071
inflation,1,1.1889219816472671,MF-VAR,1.101666720053629,104,2018-03-31,1-step ahead,0.08725526159363817
gdp_growth,1,1.8161226765173173,AR(2),2.3240685470931055,104,2018-03-31,1-step ahead,-0.5079458705757882
inflation,1,0.7457110433446136,AR(2),1.101666720053629,104,2018-03-31,1-step ahead,-0.3559556767090154
exch_rate,1,0.14978954724567872,AR(2),0.15264355829537735,104,2018-03-31,1-step ahead,-0.0028540110496986237
gdp_growth,1,2.7365764570465454,RW-trend,2.3240685470931055,104,2018-03-31,1-step ahead,0.4125079099534399
inflation,1,1.1526817216063565,RW-trend,1.101666720053629,104,2018-03-31,1-step ahead,0.051015001552727535
exch_rate,1,0.14572549799887072,RW-trend,0.15264355829537735,104,2018-03-31,1-step ahead,-0.0069180602965066285
gdp_growth,1,1.085408932165609,MIDAS (trend),2.3240685470931055,104,2018-03-31,1-step ahead,-1.2386596149274964
inflation,1,0.19290112452763045,MIDAS (trend),1.101666720053629,104,2018-03-31,1-step ahead,-0.9087655955259986
exch_rate,1,0.1355698809571598,MIDAS (trend),0.15264355829537735,104,2018-03-31,1-step ahead,-0.017073677338217547
gdp_growth,1,1.1244793659237262,MIDAS,2.3240685470931055,104,2018-03-31,1-step ahead,-1.1995891811693793
inflation,1,0.6092244847657484,MIDAS,1.101666720053629,104,2018-03-31,1-step ahead,-0.49244223528788056
exch_rate,1,0.1368599821591079,MIDAS,0.15264355829537735,104,2018-03-31,1-step ahead,-0.015783576136269434
exch_rate,1,0.15043651155980295,MF-VAR,0.16068195758324189,105,2018-06-30,1-step ahead,-0.010245446023438937
gdp_growth,1,2.3818058457685827,MF-VAR,5.898443791783592,105,2018-06-30,1-step ahead,-3.5166379460150092
inflation,1,1.1047323654783192,MF-VAR,1.1917670724635343,105,2018-06-30,1-step ahead,-0.0870347069852151
gdp_growth,1,1.7892563480177524,AR(2),5.898443791783592,105,2018-06-30,1-step ahead,-4.1091874437658396
inflation,1,0.7264737656936611,AR(2),1.1917670724635343,105,2018-06-30,1-step ahead,-0.46529330676987324
exch_rate,1,0.1505152667301063,AR(2),0.16068195758324189,105,2018-06-30,1-step ahead,-0.010166690853135596
gdp_growth,1,2.361938833091498,RW-trend,5.898443791783592,105,2018-06-30,1-step ahead,-3.536504958692094
inflation,1,1.0741360394466783,RW-trend,1.1917670724635343,105,2018-06-30,1-step ahead,-0.11763103301685596
exch_rate,1,0.14801127100988193,RW-trend,0.16068195758324189,105,2018-06-30,1-step ahead,-0.012670686573359957
gdp_growth,1,2.2920106568011436,MIDAS (trend),5.898443791783592,105,2018-06-30,1-step ahead,-3.6064331349824483
inflation,1,0.511933749775295,MIDAS (trend),1.1917670724635343,105,2018-06-30,1-step ahead,-0.6798333226882393
exch_rate,1,0.15540862283494236,MIDAS (trend),0.16068195758324189,105,2018-06-30,1-step ahead,-0.005273334748299524
gdp_growth,1,2.2998898757302184,MIDAS,5.898443791783592,105,2018-06-30,1-step ahead,-3.5985539160533735
inflation,1,0.929251017185734,MIDAS,1.1917670724635343,105,2018-06-30,1-step ahead,-0.2625160552778003
exch_rate,1,0.15698204469841798,MIDAS,0.16068195758324189,105,2018-06-30,1-step ahead,-0.0036999128848239082
exch_rate,1,0.1515489796149433,MF-VAR,0.13431935861291822,106,2018-09-30,1-step ahead,0.017229621002025075
gdp_growth,1,7.035288201971443,MF-VAR,-1.3474872689180017,106,2018-09-30,1-step ahead,8.382775470889445
inflation,1,1.1248582581209146,MF-VAR,0.900397845668266,106,2018-09-30,1-step ahead,0.22446041245264858
gdp_growth,1,4.401102600984684,AR(2),-1.3474872689180017,106,2018-09-30,1-step ahead,5.748589869902686
inflation,1,0.7058771507217563,AR(2),0.900397845668266,106,2018-09-30,1-step ahead,-0.1945206949465097
exch_rate,1,0.151581817308818,AR(2),0.13431935861291822,106,2018-09-30,1-step ahead,0.01726245869589979
gdp_growth,1,5.970318933154023,RW-trend,-1.3474872689180017,106,2018-09-30,1-step ahead,7.317806202072025
inflation,1,1.165367459481746,RW-trend,0.900397845668266,106,2018-09-30,1-step ahead,0.26496961381348005
exch_rate,1,0.15617150382249032,RW-trend,0.13431935861291822,106,2018-09-30,1-step ahead,0.0218521452095721
gdp_growth,1,3.6020869075616275,MIDAS (trend),-1.3474872689180017,106,2018-09-30,1-step ahead,4.949574176479629
inflation,1,0.4603580499150399,MIDAS (trend),0.900397845668266,106,2018-09-30,1-step ahead,-0.44003979575322605
exch_rate,1,0.15356506883523185,MIDAS (trend),0.13431935861291822,106,2018-09-30,1-step ahead,0.01924571022231364
gdp_growth,1,3.521833845227799,MIDAS,-1.3474872689180017,106,2018-09-30,1-step ahead,4.869321114145801
inflation,1,0.8664012529596768,MIDAS,0.900397845668266,106,2018-09-30,1-step ahead,-0.033996592708589124
exch_rate,1,0.1554197934648072,MIDAS,0.13431935861291822,106,2018-09-30,1-step ahead,0.021100434851888977
exch_rate,1,0.13219245572192534,MF-VAR,0.1276031360069662,107,2018-12-31,1-step ahead,0.004589319714959128
gdp_growth,1,-2.4032850510647923,MF-VAR,1.1812191444398934,107,2018-12-31,1-step ahead,-3.5845041955046857
inflation,1,0.9266517389430536,MF-VAR,0.50798003818322,107,2018-12-31,1-step ahead,0.4186717007598336
gdp_growth,1,0.01509347725070112,AR(2),1.1812191444398934,107,2018-12-31,1-step ahead,-1.1661256671891922
inflation,1,0.6309868854038465,AR(2),0.50798003818322,107,2018-12-31,1-step ahead,0.12300684722062649
exch_rate,1,0.12765649342505053,AR(2),0.1276031360069662,107,2018-12-31,1-step ahead,5.335741808432104e-5
gdp_growth,1,-1.3453055199482562,RW-trend,1.1812191444398934,107,2018-12-31,1-step ahead,-2.5265246643881496
inflation,1,0.8714747125549207,RW-trend,0.50798003818322,107,2018-12-31,1-step ahead,0.3634946743717007
exch_rate,1,0.12960078918350404,RW-trend,0.1276031360069662,107,2018-12-31,1-step ahead,0.001997653176537828
gdp_growth,1,0.01338983995664053,MIDAS (trend),1.1812191444398934,107,2018-12-31,1-step ahead,-1.1678293044832528
inflation,1,0.2973806697520941,MIDAS (trend),0.50798003818322,107,2018-12-31,1-step ahead,-0.21059936843112592
exch_rate,1,0.125733633493566,MIDAS (trend),0.1276031360069662,107,2018-12-31,1-step ahead,-0.0018695025134002063
gdp_growth,1,0.06545748020154114,MIDAS,1.1812191444398934,107,2018-12-31,1-step ahead,-1.1157616642383523
inflation,1,0.6751686166012504,MIDAS,0.50798003818322,107,2018-12-31,1-step ahead,0.16718857841803036
exch_rate,1,0.12728297686434437,MIDAS,0.1276031360069662,107,2018-12-31,1-step ahead,-3.201591426218453e-4
exch_rate,1,0.12234075525560803,MF-VAR,0.12447116689910717,108,2019-03-31,1-step ahead,-0.0021304116434991416
gdp_growth,1,1.0341162758956428,MF-VAR,0.13144043677399964,108,2019-03-31,1-step ahead,0.9026758391216432
inflation,1,0.5171849088943913,MF-VAR,-0.15509153500232742,108,2019-03-31,1-step ahead,0.6722764438967187
gdp_growth,1,1.3582883901867957,AR(2),0.13144043677399964,108,2019-03-31,1-step ahead,1.226847953412796
inflation,1,0.43602896515949996,AR(2),-0.15509153500232742,108,2019-03-31,1-step ahead,0.5911205001618274
exch_rate,1,0.12067832103736517,AR(2),0.12447116689910717,108,2019-03-31,1-step ahead,-0.0037928458617420002
gdp_growth,1,1.2072360317529234,RW-trend,0.13144043677399964,108,2019-03-31,1-step ahead,1.0757955949789237
inflation,1,0.47562771002863224,RW-trend,-0.15509153500232742,108,2019-03-31,1-step ahead,0.6307192450309597
exch_rate,1,0.12286572079286773,RW-trend,0.12447116689910717,108,2019-03-31,1-step ahead,-0.0016054461062394443
gdp_growth,1,1.7340728929618268,MIDAS (trend),0.13144043677399964,108,2019-03-31,1-step ahead,1.6026324561878271
inflation,1,0.22485299007083098,MIDAS (trend),-0.15509153500232742,108,2019-03-31,1-step ahead,0.3799445250731584
exch_rate,1,0.12434049942281653,MIDAS (trend),0.12447116689910717,108,2019-03-31,1-step ahead,-1.306674762906468e-4
gdp_growth,1,1.754678257967127,MIDAS,0.13144043677399964,108,2019-03-31,1-step ahead,1.6232378211931273
inflation,1,0.6206931741890219,MIDAS,-0.15509153500232742,108,2019-03-31,1-step ahead,0.7757847091913493
exch_rate,1,0.1261706210649245,MIDAS,0.12447116689910717,108,2019-03-31,1-step ahead,0.0016994541658173212
exch_rate,1,0.12226412016353279,MF-VAR,0.11892652346100624,109,2019-06-30,1-step ahead,0.003337596702526549
gdp_growth,1,0.1891777354494767,MF-VAR,1.3597227019090496,109,2019-06-30,1-step ahead,-1.1705449664595728
inflation,1,-0.15202588957763735,MF-VAR,1.4366262966944987,109,2019-06-30,1-step ahead,-1.5886521862721361
gdp_growth,1,0.9897853772626263,AR(2),1.3597227019090496,109,2019-06-30,1-step ahead,-0.36993732464642337
inflation,1,0.10554354727629883,AR(2),1.4366262966944987,109,2019-06-30,1-step ahead,-1.3310827494181998
exch_rate,1,0.12185182928328064,AR(2),0.11892652346100624,109,2019-06-30,1-step ahead,0.0029253058222744044
gdp_growth,1,0.14740315964797424,RW-trend,1.3597227019090496,109,2019-06-30,1-step ahead,-1.2123195422610755
inflation,1,-0.19333843554038213,RW-trend,1.4366262966944987,109,2019-06-30,1-step ahead,-1.629964732234881
exch_rate,1,0.11974875585422588,RW-trend,0.11892652346100624,109,2019-06-30,1-step ahead,8.222323932196435e-4
gdp_growth,1,0.805878551014047,MIDAS (trend),1.3597227019090496,109,2019-06-30,1-step ahead,-0.5538441508950026
inflation,1,-0.22739541875969632,MIDAS (trend),1.4366262966944987,109,2019-06-30,1-step ahead,-1.664021715454195
exch_rate,1,0.11755388875692963,MIDAS (trend),0.11892652346100624,109,2019-06-30,1-step ahead,-0.001372634704076614
gdp_growth,1,0.8738325524525232,MIDAS,1.3597227019090496,109,2019-06-30,1-step ahead,-0.4858901494565264
inflation,1,0.09150391426832324,MIDAS,1.4366262966944987,109,2019-06-30,1-step ahead,-1.3451223824261755
exch_rate,1,0.11907917774036005,MIDAS,0.11892652346100624,109,2019-06-30,1-step ahead,1.5265427935380604e-4
exch_rate,1,0.10979354549270769,MF-VAR,0.09161599409455352,110,2019-09-30,1-step ahead,0.018177551398154163
gdp_growth,1,2.4965671120969004,MF-VAR,1.2127967227840486,110,2019-09-30,1-step ahead,1.2837703893128518
inflation,1,1.369717482351879,MF-VAR,-0.8629354217656982,110,2019-09-30,1-step ahead,2.232652904117577
gdp_growth,1,2.569577602810416,AR(2),1.2127967227840486,110,2019-09-30,1-step ahead,1.3567808800263674
inflation,1,0.7769575416781959,AR(2),-0.8629354217656982,110,2019-09-30,1-step ahead,1.6398929634438941
exch_rate,1,0.10846790150476757,AR(2),0.09161599409455352,110,2019-09-30,1-step ahead,0.016851907410214043
gdp_growth,1,1.386910605729886,RW-trend,1.2127967227840486,110,2019-09-30,1-step ahead,0.1741138829458373
inflation,1,1.4134716621956558,RW-trend,-0.8629354217656982,110,2019-09-30,1-step ahead,2.276407083961354
exch_rate,1,0.11419649915322476,RW-trend,0.09161599409455352,110,2019-09-30,1-step ahead,0.022580505058671235
gdp_growth,1,1.6502474526166795,MIDAS (trend),1.2127967227840486,110,2019-09-30,1-step ahead,0.4374507298326309
inflation,1,0.6999868039245356,MIDAS (trend),-0.8629354217656982,110,2019-09-30,1-step ahead,1.5629222256902338
exch_rate,1,0.11524027696776618,MIDAS (trend),0.09161599409455352,110,2019-09-30,1-step ahead,0.02362428287321265
gdp_growth,1,1.707608961344084,MIDAS,1.2127967227840486,110,2019-09-30,1-step ahead,0.4948122385600353
inflation,1,1.1269885616819444,MIDAS,-0.8629354217656982,110,2019-09-30,1-step ahead,1.9899239834476425
exch_rate,1,0.1169635886021172,MIDAS,0.09161599409455352,110,2019-09-30,1-step ahead,0.025347594507563673
exch_rate,1,0.08948909120356065,MF-VAR,0.09189658673335668,111,2019-12-31,1-step ahead,-0.002407495529796036
gdp_growth,1,0.15699894063725775,MF-VAR,2.598755881032133,111,2019-12-31,1-step ahead,-2.4417569403948756
inflation,1,-0.8366815284909104,MF-VAR,-0.6876495314639186,111,2019-12-31,1-step ahead,-0.14903199702699177
gdp_growth,1,1.0186317815548893,AR(2),2.598755881032133,111,2019-12-31,1-step ahead,-1.5801240994772439
inflation,1,-0.1686164109959268,AR(2),-0.6876495314639186,111,2019-12-31,1-step ahead,0.5190331204679918
exch_rate,1,0.08619914518866865,AR(2),0.09189658673335668,111,2019-12-31,1-step ahead,-0.005697441544688028
gdp_growth,1,1.2383872515319874,RW-trend,2.598755881032133,111,2019-12-31,1-step ahead,-1.3603686295001458
inflation,1,-0.906974524924737,RW-trend,-0.6876495314639186,111,2019-12-31,1-step ahead,-0.21932499346081835
exch_rate,1,0.0866788091899035,RW-trend,0.09189658673335668,111,2019-12-31,1-step ahead,-0.005217777543453178
gdp_growth,1,1.8604609033843713,MIDAS (trend),2.598755881032133,111,2019-12-31,1-step ahead,-0.7382949776477619
inflation,1,-0.47376599373368183,MIDAS (trend),-0.6876495314639186,111,2019-12-31,1-step ahead,0.21388353773023677
exch_rate,1,0.09009387655983561,MIDAS (trend),0.09189658673335668,111,2019-12-31,1-step ahead,-0.0018027101735210715
gdp_growth,1,1.9349481915903044,MIDAS,2.598755881032133,111,2019-12-31,1-step ahead,-0.6638076894418288
inflation,1,-0.12368527429599087,MIDAS,-0.6876495314639186,111,2019-12-31,1-step ahead,0.5639642571679278
exch_rate,1,0.0915505735503661,MIDAS,0.09189658673335668,111,2019-12-31,1-step ahead,-3.4601318299058714e-4
exch_rate,1,0.0866342059819985,MF-VAR,0.06468184825752378,112,2020-03-31,1-step ahead,0.021952357724474722
gdp_growth,1,2.4516530124878826,MF-VAR,-7.067810646740469,112,2020-03-31,1-step ahead,9.519463659228352
inflation,1,-0.6784446607527476,MF-VAR,-0.5383806198913987,112,2020-03-31,1-step ahead,-0.14006404086134883
gdp_growth,1,1.7790108564707743,AR(2),-7.067810646740469,112,2020-03-31,1-step ahead,8.846821503211244
inflation,1,-0.18487169642086299,AR(2),-0.5383806198913987,112,2020-03-31,1-step ahead,0.35350892347053575
exch_rate,1,0.08733005380078374,AR(2),0.06468184825752378,112,2020-03-31,1-step ahead,0.022648205543259955
gdp_growth,1,2.636713397320982,RW-trend,-7.067810646740469,112,2020-03-31,1-step ahead,9.70452404406145
inflation,1,-0.7296947710460409,RW-trend,-0.5383806198913987,112,2020-03-31,1-step ahead,-0.19131415115464212
exch_rate,1,0.08700683617001079,RW-trend,0.06468184825752378,112,2020-03-31,1-step ahead,0.022324987912487007
gdp_growth,1,2.3661219199939856,MIDAS (trend),-7.067810646740469,112,2020-03-31,1-step ahead,9.433932566734455
inflation,1,-0.33307147069404275,MIDAS (trend),-0.5383806198913987,112,2020-03-31,1-step ahead,0.205309149197356
exch_rate,1,0.10413130628980424,MIDAS (trend),0.06468184825752378,112,2020-03-31,1-step ahead,0.03944945803228046
gdp_growth,1,2.3955736819781595,MIDAS,-7.067810646740469,112,2020-03-31,1-step ahead,9.463384328718629
inflation,1,-0.1720726939977189,MIDAS,-0.5383806198913987,112,2020-03-31,1-step ahead,0.36630792589367983
exch_rate,1,0.10410044955874646,MIDAS,0.06468184825752378,112,2020-03-31,1-step ahead,0.03941860130122268
exch_rate,1,0.0624748015219494,MF-VAR,0.059182391088171235,113,2020-06-30,1-step ahead,0.0032924104337781618
gdp_growth,1,-7.010073348064991,MF-VAR,-27.833251932801062,113,2020-06-30,1-step ahead,20.82317858473607
inflation,1,-0.5353149744667087,MF-VAR,-2.654470813291354,113,2020-06-30,1-step ahead,2.1191558388246454
gdp_growth,1,-1.165963248111804,AR(2),-27.833251932801062,113,2020-06-30,1-step ahead,26.667288684689257
inflation,1,-0.12051271594075647,AR(2),-2.654470813291354,113,2020-06-30,1-step ahead,2.5339580973505975
exch_rate,1,0.05977931587183388,AR(2),0.059182391088171235,113,2020-06-30,1-step ahead,5.969247836626473e-4
gdp_growth,1,-7.117281274992714,RW-trend,-27.833251932801062,113,2020-06-30,1-step ahead,20.71597065780835
inflation,1,-0.578702308562218,RW-trend,-2.654470813291354,113,2020-06-30,1-step ahead,2.075768504729136
exch_rate,1,0.05959097167694827,RW-trend,0.059182391088171235,113,2020-06-30,1-step ahead,4.0858058877703274e-4
gdp_growth,1,0.6955272532431929,MIDAS (trend),-27.833251932801062,113,2020-06-30,1-step ahead,28.528779186044254
inflation,1,-1.3382936922115716,MIDAS (trend),-2.654470813291354,113,2020-06-30,1-step ahead,1.3161771210797826
exch_rate,1,0.003599468429238055,MIDAS (trend),0.059182391088171235,113,2020-06-30,1-step ahead,-0.05558292265893318
gdp_growth,1,1.1348913514227241,MIDAS,-27.833251932801062,113,2020-06-30,1-step ahead,28.968143284223785
inflation,1,-0.5120568688965159,MIDAS,-2.654470813291354,113,2020-06-30,1-step ahead,2.1424139443948382
exch_rate,1,0.007127005923851402,MIDAS,0.059182391088171235,113,2020-06-30,1-step ahead,-0.05205538516431983
exch_rate,1,0.05004941311987258,MF-VAR,0.07254644174085553,114,2020-09-30,1-step ahead,-0.022497028620982955
gdp_growth,1,-26.69640752261321,MF-VAR,28.019705798225658,114,2020-09-30,1-step ahead,-54.71611332083887
inflation,1,-2.721379627633974,MF-VAR,0.39094669766832624,114,2020-09-30,1-step ahead,-3.1123263253023
gdp_growth,1,-6.522498099226427,AR(2),28.019705798225658,114,2020-09-30,1-step ahead,-34.54220389745208
inflation,1,-1.1405169628564065,AR(2),0.39094669766832624,114,2020-09-30,1-step ahead,-1.5314636605247327
exch_rate,1,0.051003208651398874,AR(2),0.07254644174085553,114,2020-09-30,1-step ahead,-0.02154323308945666
gdp_growth,1,-28.067686584783736,RW-trend,28.019705798225658,114,2020-09-30,1-step ahead,-56.087392383009394
inflation,1,-2.7133261493258263,RW-trend,0.39094669766832624,114,2020-09-30,1-step ahead,-3.1042728469941525
exch_rate,1,0.0540878664666245,RW-trend,0.07254644174085553,114,2020-09-30,1-step ahead,-0.01845857527423103
gdp_growth,1,-4.5933862360194615,MIDAS (trend),28.019705798225658,114,2020-09-30,1-step ahead,-32.61309203424512
inflation,1,-0.3010436326787126,MIDAS (trend),0.39094669766832624,114,2020-09-30,1-step ahead,-0.6919903303470388
exch_rate,1,0.0945606075206454,MIDAS (trend),0.07254644174085553,114,2020-09-30,1-step ahead,0.022014165779789874
gdp_growth,1,-4.003875802199471,MIDAS,28.019705798225658,114,2020-09-30,1-step ahead,-32.02358160042513
inflation,1,-0.012279460530497046,MIDAS,0.39094669766832624,114,2020-09-30,1-step ahead,-0.4032261581988233
exch_rate,1,0.09535777126118519,MIDAS,0.07254644174085553,114,2020-09-30,1-step ahead,0.02281132952032966
exch_rate,1,0.07041953884986277,MF-VAR,0.07496664276390097,115,2020-12-31,1-step ahead,-0.004547103914038203
gdp_growth,1,26.963908016078864,MF-VAR,2.205063679566166,115,2020-12-31,1-step ahead,24.7588443365127
inflation,1,0.41720059094311385,MF-VAR,0.17231238982731156,115,2020-12-31,1-step ahead,0.24488820111580228
gdp_growth,1,0.6279836468454241,AR(2),2.205063679566166,115,2020-12-31,1-step ahead,-1.577080032720742
inflation,1,0.16903218502406384,AR(2),0.17231238982731156,115,2020-12-31,1-step ahead,-0.003280204803247727
exch_rate,1,0.07524875470541631,AR(2),0.07496664276390097,115,2020-12-31,1-step ahead,2.8211194151533947e-4
gdp_growth,1,28.281619751402356,RW-trend,2.205063679566166,115,2020-12-31,1-step ahead,26.07655607183619
inflation,1,0.3595628027576961,RW-trend,0.17231238982731156,115,2020-12-31,1-step ahead,0.18725041293038452
exch_rate,1,0.06761526734297456,RW-trend,0.07496664276390097,115,2020-12-31,1-step ahead,-0.007351375420926412
gdp_growth,1,-1.950184090203918,MIDAS (trend),2.205063679566166,115,2020-12-31,1-step ahead,-4.155247769770084
inflation,1,-0.19028097202108965,MIDAS (trend),0.17231238982731156,115,2020-12-31,1-step ahead,-0.3625933618484012
exch_rate,1,0.05425492380064982,MIDAS (trend),0.07496664276390097,115,2020-12-31,1-step ahead,-0.02071171896325115
gdp_growth,1,-1.1120032727232478,MIDAS,2.205063679566166,115,2020-12-31,1-step ahead,-3.317066952289414
inflation,1,0.13620662362602823,MIDAS,0.17231238982731156,115,2020-12-31,1-step ahead,-0.036105766201283335
exch_rate,1,0.05447060548526885,MIDAS,0.07496664276390097,115,2020-12-31,1-step ahead,-0.02049603727863212
exch_rate,1,0.06970426201254279,MF-VAR,0.08651203736449914,116,2021-03-31,1-step ahead,-0.01680777535195635
gdp_growth,1,2.0579608110219154,MF-VAR,2.4318148532721295,116,2021-03-31,1-step ahead,-0.3738540422502141
inflation,1,0.1815172605384829,MF-VAR,0.2776485073894719,116,2021-03-31,1-step ahead,-0.09613124685098898
gdp_growth,1,-1.0610234877424047,AR(2),2.4318148532721295,116,2021-03-31,1-step ahead,-3.4928383410145343
inflation,1,0.2206359662752503,AR(2),0.2776485073894719,116,2021-03-31,1-step ahead,-0.05701254111422158
exch_rate,1,0.07069266577971786,AR(2),0.08651203736449914,116,2021-03-31,1-step ahead,-0.015819371584781278
gdp_growth,1,2.238235912814477,RW-trend,2.4318148532721295,116,2021-03-31,1-step ahead,-0.19357894045765267
inflation,1,0.13928594743483588,RW-trend,0.2776485073894719,116,2021-03-31,1-step ahead,-0.138362559954636
exch_rate,1,0.07009995411532637,RW-trend,0.08651203736449914,116,2021-03-31,1-step ahead,-0.016412083249172774
gdp_growth,1,-1.1068092958800084,MIDAS (trend),2.4318148532721295,116,2021-03-31,1-step ahead,-3.538624149152138
inflation,1,-0.12508293380128413,MIDAS (trend),0.2776485073894719,116,2021-03-31,1-step ahead,-0.402731441190756
exch_rate,1,0.08461771150993476,MIDAS (trend),0.08651203736449914,116,2021-03-31,1-step ahead,-0.0018943258545643799
gdp_growth,1,-0.5721402792174504,MIDAS,2.4318148532721295,116,2021-03-31,1-step ahead,-3.0039551324895797
inflation,1,0.37353686111601064,MIDAS,0.2776485073894719,116,2021-03-31,1-step ahead,0.09588835372653876
exch_rate,1,0.0862728640587582,MIDAS,0.08651203736449914,116,2021-03-31,1-step ahead,-2.3917330574094176e-4
exch_rate,1,0.08430499062892476,MF-VAR,0.09350122260331158,117,2021-06-30,1-step ahead,-0.00919623197438682
gdp_growth,1,2.4895521519476067,MF-VAR,11.771812260042935,117,2021-06-30,1-step ahead,-9.282260108095329
inflation,1,0.28071415281416195,MF-VAR,1.0912758993917748,117,2021-06-30,1-step ahead,-0.8105617465776129
gdp_growth,1,1.1480135410060117,AR(2),11.771812260042935,117,2021-06-30,1-step ahead,-10.623798719036923
inflation,1,0.25414023856536594,AR(2),1.0912758993917748,117,2021-06-30,1-step ahead,-0.8371356608264089
exch_rate,1,0.08672570052967694,AR(2),0.09350122260331158,117,2021-06-30,1-step ahead,-0.006775522073634632
gdp_growth,1,2.466670381654855,RW-trend,11.771812260042935,117,2021-06-30,1-step ahead,-9.305141878388081
inflation,1,0.245825217692254,RW-trend,1.0912758993917748,117,2021-06-30,1-step ahead,-0.8454506816995209
exch_rate,1,0.08178806248330865,RW-trend,0.09350122260331158,117,2021-06-30,1-step ahead,-0.011713160120002925
gdp_growth,1,9.886646654550237,MIDAS (trend),11.771812260042935,117,2021-06-30,1-step ahead,-1.8851656054926984
inflation,1,0.7229494968801732,MIDAS (trend),1.0912758993917748,117,2021-06-30,1-step ahead,-0.36832640251160165
exch_rate,1,0.0919390569566859,MIDAS (trend),0.09350122260331158,117,2021-06-30,1-step ahead,-0.001562165646625674
gdp_growth,1,10.288159419731217,MIDAS,11.771812260042935,117,2021-06-30,1-step ahead,-1.4836528403117182
inflation,1,1.1770990168283233,MIDAS,1.0912758993917748,117,2021-06-30,1-step ahead,0.08582311743654847
exch_rate,1,0.09329326198299552,MIDAS,0.09350122260331158,117,2021-06-30,1-step ahead,-2.0796062031605556e-4
exch_rate,1,0.08436824463501291,MF-VAR,0.07922978993283807,118,2021-09-30,1-step ahead,0.005138454702174847
gdp_growth,1,12.908656670230785,MF-VAR,7.528200558540021,118,2021-09-30,1-step ahead,5.380456111690764
inflation,1,1.024367085049155,MF-VAR,1.6810527454161672,118,2021-09-30,1-step ahead,-0.6566856603670121
gdp_growth,1,1.4602368412271787,AR(2),7.528200558540021,118,2021-09-30,1-step ahead,-6.067963717312843
inflation,1,0.5517287035998188,AR(2),1.6810527454161672,118,2021-09-30,1-step ahead,-1.1293240418163484
exch_rate,1,0.08481264195695945,AR(2),0.07922978993283807,118,2021-09-30,1-step ahead,0.005582852024121385
gdp_growth,1,11.886884528756593,RW-trend,7.528200558540021,118,2021-09-30,1-step ahead,4.358683970216571
inflation,1,1.0667409776402426,RW-trend,1.6810527454161672,118,2021-09-30,1-step ahead,-0.6143117677759247
exch_rate,1,0.08887822324039697,RW-trend,0.07922978993283807,118,2021-09-30,1-step ahead,0.009648433307558907
gdp_growth,1,3.89564743681219,MIDAS (trend),7.528200558540021,118,2021-09-30,1-step ahead,-3.6325531217278315
inflation,1,0.49157141095874446,MIDAS (trend),1.6810527454161672,118,2021-09-30,1-step ahead,-1.1894813344574229
exch_rate,1,0.07992232210845562,MIDAS (trend),0.07922978993283807,118,2021-09-30,1-step ahead,6.925321756175579e-4
gdp_growth,1,4.186890015278617,MIDAS,7.528200558540021,118,2021-09-30,1-step ahead,-3.3413105432614048
inflation,1,0.8704794486042048,MIDAS,1.6810527454161672,118,2021-09-30,1-step ahead,-0.8105732968119624
exch_rate,1,0.08090240884491941,MIDAS,0.07922978993283807,118,2021-09-30,1-step ahead,0.0016726189120813417
exch_rate,1,0.07710288704184519,MF-VAR,0.05333528834149974,119,2021-12-31,1-step ahead,0.02376759870034545
gdp_growth,1,6.47240277639323,MF-VAR,0.5744345999069367,119,2021-12-31,1-step ahead,5.897968176486294
inflation,1,1.7073066386909548,MF-VAR,2.9053258054450026,119,2021-12-31,1-step ahead,-1.1980191667540478
gdp_growth,1,0.5600820089361285,AR(2),0.5744345999069367,119,2021-12-31,1-step ahead,-0.01435259097080821
inflation,1,0.9149101340323439,AR(2),2.9053258054450026,119,2021-12-31,1-step ahead,-1.9904156714126588
exch_rate,1,0.07499455133892863,AR(2),0.05333528834149974,119,2021-12-31,1-step ahead,0.021659262997428888
gdp_growth,1,7.606019118106528,RW-trend,0.5744345999069367,119,2021-12-31,1-step ahead,7.031584518199591
inflation,1,1.6617683515943436,RW-trend,2.9053258054450026,119,2021-12-31,1-step ahead,-1.243557453850659
exch_rate,1,0.07452432532797851,RW-trend,0.05333528834149974,119,2021-12-31,1-step ahead,0.021189036986478768
gdp_growth,1,1.2733058239289932,MIDAS (trend),0.5744345999069367,119,2021-12-31,1-step ahead,0.6988712240220565
inflation,1,0.6359048073019457,MIDAS (trend),2.9053258054450026,119,2021-12-31,1-step ahead,-2.269420998143057
exch_rate,1,0.06816534184924469,MIDAS (trend),0.05333528834149974,119,2021-12-31,1-step ahead,0.014830053507744953
gdp_growth,1,1.5749979076792213,MIDAS,0.5744345999069367,119,2021-12-31,1-step ahead,1.0005633077722846
inflation,1,1.1314311344693788,MIDAS,2.9053258054450026,119,2021-12-31,1-step ahead,-1.7738946709756238
exch_rate,1,0.06953083483088675,MIDAS,0.05333528834149974,119,2021-12-31,1-step ahead,0.016195546489387008
exch_rate,1,0.04807290759014156,MF-VAR,0.03629136242387352,120,2022-03-31,1-step ahead,0.011781545166268038
gdp_growth,1,0.427331731362686,MF-VAR,2.862969131881954,120,2022-03-31,1-step ahead,-2.435637400519268
inflation,1,2.9145306761561742,MF-VAR,2.4487738699512818,120,2022-03-31,1-step ahead,0.46575680620489246
gdp_growth,1,1.1495286847137742,AR(2),2.862969131881954,120,2022-03-31,1-step ahead,-1.7134404471681797
inflation,1,1.5060512554413403,AR(2),2.4487738699512818,120,2022-03-31,1-step ahead,-0.9427226145099414
exch_rate,1,0.04358886816264484,AR(2),0.03629136242387352,120,2022-03-31,1-step ahead,0.007297505738771318
gdp_growth,1,0.5926634601666673,RW-trend,2.862969131881954,120,2022-03-31,1-step ahead,-2.2703056717152865
inflation,1,2.896580034113439,RW-trend,2.4487738699512818,120,2022-03-31,1-step ahead,0.4478061641621571
exch_rate,1,0.04845025562658528,RW-trend,0.03629136242387352,120,2022-03-31,1-step ahead,0.012158893202711761
gdp_growth,1,2.9470876355011306,MIDAS (trend),2.862969131881954,120,2022-03-31,1-step ahead,0.08411850361917672
inflation,1,1.5972620025732052,MIDAS (trend),2.4487738699512818,120,2022-03-31,1-step ahead,-0.8515118673780766
exch_rate,1,0.04533952678291188,MIDAS (trend),0.03629136242387352,120,2022-03-31,1-step ahead,0.009048164359038359
gdp_growth,1,3.2595621528439316,MIDAS,2.862969131881954,120,2022-03-31,1-step ahead,0.3965930209619777
inflation,1,2.0660821979947572,MIDAS,2.4487738699512818,120,2022-03-31,1-step ahead,-0.38269167195652454
exch_rate,1,0.0461675716575602,MIDAS,0.03629136242387352,120,2022-03-31,1-step ahead,0.009876209233686678
exch_rate,1,0.03408431568829924,MF-VAR,0.027153709404771603,121,2022-06-30,1-step ahead,0.006930606283527638
gdp_growth,1,2.920706430557431,MF-VAR,4.56849934844854,121,2022-06-30,1-step ahead,-1.6477929178911093
inflation,1,2.4518395153759713,MF-VAR,4.516735213599077,121,2022-06-30,1-step ahead,-2.0648956982231055
gdp_growth,1,1.4065643371325574,AR(2),4.56849934844854,121,2022-06-30,1-step ahead,-3.161935011315983
inflation,1,1.390259716403919,AR(2),4.516735213599077,121,2022-06-30,1-step ahead,-3.126475497195158
exch_rate,1,0.03263918940967304,AR(2),0.027153709404771603,121,2022-06-30,1-step ahead,0.005485480004901434
gdp_growth,1,2.9002761910636616,RW-trend,4.56849934844854,121,2022-06-30,1-step ahead,-1.6682231573848787
inflation,1,2.436265021609952,RW-trend,4.516735213599077,121,2022-06-30,1-step ahead,-2.0804701919891246
exch_rate,1,0.03130415413582703,RW-trend,0.027153709404771603,121,2022-06-30,1-step ahead,0.004150444731055428
gdp_growth,1,0.9585536762226254,MIDAS (trend),4.56849934844854,121,2022-06-30,1-step ahead,-3.6099456722259147
inflation,1,1.155989538608908,MIDAS (trend),4.516735213599077,121,2022-06-30,1-step ahead,-3.3607456749901687
exch_rate,1,0.02264573426423683,MIDAS (trend),0.027153709404771603,121,2022-06-30,1-step ahead,-0.004507975140534772
gdp_growth,1,1.229496779823427,MIDAS,4.56849934844854,121,2022-06-30,1-step ahead,-3.339002568625113
inflation,1,1.4976553902070877,MIDAS,4.516735213599077,121,2022-06-30,1-step ahead,-3.019079823391989
exch_rate,1,0.022803874093771853,MIDAS,0.027153709404771603,121,2022-06-30,1-step ahead,-0.00434983531099975
exch_rate,1,0.018020731436472943,MF-VAR,-0.026739916121992047,122,2022-09-30,1-step ahead,0.04476064755846499
gdp_growth,1,5.705343758636391,MF-VAR,-1.4984497864681146,122,2022-09-30,1-step ahead,7.203793545104506
inflation,1,4.449826399256456,MF-VAR,3.320870259523545,122,2022-09-30,1-step ahead,1.128956139732911
gdp_growth,1,2.3006805969450115,AR(2),-1.4984497864681146,122,2022-09-30,1-step ahead,3.799130383413126
inflation,1,2.309332250415841,AR(2),3.320870259523545,122,2022-09-30,1-step ahead,-1.0115380091077042
exch_rate,1,0.017943647128371487,AR(2),-0.026739916121992047,122,2022-09-30,1-step ahead,0.04468356325036353
gdp_growth,1,4.619708267275122,RW-trend,-1.4984497864681146,122,2022-09-30,1-step ahead,6.118158053743237
inflation,1,4.521563616857656,RW-trend,3.320870259523545,122,2022-09-30,1-step ahead,1.200693357334111
exch_rate,1,0.022131914077299652,RW-trend,-0.026739916121992047,122,2022-09-30,1-step ahead,0.0488718301992917
gdp_growth,1,-0.26393665589925563,MIDAS (trend),-1.4984497864681146,122,2022-09-30,1-step ahead,1.234513130568859
inflation,1,2.505533628508189,MIDAS (trend),3.320870259523545,122,2022-09-30,1-step ahead,-0.8153366310153563
exch_rate,1,0.012017646904432156,MIDAS (trend),-0.026739916121992047,122,2022-09-30,1-step ahead,0.038757563026424205
gdp_growth,1,-0.04483040031442357,MIDAS,-1.4984497864681146,122,2022-09-30,1-step ahead,1.453619386153691
inflation,1,2.787947966270399,MIDAS,3.320870259523545,122,2022-09-30,1-step ahead,-0.5329222932531459
exch_rate,1,0.012232603071937886,MIDAS,-0.026739916121992047,122,2022-09-30,1-step ahead,0.03897251919392993
exch_rate,1,-0.028866819012984924,MF-VAR,-0.01686369046465063,123,2022-12-31,1-step ahead,-0.012003128548334293
gdp_growth,1,-2.554247568614905,MF-VAR,-0.0032996058919820825,123,2022-12-31,1-step ahead,-2.550947962722923
inflation,1,3.347124152798333,MF-VAR,1.4337160386958203,123,2022-12-31,1-step ahead,1.9134081141025128
gdp_growth,1,1.6636455854759182,AR(2),-0.0032996058919820825,123,2022-12-31,1-step ahead,1.6669451913679003
inflation,1,2.034486050019379,AR(2),1.4337160386958203,123,2022-12-31,1-step ahead,0.6007700113235588
exch_rate,1,-0.03151574313276253,AR(2),-0.01686369046465063,123,2022-12-31,1-step ahead,-0.014652052668111898
gdp_growth,1,-1.49780415734189,RW-trend,-0.0032996058919820825,123,2022-12-31,1-step ahead,-1.494504551449908
inflation,1,3.315775577184322,RW-trend,1.4337160386958203,123,2022-12-31,1-step ahead,1.8820595384885017
exch_rate,1,-0.03216561087259864,RW-trend,-0.01686369046465063,123,2022-12-31,1-step ahead,-0.015301920407948012
gdp_growth,1,2.908028982789244,MIDAS (trend),-0.0032996058919820825,123,2022-12-31,1-step ahead,2.911328588681226
inflation,1,2.290528237289246,MIDAS (trend),1.4337160386958203,123,2022-12-31,1-step ahead,0.8568121985934258
exch_rate,1,-0.023411837243263043,MIDAS (trend),-0.01686369046465063,123,2022-12-31,1-step ahead,-0.006548146778612412
gdp_growth,1,3.1696402693273944,MIDAS,-0.0032996058919820825,123,2022-12-31,1-step ahead,3.1729398752193765
inflation,1,2.5084082997434365,MIDAS,1.4337160386958203,123,2022-12-31,1-step ahead,1.0746922610476162
exch_rate,1,-0.02403267996535674,MIDAS,-0.01686369046465063,123,2022-12-31,1-step ahead,-0.007168989500706109
exch_rate,1,-0.022126071216008816,MF-VAR,-0.007646277114312552,124,2023-03-31,1-step ahead,-0.014479794101696263
gdp_growth,1,-0.15040247443623278,MF-VAR,-1.4211511197238735,124,2023-03-31,1-step ahead,1.2707486452876409
inflation,1,1.4429209094069912,MF-VAR,3.17581391503019,124,2023-03-31,1-step ahead,-1.7328930056231988
gdp_growth,1,1.7626944432826557,AR(2),-1.4211511197238735,124,2023-03-31,1-step ahead,3.183845563006529
inflation,1,1.0683873024854933,AR(2),3.17581391503019,124,2023-03-31,1-step ahead,-2.107426612544697
exch_rate,1,-0.016346030113761848,AR(2),-0.007646277114312552,124,2023-03-31,1-step ahead,-0.008699752999449296
gdp_growth,1,0.009596060541208904,RW-trend,-1.4211511197238735,124,2023-03-31,1-step ahead,1.4307471802650824
inflation,1,1.413194638828003,RW-trend,3.17581391503019,124,2023-03-31,1-step ahead,-1.762619276202187
exch_rate,1,-0.022163959638142897,RW-trend,-0.007646277114312552,124,2023-03-31,1-step ahead,-0.014517682523830344
gdp_growth,1,2.0163789986818794,MIDAS (trend),-1.4211511197238735,124,2023-03-31,1-step ahead,3.437530118405753
inflation,1,0.9942786733134139,MIDAS (trend),3.17581391503019,124,2023-03-31,1-step ahead,-2.181535241716776
exch_rate,1,-0.014900921455768766,MIDAS (trend),-0.007646277114312552,124,2023-03-31,1-step ahead,-0.007254644341456213
gdp_growth,1,2.314074614044231,MIDAS,-1.4211511197238735,124,2023-03-31,1-step ahead,3.7352257337681047
inflation,1,1.1855106055952864,MIDAS,3.17581391503019,124,2023-03-31,1-step ahead,-1.9903033094349036
exch_rate,1,-0.015322787609557804,MIDAS,-0.007646277114312552,124,2023-03-31,1-step ahead,-0.007676510495245252
exch_rate,1,-0.009853323849886943,MF-VAR,-0.021509631884717315,125,2023-06-30,1-step ahead,0.011656308034830372
gdp_growth,1,-1.3634138210483964,MF-VAR,-1.9508697250607554,125,2023-06-30,1-step ahead,0.587455904012359
inflation,1,3.17887956045488,MF-VAR,0.5501119867577842,125,2023-06-30,1-step ahead,2.628767573697096
gdp_growth,1,1.7108303282121722,AR(2),-1.9508697250607554,125,2023-06-30,1-step ahead,3.6617000532729276
inflation,1,1.8187000387300312,AR(2),0.5501119867577842,125,2023-06-30,1-step ahead,1.268588051972247
exch_rate,1,-0.0044641405143454535,AR(2),-0.021509631884717315,125,2023-06-30,1-step ahead,0.01704549137037186
gdp_growth,1,-1.4198875441871466,RW-trend,-1.9508697250607554,125,2023-06-30,1-step ahead,0.5309821808736088
inflation,1,3.1696227531802768,RW-trend,0.5501119867577842,125,2023-06-30,1-step ahead,2.6195107664224926
exch_rate,1,-0.012828516348586685,RW-trend,-0.021509631884717315,125,2023-06-30,1-step ahead,0.00868111553613063
gdp_growth,1,-0.5558201113988672,MIDAS (trend),-1.9508697250607554,125,2023-06-30,1-step ahead,1.3950496136618882
inflation,1,1.8144152201510175,MIDAS (trend),0.5501119867577842,125,2023-06-30,1-step ahead,1.2643032333932334
exch_rate,1,-0.021340660633610776,MIDAS (trend),-0.021509631884717315,125,2023-06-30,1-step ahead,1.6897125110653874e-4
gdp_growth,1,-0.1268649903624224,MIDAS,-1.9508697250607554,125,2023-06-30,1-step ahead,1.824004734698333
inflation,1,1.9764933993369833,MIDAS,0.5501119867577842,125,2023-06-30,1-step ahead,1.4263814125791991
exch_rate,1,-0.021404537218761684,MIDAS,-0.021509631884717315,125,2023-06-30,1-step ahead,1.0509466595563094e-4
exch_rate,1,-0.030642609853015864,MF-VAR,-0.03937898253147601,126,2023-09-30,1-step ahead,0.008736372678460145
gdp_growth,1,-0.8140253148729046,MF-VAR,0.28204712749158034,126,2023-09-30,1-step ahead,-1.096072442364485
inflation,1,0.4832031724151644,MF-VAR,1.2606093578710897,126,2023-09-30,1-step ahead,-0.7774061854559253
gdp_growth,1,2.9151724942317063,AR(2),0.28204712749158034,126,2023-09-30,1-step ahead,2.633125366740126
inflation,1,0.663739629202619,AR(2),1.2606093578710897,126,2023-09-30,1-step ahead,-0.5968697286684708
exch_rate,1,-0.029683948449861216,AR(2),-0.03937898253147601,126,2023-09-30,1-step ahead,0.009695034081614793
gdp_growth,1,-1.9538882638859125,RW-trend,0.28204712749158034,126,2023-09-30,1-step ahead,-2.2359353913774926
inflation,1,0.522795738081883,RW-trend,1.2606093578710897,126,2023-09-30,1-step ahead,-0.7378136197892068
exch_rate,1,-0.026761880115250568,RW-trend,-0.03937898253147601,126,2023-09-30,1-step ahead,0.012617102416225441
gdp_growth,1,-0.19624449837337543,MIDAS (trend),0.28204712749158034,126,2023-09-30,1-step ahead,-0.47829162586495577
inflation,1,0.3466415894570934,MIDAS (trend),1.2606093578710897,126,2023-09-30,1-step ahead,-0.9139677684139964
exch_rate,1,-0.02072683596381403,MIDAS (trend),-0.03937898253147601,126,2023-09-30,1-step ahead,0.018652146567661978
gdp_growth,1,0.2516179246437782,MIDAS,0.28204712749158034,126,2023-09-30,1-step ahead,-0.03042920284780215
inflation,1,0.5179781987514,MIDAS,1.2606093578710897,126,2023-09-30,1-step ahead,-0.7426311591196897
exch_rate,1,-0.020721091213526267,MIDAS,-0.03937898253147601,126,2023-09-30,1-step ahead,0.018657891317949742
exch_rate,1,-0.041505885422468886,MF-VAR,-0.046880815886738175,127,2023-12-31,1-step ahead,0.00537493046426929
gdp_growth,1,-0.7737506546552105,MF-VAR,0.9309495403961421,127,2023-12-31,1-step ahead,-1.7047001950513527
inflation,1,1.2868632511458773,MF-VAR,1.5459954544169818,127,2023-12-31,1-step ahead,-0.25913220327110453
gdp_growth,1,1.7768801691702927,AR(2),0.9309495403961421,127,2023-12-31,1-step ahead,0.8459306287741506
inflation,1,0.794390362458707,AR(2),1.5459954544169818,127,2023-12-31,1-step ahead,-0.7516050919582749
exch_rate,1,-0.039493116959399104,AR(2),-0.046880815886738175,127,2023-12-31,1-step ahead,0.007387698927339072
gdp_growth,1,0.29691607179744334,RW-trend,0.9309495403961421,127,2023-12-31,1-step ahead,-0.6340334685986988
inflation,1,1.2391956181535022,RW-trend,1.5459954544169818,127,2023-12-31,1-step ahead,-0.3067998362634796
exch_rate,1,-0.044732167581339063,RW-trend,-0.046880815886738175,127,2023-12-31,1-step ahead,0.0021486483053991118
gdp_growth,1,0.46989872836028906,MIDAS (trend),0.9309495403961421,127,2023-12-31,1-step ahead,-0.461050812035853
inflation,1,0.8869504216223294,MIDAS (trend),1.5459954544169818,127,2023-12-31,1-step ahead,-0.6590450327946524
exch_rate,1,-0.03455764293667773,MIDAS (trend),-0.046880815886738175,127,2023-12-31,1-step ahead,0.012323172950060447
gdp_growth,1,0.9444022317022155,MIDAS,0.9309495403961421,127,2023-12-31,1-step ahead,0.013452691306073405
inflation,1,1.0578272050151636,MIDAS,1.5459954544169818,127,2023-12-31,1-step ahead,-0.48816824940181824
exch_rate,1,-0.034669622517104634,MIDAS,-0.046880815886738175,127,2023-12-31,1-step ahead,0.012211193369633541
exch_rate,1,-0.052143196638096356,MF-VAR,-0.052092694858905865,128,2024-03-31,1-step ahead,-5.0501779190491314e-5
gdp_growth,1,0.7838466718518914,MF-VAR,4.0977257494837716,128,2024-03-31,1-step ahead,-3.31387907763188
inflation,1,1.555200325128153,MF-VAR,1.20167733791412,128,2024-03-31,1-step ahead,0.3535229872140331
gdp_growth,1,1.448080703254949,AR(2),4.0977257494837716,128,2024-03-31,1-step ahead,-2.6496450462288226
inflation,1,1.0239396853679548,AR(2),1.20167733791412,128,2024-03-31,1-step ahead,-0.17773765254616514
exch_rate,1,-0.049217700426208336,AR(2),-0.052092694858905865,128,2024-03-31,1-step ahead,0.0028749944326975294
gdp_growth,1,0.9508504963575501,RW-trend,4.0977257494837716,128,2024-03-31,1-step ahead,-3.1468752531262214
inflation,1,1.5270166340348188,RW-trend,1.20167733791412,128,2024-03-31,1-step ahead,0.3253392961206989
exch_rate,1,-0.05225105370092979,RW-trend,-0.052092694858905865,128,2024-03-31,1-step ahead,-1.5835884202392708e-4
gdp_growth,1,-0.7554332290126735,MIDAS (trend),4.0977257494837716,128,2024-03-31,1-step ahead,-4.853158978496445
inflation,1,0.8418471660552574,MIDAS (trend),1.20167733791412,128,2024-03-31,1-step ahead,-0.35983017185886246
exch_rate,1,-0.05537350574717164,MIDAS (trend),-0.052092694858905865,128,2024-03-31,1-step ahead,-0.0032808108882657755
gdp_growth,1,-0.29135173634050926,MIDAS,4.0977257494837716,128,2024-03-31,1-step ahead,-4.389077485824281
inflation,1,0.9865093997551146,MIDAS,1.20167733791412,128,2024-03-31,1-step ahead,-0.21516793815900526
exch_rate,1,-0.055824485950993596,MIDAS,-0.052092694858905865,128,2024-03-31,1-step ahead,-0.0037317910920877315
exch_rate,1,-0.054299741594480255,MF-VAR,-0.02679720863629812,129,2024-06-30,1-step ahead,-0.027502532958182134
gdp_growth,1,4.155463048159248,MF-VAR,1.9600339339092443,129,2024-06-30,1-step ahead,2.195429114250004
inflation,1,1.2047429833388101,MF-VAR,1.3948747405589046,129,2024-06-30,1-step ahead,-0.19013175722009446
gdp_growth,1,1.2160145078004687,AR(2),1.9600339339092443,129,2024-06-30,1-step ahead,-0.7440194261087756
inflation,1,0.8927455056655198,AR(2),1.3948747405589046,129,2024-06-30,1-step ahead,-0.5021292348933848
exch_rate,1,-0.05042466283272644,AR(2),-0.02679720863629812,129,2024-06-30,1-step ahead,-0.023627454196428317
gdp_growth,1,4.142405250745386,RW-trend,1.9600339339092443,129,2024-06-30,1-step ahead,2.182371316836142
inflation,1,1.180136790790849,RW-trend,1.3948747405589046,129,2024-06-30,1-step ahead,-0.2147379497680555
exch_rate,1,-0.05746168575308155,RW-trend,-0.02679720863629812,129,2024-06-30,1-step ahead,-0.030664477116783426
gdp_growth,1,4.078977263948515,MIDAS (trend),1.9600339339092443,129,2024-06-30,1-step ahead,2.1189433300392704
inflation,1,1.2286324571553342,MIDAS (trend),1.3948747405589046,129,2024-06-30,1-step ahead,-0.1662422834035704
exch_rate,1,-0.04348281620229483,MIDAS (trend),-0.02679720863629812,129,2024-06-30,1-step ahead,-0.016685607565996706
gdp_growth,1,4.404506100007831,MIDAS,1.9600339339092443,129,2024-06-30,1-step ahead,2.4444721660985866
inflation,1,1.3614674109256026,MIDAS,1.3948747405589046,129,2024-06-30,1-step ahead,-0.03340732963330195
exch_rate,1,-0.043757854340819156,MIDAS,-0.02679720863629812,129,2024-06-30,1-step ahead,-0.016960645704521035
exch_rate,1,-0.03593018660459678,MF-VAR,-0.049958817793634556,130,2024-09-30,1-step ahead,0.014028631189037778
gdp_growth,1,3.096878344097095,MF-VAR,1.7249375962080649,130,2024-09-30,1-step ahead,1.3719407478890302
inflation,1,1.3279659262162848,MF-VAR,0.04584411512098541,130,2024-09-30,1-step ahead,1.2821218110952994
gdp_growth,1,2.3203087360214525,AR(2),1.7249375962080649,130,2024-09-30,1-step ahead,0.5953711398133876
inflation,1,0.8823740221320735,AR(2),0.04584411512098541,130,2024-09-30,1-step ahead,0.8365299070110881
exch_rate,1,-0.02804934971127886,AR(2),-0.049958817793634556,130,2024-09-30,1-step ahead,0.021909468082355697
gdp_growth,1,1.9876636592580765,RW-trend,1.7249375962080649,130,2024-09-30,1-step ahead,0.26272606305001167
inflation,1,1.3750118336681967,RW-trend,0.04584411512098541,130,2024-09-30,1-step ahead,1.3291677185472113
exch_rate,1,-0.031926633302998934,RW-trend,-0.049958817793634556,130,2024-09-30,1-step ahead,0.018032184490635622
gdp_growth,1,0.9963344011272333,MIDAS (trend),1.7249375962080649,130,2024-09-30,1-step ahead,-0.7286031950808316
inflation,1,0.9660540819156754,MIDAS (trend),0.04584411512098541,130,2024-09-30,1-step ahead,0.92020996679469
exch_rate,1,-0.02888506438048506,MIDAS (trend),-0.049958817793634556,130,2024-09-30,1-step ahead,0.021073753413149498
gdp_growth,1,1.396854443013085,MIDAS,1.7249375962080649,130,2024-09-30,1-step ahead,-0.32808315319497994
inflation,1,1.0983434390628193,MIDAS,0.04584411512098541,130,2024-09-30,1-step ahead,1.0524993239418339
exch_rate,1,-0.028337055536283035,MIDAS,-0.049958817793634556,130,2024-09-30,1-step ahead,0.02162176225735152
exch_rate,1,-0.05208572068462732,MF-VAR,-0.06616821551812571,131,2024-12-31,1-step ahead,0.01408249483349839
gdp_growth,1,0.669139814061274,MF-VAR,1.3156274812899937,131,2024-12-31,1-step ahead,-0.6464876672287198
inflation,1,0.07209800839577306,MF-VAR,-0.025275077754116637,131,2024-12-31,1-step ahead,0.0973730861498897
gdp_growth,1,1.4729353917720749,AR(2),1.3156274812899937,131,2024-12-31,1-step ahead,0.15730791048208115
inflation,1,0.31545276807402567,AR(2),-0.025275077754116637,131,2024-12-31,1-step ahead,0.3407278458281423
exch_rate,1,-0.05157433688216628,AR(2),-0.06616821551812571,131,2024-12-31,1-step ahead,0.014593878635959429
gdp_growth,1,1.7505306854092226,RW-trend,1.3156274812899937,131,2024-12-31,1-step ahead,0.4349032041192289
inflation,1,0.01567758250510521,RW-trend,-0.025275077754116637,131,2024-12-31,1-step ahead,0.04095266025922185
exch_rate,1,-0.05522802683623177,RW-trend,-0.06616821551812571,131,2024-12-31,1-step ahead,0.01094018868189394
gdp_growth,1,-0.7856391231814647,MIDAS (trend),1.3156274812899937,131,2024-12-31,1-step ahead,-2.1012666044714585
inflation,1,-0.12855924400861457,MIDAS (trend),-0.025275077754116637,131,2024-12-31,1-step ahead,-0.10328416625449793
exch_rate,1,-0.06427215873205767,MIDAS (trend),-0.06616821551812571,131,2024-12-31,1-step ahead,0.0018960567860680372
gdp_growth,1,-0.4360769661371522,MIDAS,1.3156274812899937,131,2024-12-31,1-step ahead,-1.751704447427146
inflation,1,-7.52396244541004e-4,MIDAS,-0.025275077754116637,131,2024-12-31,1-step ahead,0.024522681509575633
exch_rate,1,-0.06466837353505059,MIDAS,-0.06616821551812571,131,2024-12-31,1-step ahead,0.001499841983075123
exch_rate,1,-0.07143059626948389,MF-VAR,-0.055630925582173515,132,2025-03-31,1-step ahead,-0.015799670687310377
gdp_growth,1,1.1685246127457432,MF-VAR,2.2430073144406037,132,2025-03-31,1-step ahead,-1.0744827016948606
inflation,1,-0.016070207042945324,MF-VAR,0.020479440281206962,132,2025-03-31,1-step ahead,-0.036549647324152286
gdp_growth,1,1.3596831978019086,AR(2),2.2430073144406037,132,2025-03-31,1-step ahead,-0.8833241166386951
inflation,1,0.1248952398569384,AR(2),0.020479440281206962,132,2025-03-31,1-step ahead,0.10441579957573144
exch_rate,1,-0.07001689493285286,AR(2),-0.055630925582173515,132,2025-03-31,1-step ahead,-0.014385969350679345
gdp_growth,1,1.3378751612286959,RW-trend,2.2430073144406037,132,2025-03-31,1-step ahead,-0.9051321532119079
inflation,1,-0.05575663083352937,RW-trend,0.020479440281206962,132,2025-03-31,1-step ahead,-0.07623607111473633
exch_rate,1,-0.07152157985827595,RW-trend,-0.055630925582173515,132,2025-03-31,1-step ahead,-0.015890654276102437
gdp_growth,1,4.250790541194821,MIDAS (trend),2.2430073144406037,132,2025-03-31,1-step ahead,2.007783226754217
inflation,1,0.41036221838394493,MIDAS (trend),0.020479440281206962,132,2025-03-31,1-step ahead,0.38988277810273797
exch_rate,1,-0.06260751872785901,MIDAS (trend),-0.055630925582173515,132,2025-03-31,1-step ahead,-0.006976593145685495
gdp_growth,1,4.558630429803377,MIDAS,2.2430073144406037,132,2025-03-31,1-step ahead,2.315623115362773
inflation,1,0.5460255514727651,MIDAS,0.020479440281206962,132,2025-03-31,1-step ahead,0.5255461111915581
exch_rate,1,-0.06299836595646424,MIDAS,-0.055630925582173515,132,2025-03-31,1-step ahead,-0.007367440374290726
exch_rate,1,-0.057837972317747906,MF-VAR,-0.06491370262045415,133,2025-06-30,1-step ahead,0.007075730302706244
gdp_growth,1,2.300744613116081,MF-VAR,-0.09620412701139003,133,2025-06-30,1-step ahead,2.396948740127471
inflation,1,0.02354508570589703,MF-VAR,0.08229123314116293,133,2025-06-30,1-step ahead,-0.058746147435265905
gdp_growth,1,1.3162189815310943,AR(2),-0.09620412701139003,133,2025-06-30,1-step ahead,1.4124231085424843
inflation,1,0.133289410503976,AR(2),0.08229123314116293,133,2025-06-30,1-step ahead,0.05099817736281306
exch_rate,1,-0.051979061756316315,AR(2),-0.06491370262045415,133,2025-06-30,1-step ahead,0.012934640864137835
gdp_growth,1,2.2721644001290153,RW-trend,-0.09620412701139003,133,2025-06-30,1-step ahead,2.3683685271404054
inflation,1,-0.009420158056871828,RW-trend,0.08229123314116293,133,2025-06-30,1-step ahead,-0.09171139119803476
exch_rate,1,-0.06086298721792603,RW-trend,-0.06491370262045415,133,2025-06-30,1-step ahead,0.004050715402528118
gdp_growth,1,-0.6923342677590737,MIDAS (trend),-0.09620412701139003,133,2025-06-30,1-step ahead,-0.5961301407476837
inflation,1,-0.16947975531605677,MIDAS (trend),0.08229123314116293,133,2025-06-30,1-step ahead,-0.2517709884572197
exch_rate,1,-0.06742845626763015,MIDAS (trend),-0.06491370262045415,133,2025-06-30,1-step ahead,-0.002514753647176002
gdp_growth,1,-0.3044696029994458,MIDAS,-0.09620412701139003,133,2025-06-30,1-step ahead,-0.20826547598805578
inflation,1,-0.020758927929157827,MIDAS,0.08229123314116293,133,2025-06-30,1-step ahead,-0.10305016107032076
exch_rate,1,-0.06736222040693737,MIDAS,-0.06491370262045415,133,2025-06-30,1-step ahead,-0.002448517786483223
exch_rate,1,-0.07404668058875281,MF-VAR,-0.06684019298606815,134,2025-09-30,1-step ahead,-0.007206487602684664
gdp_growth,1,1.0406402831764607,MF-VAR,-0.3289627178062915,134,2025-09-30,1-step ahead,1.3696030009827522
inflation,1,0.015382418798543157,MF-VAR,0.6122884651894367,134,2025-09-30,1-step ahead,-0.5969060463908935
gdp_growth,1,2.5408223481187857,AR(2),-0.3289627178062915,134,2025-09-30,1-step ahead,2.869785065925077
inflation,1,0.09813277202745266,AR(2),0.6122884651894367,134,2025-09-30,1-step ahead,-0.5141556931619841
exch_rate,1,-0.07209679888757367,AR(2),-0.06684019298606815,134,2025-09-30,1-step ahead,-0.0052566059015055205
gdp_growth,1,-0.08498922713464839,RW-trend,-0.3289627178062915,134,2025-09-30,1-step ahead,0.2439734906716431
inflation,1,0.05308641806973596,RW-trend,0.6122884651894367,134,2025-09-30,1-step ahead,-0.5592020471197008
exch_rate,1,-0.0701764514941046,RW-trend,-0.06684019298606815,134,2025-09-30,1-step ahead,-0.003336258508036455
gdp_growth,1,4.313449049894852,MIDAS (trend),-0.3289627178062915,134,2025-09-30,1-step ahead,4.642411767701144
inflation,1,0.49131257849223725,MIDAS (trend),0.6122884651894367,134,2025-09-30,1-step ahead,-0.12097588669719944
exch_rate,1,-0.06467999813673121,MIDAS (trend),-0.06684019298606815,134,2025-09-30,1-step ahead,0.0021601948493369383
gdp_growth,1,4.618966792588181,MIDAS,-0.3289627178062915,134,2025-09-30,1-step ahead,4.947929510394473
inflation,1,0.6178893328498369,MIDAS,0.6122884651894367,134,2025-09-30,1-step ahead,0.005600867660400244
exch_rate,1,-0.0651137400967199,MIDAS,-0.06684019298606815,134,2025-09-30,1-step ahead,0.0017264528893482511
